date,station_id,region_name,status,alert_type,source,anomaly_score,threshold_p95,threshold_p99,threshold_p995,rr_mm,rain_3d_mm,rain_7d_mm,ff_x,ff_avg,triggers
2018-03-28,96851,Kab. Sleman,NORMAL,NORMAL,LSTM_AUTOENCODER,2.595639228820801,5.292897081375118,9.178507280349733,9.473002943992615,0.3,24.3,49.0,4.0,2.0,
2018-03-29,96851,Kab. Sleman,NORMAL,NORMAL,LSTM_AUTOENCODER,2.5496044158935547,5.292897081375118,9.178507280349733,9.473002943992615,2.2,15.7,49.8,3.0,2.0,
2018-03-30,96851,Kab. Sleman,NORMAL,NORMAL,LSTM_AUTOENCODER,2.5599541664123535,5.292897081375118,9.178507280349733,9.473002943992615,0.0,2.5,49.8,3.0,2.0,
2018-03-31,96851,Kab. Sleman,NORMAL,NORMAL,LSTM_AUTOENCODER,2.5628252029418945,5.292897081375118,9.178507280349733,9.473002943992615,0.0,2.2,45.1,4.0,1.0,
2018-04-01,96851,Kab. Sleman,NORMAL,NORMAL,LSTM_AUTOENCODER,2.559234142303467,5.292897081375118,9.178507280349733,9.473002943992615,0.5,0.5,27.0,4.0,2.0,
2018-04-02,96851,Kab. Sleman,NORMAL,NORMAL,LSTM_AUTOENCODER,2.5808353424072266,5.292897081375118,9.178507280349733,9.473002943992615,0.0,0.5,16.199999999999996,2.0,1.0,
2018-04-03,96851,Kab. Sleman,NORMAL,NORMAL,LSTM_AUTOENCODER,2.917196273803711,5.292897081375118,9.178507280349733,9.473002943992615,51.4,51.9,54.39999999999999,3.0,2.0,
2018-04-04,96851,Kab. Sleman,NORMAL,NORMAL,LSTM_AUTOENCODER,3.186340808868408,5.292897081375118,9.178507280349733,9.473002943992615,0.0,51.4,54.1,3.0,2.0,
2018-04-05,96851,Kab. Sleman,NORMAL,NORMAL,LSTM_AUTOENCODER,3.1748578548431396,5.292897081375118,9.178507280349733,9.473002943992615,0.0,51.4,51.9,3.0,1.0,
2018-04-06,96851,Kab. Sleman,NORMAL,NORMAL,LSTM_AUTOENCODER,3.1390204429626465,5.292897081375118,9.178507280349733,9.473002943992615,8.0,8.0,59.9,4.0,1.0,
2018-04-07,96851,Kab. Sleman,NORMAL,NORMAL,LSTM_AUTOENCODER,2.217378854751587,5.292897081375118,9.178507280349733,9.473002943992615,38.1,46.1,98.0,3.0,1.0,
2018-04-08,96851,Kab. Sleman,NORMAL,NORMAL,LSTM_AUTOENCODER,1.9294453859329224,5.292897081375118,9.178507280349733,9.473002943992615,5.1,51.2,102.6,5.0,2.0,
2018-04-09,96851,Kab. Sleman,NORMAL,NORMAL,LSTM_AUTOENCODER,1.8822028636932373,5.292897081375118,9.178507280349733,9.473002943992615,0.0,43.2,102.6,6.0,2.0,
2018-04-10,96851,Kab. Sleman,NORMAL,NORMAL,LSTM_AUTOENCODER,1.927695870399475,5.292897081375118,9.178507280349733,9.473002943992615,18.7,23.8,69.9,2.0,1.0,
2018-04-11,96851,Kab. Sleman,NORMAL,NORMAL,LSTM_AUTOENCODER,1.8400449752807617,5.292897081375118,9.178507280349733,9.473002943992615,18.4,37.1,88.3,2.0,1.0,
2018-04-12,96851,Kab. Sleman,NORMAL,NORMAL,LSTM_AUTOENCODER,1.7621948719024658,5.292897081375118,9.178507280349733,9.473002943992615,0.0,37.1,88.3,3.0,1.0,
2018-04-13,96851,Kab. Sleman,NORMAL,NORMAL,LSTM_AUTOENCODER,1.7534418106079102,5.292897081375118,9.178507280349733,9.473002943992615,0.0,18.4,80.3,3.0,1.0,
2018-04-14,96851,Kab. Sleman,NORMAL,NORMAL,LSTM_AUTOENCODER,1.7307453155517578,5.292897081375118,9.178507280349733,9.473002943992615,0.0,0.0,42.2,3.0,1.0,
2018-04-15,96851,Kab. Sleman,NORMAL,NORMAL,LSTM_AUTOENCODER,1.7334339618682861,5.292897081375118,9.178507280349733,9.473002943992615,0.0,0.0,37.1,2.0,1.0,
2018-04-16,96851,Kab. Sleman,NORMAL,NORMAL,LSTM_AUTOENCODER,1.7194424867630005,5.292897081375118,9.178507280349733,9.473002943992615,4.7,4.7,41.8,4.0,1.0,
2018-04-17,96851,Kab. Sleman,NORMAL,NORMAL,LSTM_AUTOENCODER,1.66745126247406,5.292897081375118,9.178507280349733,9.473002943992615,14.150000000000002,18.85,37.25,4.0,2.0,
2018-04-18,96851,Kab. Sleman,NORMAL,NORMAL,LSTM_AUTOENCODER,1.6722700595855713,5.292897081375118,9.178507280349733,9.473002943992615,23.6,42.45,42.45,2.0,1.0,
2018-04-19,96851,Kab. Sleman,NORMAL,NORMAL,LSTM_AUTOENCODER,1.6896767616271973,5.292897081375118,9.178507280349733,9.473002943992615,35.2,72.95,77.65,3.0,1.0,
2018-04-20,96851,Kab. Sleman,NORMAL,NORMAL,LSTM_AUTOENCODER,1.709097146987915,5.292897081375118,9.178507280349733,9.473002943992615,34.6,93.4,112.25,2.0,1.0,
2018-04-21,96851,Kab. Sleman,NORMAL,NORMAL,LSTM_AUTOENCODER,1.8168801069259644,5.292897081375118,9.178507280349733,9.473002943992615,51.0,120.8,163.25,2.0,1.0,
2018-04-22,96851,Kab. Sleman,NORMAL,NORMAL,LSTM_AUTOENCODER,1.9431320428848267,5.292897081375118,9.178507280349733,9.473002943992615,15.6,101.2,178.85,2.0,1.0,
2018-04-23,96851,Kab. Sleman,NORMAL,NORMAL,LSTM_AUTOENCODER,1.982602596282959,5.292897081375118,9.178507280349733,9.473002943992615,0.0,66.6,174.15,4.0,1.0,
2018-04-24,96851,Kab. Sleman,NORMAL,NORMAL,LSTM_AUTOENCODER,1.9391415119171143,5.292897081375118,9.178507280349733,9.473002943992615,1.0,16.6,161.0,4.0,1.0,
2018-04-25,96851,Kab. Sleman,NORMAL,NORMAL,LSTM_AUTOENCODER,1.9399646520614624,5.292897081375118,9.178507280349733,9.473002943992615,0.0,1.0,137.39999999999998,3.0,1.0,
2018-04-26,96851,Kab. Sleman,NORMAL,NORMAL,LSTM_AUTOENCODER,1.945297122001648,5.292897081375118,9.178507280349733,9.473002943992615,0.0,1.0,102.2,3.0,2.0,
2018-04-27,96851,Kab. Sleman,NORMAL,NORMAL,LSTM_AUTOENCODER,1.9184666872024536,5.292897081375118,9.178507280349733,9.473002943992615,0.0,0.0,67.6,3.0,1.0,
2018-04-28,96851,Kab. Sleman,NORMAL,NORMAL,LSTM_AUTOENCODER,1.9137579202651978,5.292897081375118,9.178507280349733,9.473002943992615,0.0,0.0,16.6,3.0,1.0,
2018-04-29,96851,Kab. Sleman,NORMAL,NORMAL,LSTM_AUTOENCODER,1.9092185497283936,5.292897081375118,9.178507280349733,9.473002943992615,0.0,0.0,1.0,3.0,1.0,
2018-04-30,96851,Kab. Sleman,NORMAL,NORMAL,LSTM_AUTOENCODER,1.9181796312332153,5.292897081375118,9.178507280349733,9.473002943992615,0.0,0.0,1.0,3.0,2.0,
2018-05-01,96851,Kab. Sleman,NORMAL,NORMAL,LSTM_AUTOENCODER,1.9227120876312256,5.292897081375118,9.178507280349733,9.473002943992615,0.0,0.0,0.0,3.0,1.0,
2018-05-02,96851,Kab. Sleman,NORMAL,NORMAL,LSTM_AUTOENCODER,1.9400830268859863,5.292897081375118,9.178507280349733,9.473002943992615,0.0,0.0,0.0,2.0,1.0,
2018-05-03,96851,Kab. Sleman,NORMAL,NORMAL,LSTM_AUTOENCODER,1.6152896881103516,5.292897081375118,9.178507280349733,9.473002943992615,0.0,0.0,0.0,4.0,2.0,
2018-05-04,96851,Kab. Sleman,NORMAL,NORMAL,LSTM_AUTOENCODER,1.3783767223358154,5.292897081375118,9.178507280349733,9.473002943992615,0.0,0.0,0.0,3.0,1.0,
2018-05-05,96851,Kab. Sleman,NORMAL,NORMAL,LSTM_AUTOENCODER,1.4014835357666016,5.292897081375118,9.178507280349733,9.473002943992615,0.0,0.0,0.0,4.0,2.0,
2018-05-06,96851,Kab. Sleman,NORMAL,NORMAL,LSTM_AUTOENCODER,1.4569138288497925,5.292897081375118,9.178507280349733,9.473002943992615,0.0,0.0,0.0,6.0,3.0,
2018-05-07,96851,Kab. Sleman,NORMAL,NORMAL,LSTM_AUTOENCODER,1.3438196182250977,5.292897081375118,9.178507280349733,9.473002943992615,0.0,0.0,0.0,3.0,2.0,
2018-05-08,96851,Kab. Sleman,NORMAL,NORMAL,LSTM_AUTOENCODER,1.2465324401855469,5.292897081375118,9.178507280349733,9.473002943992615,0.0,0.0,0.0,5.0,2.0,
2018-05-09,96851,Kab. Sleman,NORMAL,NORMAL,LSTM_AUTOENCODER,1.2157208919525146,5.292897081375118,9.178507280349733,9.473002943992615,0.0,0.0,0.0,4.0,2.0,
2018-05-10,96851,Kab. Sleman,NORMAL,NORMAL,LSTM_AUTOENCODER,1.15041983127594,5.292897081375118,9.178507280349733,9.473002943992615,0.0,0.0,0.0,5.0,2.0,
2018-05-11,96851,Kab. Sleman,NORMAL,NORMAL,LSTM_AUTOENCODER,1.140438437461853,5.292897081375118,9.178507280349733,9.473002943992615,0.0,0.0,0.0,4.0,1.0,
2018-05-12,96851,Kab. Sleman,NORMAL,NORMAL,LSTM_AUTOENCODER,1.0976231098175049,5.292897081375118,9.178507280349733,9.473002943992615,0.0,0.0,0.0,3.0,1.0,
2018-05-13,96851,Kab. Sleman,NORMAL,NORMAL,LSTM_AUTOENCODER,1.1065263748168945,5.292897081375118,9.178507280349733,9.473002943992615,0.0,0.0,0.0,2.0,1.0,
2018-05-14,96851,Kab. Sleman,NORMAL,NORMAL,LSTM_AUTOENCODER,1.1385782957077026,5.292897081375118,9.178507280349733,9.473002943992615,0.0,0.0,0.0,4.0,2.0,
2018-05-15,96851,Kab. Sleman,NORMAL,NORMAL,LSTM_AUTOENCODER,1.1617817878723145,5.292897081375118,9.178507280349733,9.473002943992615,0.0,0.0,0.0,5.0,2.0,
2018-05-16,96851,Kab. Sleman,NORMAL,NORMAL,LSTM_AUTOENCODER,1.1752909421920776,5.292897081375118,9.178507280349733,9.473002943992615,4.2,4.2,4.2,2.0,1.0,
2018-05-17,96851,Kab. Sleman,NORMAL,NORMAL,LSTM_AUTOENCODER,1.163285493850708,5.292897081375118,9.178507280349733,9.473002943992615,0.0,4.2,4.2,4.0,1.0,
2018-05-18,96851,Kab. Sleman,NORMAL,NORMAL,LSTM_AUTOENCODER,1.1404342651367188,5.292897081375118,9.178507280349733,9.473002943992615,3.4,7.6,7.6,2.0,1.0,
2018-05-19,96851,Kab. Sleman,NORMAL,NORMAL,LSTM_AUTOENCODER,1.079933762550354,5.292897081375118,9.178507280349733,9.473002943992615,0.0,3.4,7.6,3.0,1.0,
2018-05-20,96851,Kab. Sleman,NORMAL,NORMAL,LSTM_AUTOENCODER,1.0209202766418457,5.292897081375118,9.178507280349733,9.473002943992615,0.0,3.4,7.6,3.0,1.0,
2018-05-21,96851,Kab. Sleman,NORMAL,NORMAL,LSTM_AUTOENCODER,0.8683050274848938,5.292897081375118,9.178507280349733,9.473002943992615,2.2,2.2,9.8,3.0,1.0,
2018-05-22,96851,Kab. Sleman,NORMAL,NORMAL,LSTM_AUTOENCODER,0.7808360457420349,5.292897081375118,9.178507280349733,9.473002943992615,4.4,6.6000000000000005,14.2,6.0,2.0,
2018-05-23,96851,Kab. Sleman,NORMAL,NORMAL,LSTM_AUTOENCODER,0.7435232400894165,5.292897081375118,9.178507280349733,9.473002943992615,0.0,6.6000000000000005,10.0,3.0,2.0,
2018-05-24,96851,Kab. Sleman,NORMAL,NORMAL,LSTM_AUTOENCODER,0.7353764176368713,5.292897081375118,9.178507280349733,9.473002943992615,0.0,4.4,10.0,3.0,1.0,
2018-05-25,96851,Kab. Sleman,NORMAL,NORMAL,LSTM_AUTOENCODER,0.7534092664718628,5.292897081375118,9.178507280349733,9.473002943992615,10.0,10.0,16.6,2.0,1.0,
2018-05-26,96851,Kab. Sleman,NORMAL,NORMAL,LSTM_AUTOENCODER,0.7621967792510986,5.292897081375118,9.178507280349733,9.473002943992615,4.8,14.8,21.4,3.0,1.0,
2018-05-27,96851,Kab. Sleman,NORMAL,NORMAL,LSTM_AUTOENCODER,0.7718404531478882,5.292897081375118,9.178507280349733,9.473002943992615,0.0,14.8,21.4,4.0,1.0,
2018-05-28,96851,Kab. Sleman,NORMAL,NORMAL,LSTM_AUTOENCODER,0.794249951839447,5.292897081375118,9.178507280349733,9.473002943992615,0.0,4.8,19.200000000000003,3.0,2.0,
2018-05-29,96851,Kab. Sleman,NORMAL,NORMAL,LSTM_AUTOENCODER,0.8079577088356018,5.292897081375118,9.178507280349733,9.473002943992615,0.0,0.0,14.8,4.0,2.0,
2018-05-30,96851,Kab. Sleman,NORMAL,NORMAL,LSTM_AUTOENCODER,0.80713951587677,5.292897081375118,9.178507280349733,9.473002943992615,0.0,0.0,14.8,4.0,2.0,
2018-05-31,96851,Kab. Sleman,NORMAL,NORMAL,LSTM_AUTOENCODER,0.8040582537651062,5.292897081375118,9.178507280349733,9.473002943992615,0.0,0.0,14.8,4.0,2.0,
2018-06-01,96851,Kab. Sleman,NORMAL,NORMAL,LSTM_AUTOENCODER,0.7958837151527405,5.292897081375118,9.178507280349733,9.473002943992615,0.0,0.0,4.8,3.0,2.0,
2018-06-02,96851,Kab. Sleman,NORMAL,NORMAL,LSTM_AUTOENCODER,0.7526388764381409,5.292897081375118,9.178507280349733,9.473002943992615,0.0,0.0,0.0,2.0,1.0,
2018-06-03,96851,Kab. Sleman,NORMAL,NORMAL,LSTM_AUTOENCODER,0.7429097294807434,5.292897081375118,9.178507280349733,9.473002943992615,0.0,0.0,0.0,2.0,1.0,
2018-06-04,96851,Kab. Sleman,NORMAL,NORMAL,LSTM_AUTOENCODER,0.778319776058197,5.292897081375118,9.178507280349733,9.473002943992615,0.0,0.0,0.0,5.0,1.0,
2018-06-05,96851,Kab. Sleman,NORMAL,NORMAL,LSTM_AUTOENCODER,0.7265440225601196,5.292897081375118,9.178507280349733,9.473002943992615,0.0,0.0,0.0,3.0,1.0,
2018-06-06,96851,Kab. Sleman,NORMAL,NORMAL,LSTM_AUTOENCODER,0.7073805332183838,5.292897081375118,9.178507280349733,9.473002943992615,0.0,0.0,0.0,2.0,2.0,
2018-06-07,96851,Kab. Sleman,NORMAL,NORMAL,LSTM_AUTOENCODER,0.67739337682724,5.292897081375118,9.178507280349733,9.473002943992615,0.0,0.0,0.0,3.0,1.0,
2018-06-08,96851,Kab. Sleman,NORMAL,NORMAL,LSTM_AUTOENCODER,0.6643769145011902,5.292897081375118,9.178507280349733,9.473002943992615,0.0,0.0,0.0,3.0,1.0,
2018-06-09,96851,Kab. Sleman,NORMAL,NORMAL,LSTM_AUTOENCODER,0.6298631429672241,5.292897081375118,9.178507280349733,9.473002943992615,0.0,0.0,0.0,2.0,1.0,
2018-06-10,96851,Kab. Sleman,NORMAL,NORMAL,LSTM_AUTOENCODER,0.6403207778930664,5.292897081375118,9.178507280349733,9.473002943992615,0.0,0.0,0.0,4.0,2.0,
2018-06-11,96851,Kab. Sleman,NORMAL,NORMAL,LSTM_AUTOENCODER,0.6419186592102051,5.292897081375118,9.178507280349733,9.473002943992615,0.0,0.0,0.0,2.0,1.0,
2018-06-12,96851,Kab. Sleman,NORMAL,NORMAL,LSTM_AUTOENCODER,0.6325015425682068,5.292897081375118,9.178507280349733,9.473002943992615,0.0,0.0,0.0,2.0,1.0,
2018-06-13,96851,Kab. Sleman,NORMAL,NORMAL,LSTM_AUTOENCODER,0.6078945994377136,5.292897081375118,9.178507280349733,9.473002943992615,2.4,2.4,2.4,3.0,2.0,
2018-06-14,96851,Kab. Sleman,NORMAL,NORMAL,LSTM_AUTOENCODER,0.5733510255813599,5.292897081375118,9.178507280349733,9.473002943992615,0.0,2.4,2.4,3.0,2.0,
2018-06-15,96851,Kab. Sleman,NORMAL,NORMAL,LSTM_AUTOENCODER,0.5417811870574951,5.292897081375118,9.178507280349733,9.473002943992615,0.0,2.4,2.4,3.0,1.0,
2018-06-16,96851,Kab. Sleman,NORMAL,NORMAL,LSTM_AUTOENCODER,0.5276762247085571,5.292897081375118,9.178507280349733,9.473002943992615,0.0,0.0,2.4,2.0,1.0,
2018-06-17,96851,Kab. Sleman,NORMAL,NORMAL,LSTM_AUTOENCODER,0.5244281888008118,5.292897081375118,9.178507280349733,9.473002943992615,0.0,0.0,2.4,2.0,1.0,
2018-06-18,96851,Kab. Sleman,NORMAL,NORMAL,LSTM_AUTOENCODER,0.5499091148376465,5.292897081375118,9.178507280349733,9.473002943992615,0.0,0.0,2.4,4.0,2.0,
2018-06-19,96851,Kab. Sleman,NORMAL,NORMAL,LSTM_AUTOENCODER,0.5551514029502869,5.292897081375118,9.178507280349733,9.473002943992615,0.0,0.0,2.4,3.0,1.0,
2018-06-20,96851,Kab. Sleman,NORMAL,NORMAL,LSTM_AUTOENCODER,0.564632773399353,5.292897081375118,9.178507280349733,9.473002943992615,0.0,0.0,0.0,4.0,1.0,
2018-06-21,96851,Kab. Sleman,NORMAL,NORMAL,LSTM_AUTOENCODER,0.5482776761054993,5.292897081375118,9.178507280349733,9.473002943992615,18.0,18.0,18.0,2.0,1.0,
2018-06-22,96851,Kab. Sleman,NORMAL,NORMAL,LSTM_AUTOENCODER,0.524346649646759,5.292897081375118,9.178507280349733,9.473002943992615,12.8,30.8,30.8,3.0,1.0,
2018-06-23,96851,Kab. Sleman,NORMAL,NORMAL,LSTM_AUTOENCODER,0.5452648997306824,5.292897081375118,9.178507280349733,9.473002943992615,0.0,30.8,30.8,2.0,1.0,
2018-06-24,96851,Kab. Sleman,NORMAL,NORMAL,LSTM_AUTOENCODER,0.5394246578216553,5.292897081375118,9.178507280349733,9.473002943992615,0.0,12.8,30.8,3.0,1.0,
2018-06-25,96851,Kab. Sleman,NORMAL,NORMAL,LSTM_AUTOENCODER,0.5369716882705688,5.292897081375118,9.178507280349733,9.473002943992615,1.3,1.3,32.1,3.0,1.0,
2018-06-26,96851,Kab. Sleman,NORMAL,NORMAL,LSTM_AUTOENCODER,0.5577170848846436,5.292897081375118,9.178507280349733,9.473002943992615,9.4,10.7,41.5,2.0,1.0,
2018-06-27,96851,Kab. Sleman,NORMAL,NORMAL,LSTM_AUTOENCODER,0.5700250864028931,5.292897081375118,9.178507280349733,9.473002943992615,0.0,10.7,41.5,3.0,1.0,
2018-06-28,96851,Kab. Sleman,NORMAL,NORMAL,LSTM_AUTOENCODER,0.5596954226493835,5.292897081375118,9.178507280349733,9.473002943992615,0.0,9.4,23.5,3.0,2.0,
2018-06-29,96851,Kab. Sleman,NORMAL,NORMAL,LSTM_AUTOENCODER,0.5479562282562256,5.292897081375118,9.178507280349733,9.473002943992615,0.0,0.0,10.7,2.0,1.0,
2018-06-30,96851,Kab. Sleman,NORMAL,NORMAL,LSTM_AUTOENCODER,0.5376654267311096,5.292897081375118,9.178507280349733,9.473002943992615,0.0,0.0,10.7,2.0,1.0,
2018-07-01,96851,Kab. Sleman,NORMAL,NORMAL,LSTM_AUTOENCODER,0.5268097519874573,5.292897081375118,9.178507280349733,9.473002943992615,0.0,0.0,10.7,3.0,1.0,
2018-07-02,96851,Kab. Sleman,NORMAL,NORMAL,LSTM_AUTOENCODER,0.5187146663665771,5.292897081375118,9.178507280349733,9.473002943992615,0.0,0.0,9.4,3.0,1.0,
2018-07-03,96851,Kab. Sleman,NORMAL,NORMAL,LSTM_AUTOENCODER,0.556631326675415,5.292897081375118,9.178507280349733,9.473002943992615,0.0,0.0,0.0,5.0,2.0,
2018-07-04,96851,Kab. Sleman,NORMAL,NORMAL,LSTM_AUTOENCODER,0.5373899936676025,5.292897081375118,9.178507280349733,9.473002943992615,0.0,0.0,0.0,2.0,1.0,
2018-07-05,96851,Kab. Sleman,NORMAL,NORMAL,LSTM_AUTOENCODER,0.591408371925354,5.292897081375118,9.178507280349733,9.473002943992615,0.0,0.0,0.0,5.0,3.0,
2018-07-06,96851,Kab. Sleman,NORMAL,NORMAL,LSTM_AUTOENCODER,0.6022016406059265,5.292897081375118,9.178507280349733,9.473002943992615,0.0,0.0,0.0,3.0,2.0,
2018-07-07,96851,Kab. Sleman,NORMAL,NORMAL,LSTM_AUTOENCODER,0.6123868227005005,5.292897081375118,9.178507280349733,9.473002943992615,0.0,0.0,0.0,4.0,2.0,
2018-07-08,96851,Kab. Sleman,NORMAL,NORMAL,LSTM_AUTOENCODER,0.6222848892211914,5.292897081375118,9.178507280349733,9.473002943992615,0.0,0.0,0.0,4.0,2.0,
2018-07-09,96851,Kab. Sleman,NORMAL,NORMAL,LSTM_AUTOENCODER,0.6259927749633789,5.292897081375118,9.178507280349733,9.473002943992615,0.0,0.0,0.0,3.0,2.0,
2018-07-10,96851,Kab. Sleman,NORMAL,NORMAL,LSTM_AUTOENCODER,0.6044947504997253,5.292897081375118,9.178507280349733,9.473002943992615,0.0,0.0,0.0,3.0,2.0,
2018-07-11,96851,Kab. Sleman,NORMAL,NORMAL,LSTM_AUTOENCODER,0.601402759552002,5.292897081375118,9.178507280349733,9.473002943992615,0.0,0.0,0.0,3.0,2.0,
2018-07-12,96851,Kab. Sleman,NORMAL,NORMAL,LSTM_AUTOENCODER,0.6153998374938965,5.292897081375118,9.178507280349733,9.473002943992615,0.0,0.0,0.0,4.0,2.0,
2018-07-13,96851,Kab. Sleman,NORMAL,NORMAL,LSTM_AUTOENCODER,0.6190076470375061,5.292897081375118,9.178507280349733,9.473002943992615,0.0,0.0,0.0,3.0,2.0,
2018-07-14,96851,Kab. Sleman,NORMAL,NORMAL,LSTM_AUTOENCODER,0.64605712890625,5.292897081375118,9.178507280349733,9.473002943992615,0.0,0.0,0.0,5.0,2.0,
2018-07-15,96851,Kab. Sleman,NORMAL,NORMAL,LSTM_AUTOENCODER,0.660402238368988,5.292897081375118,9.178507280349733,9.473002943992615,0.0,0.0,0.0,4.0,2.0,
2018-07-16,96851,Kab. Sleman,NORMAL,NORMAL,LSTM_AUTOENCODER,0.663912832736969,5.292897081375118,9.178507280349733,9.473002943992615,0.0,0.0,0.0,3.0,2.0,
2018-07-17,96851,Kab. Sleman,NORMAL,NORMAL,LSTM_AUTOENCODER,0.6556366086006165,5.292897081375118,9.178507280349733,9.473002943992615,0.0,0.0,0.0,3.0,1.0,
2018-07-18,96851,Kab. Sleman,NORMAL,NORMAL,LSTM_AUTOENCODER,0.6520437598228455,5.292897081375118,9.178507280349733,9.473002943992615,0.0,0.0,0.0,5.0,2.0,
2018-07-19,96851,Kab. Sleman,NORMAL,NORMAL,LSTM_AUTOENCODER,0.6494472622871399,5.292897081375118,9.178507280349733,9.473002943992615,0.0,0.0,0.0,3.0,2.0,
2018-07-20,96851,Kab. Sleman,NORMAL,NORMAL,LSTM_AUTOENCODER,0.6429689526557922,5.292897081375118,9.178507280349733,9.473002943992615,0.0,0.0,0.0,3.0,2.0,
2018-07-21,96851,Kab. Sleman,NORMAL,NORMAL,LSTM_AUTOENCODER,0.5995201468467712,5.292897081375118,9.178507280349733,9.473002943992615,0.0,0.0,0.0,4.0,2.0,
2018-07-22,96851,Kab. Sleman,NORMAL,NORMAL,LSTM_AUTOENCODER,0.5869350433349609,5.292897081375118,9.178507280349733,9.473002943992615,0.0,0.0,0.0,3.0,2.0,
2018-07-23,96851,Kab. Sleman,NORMAL,NORMAL,LSTM_AUTOENCODER,0.567389190196991,5.292897081375118,9.178507280349733,9.473002943992615,0.0,0.0,0.0,3.0,2.0,
2018-07-24,96851,Kab. Sleman,NORMAL,NORMAL,LSTM_AUTOENCODER,0.5691397190093994,5.292897081375118,9.178507280349733,9.473002943992615,0.0,0.0,0.0,2.0,1.0,
2018-07-25,96851,Kab. Sleman,NORMAL,NORMAL,LSTM_AUTOENCODER,0.5901508927345276,5.292897081375118,9.178507280349733,9.473002943992615,0.0,0.0,0.0,3.0,2.0,
2018-07-26,96851,Kab. Sleman,NORMAL,NORMAL,LSTM_AUTOENCODER,0.5741748213768005,5.292897081375118,9.178507280349733,9.473002943992615,0.0,0.0,0.0,3.0,2.0,
2018-07-27,96851,Kab. Sleman,NORMAL,NORMAL,LSTM_AUTOENCODER,0.579850435256958,5.292897081375118,9.178507280349733,9.473002943992615,0.0,0.0,0.0,2.0,1.0,
2018-07-28,96851,Kab. Sleman,NORMAL,NORMAL,LSTM_AUTOENCODER,0.5991973280906677,5.292897081375118,9.178507280349733,9.473002943992615,0.0,0.0,0.0,4.0,2.0,
2018-07-29,96851,Kab. Sleman,NORMAL,NORMAL,LSTM_AUTOENCODER,0.607057511806488,5.292897081375118,9.178507280349733,9.473002943992615,0.0,0.0,0.0,4.0,1.0,
2018-07-30,96851,Kab. Sleman,NORMAL,NORMAL,LSTM_AUTOENCODER,0.6160385608673096,5.292897081375118,9.178507280349733,9.473002943992615,0.0,0.0,0.0,3.0,2.0,
2018-07-31,96851,Kab. Sleman,NORMAL,NORMAL,LSTM_AUTOENCODER,0.6216419339179993,5.292897081375118,9.178507280349733,9.473002943992615,0.0,0.0,0.0,3.0,2.0,
2018-08-01,96851,Kab. Sleman,NORMAL,NORMAL,LSTM_AUTOENCODER,0.6276435852050781,5.292897081375118,9.178507280349733,9.473002943992615,0.0,0.0,0.0,3.0,2.0,
2018-08-02,96851,Kab. Sleman,NORMAL,NORMAL,LSTM_AUTOENCODER,0.6289685964584351,5.292897081375118,9.178507280349733,9.473002943992615,0.0,0.0,0.0,5.0,3.0,
2018-08-03,96851,Kab. Sleman,NORMAL,NORMAL,LSTM_AUTOENCODER,0.6355340480804443,5.292897081375118,9.178507280349733,9.473002943992615,1.0,1.0,1.0,5.0,2.0,
2018-08-04,96851,Kab. Sleman,NORMAL,NORMAL,LSTM_AUTOENCODER,0.5983082056045532,5.292897081375118,9.178507280349733,9.473002943992615,0.0,1.0,1.0,4.0,2.0,
2018-08-05,96851,Kab. Sleman,NORMAL,NORMAL,LSTM_AUTOENCODER,0.589925229549408,5.292897081375118,9.178507280349733,9.473002943992615,0.0,1.0,1.0,3.0,2.0,
2018-08-06,96851,Kab. Sleman,NORMAL,NORMAL,LSTM_AUTOENCODER,0.5919532775878906,5.292897081375118,9.178507280349733,9.473002943992615,0.0,0.0,1.0,3.0,1.0,
2018-08-07,96851,Kab. Sleman,NORMAL,NORMAL,LSTM_AUTOENCODER,0.5877702832221985,5.292897081375118,9.178507280349733,9.473002943992615,0.0,0.0,1.0,3.0,2.0,
2018-08-08,96851,Kab. Sleman,NORMAL,NORMAL,LSTM_AUTOENCODER,0.591825008392334,5.292897081375118,9.178507280349733,9.473002943992615,0.0,0.0,1.0,2.0,1.0,
2018-08-09,96851,Kab. Sleman,NORMAL,NORMAL,LSTM_AUTOENCODER,0.6225149631500244,5.292897081375118,9.178507280349733,9.473002943992615,0.0,0.0,1.0,4.0,2.0,
2018-08-10,96851,Kab. Sleman,NORMAL,NORMAL,LSTM_AUTOENCODER,0.6288016438484192,5.292897081375118,9.178507280349733,9.473002943992615,0.0,0.0,0.0,4.0,2.0,
2018-08-11,96851,Kab. Sleman,NORMAL,NORMAL,LSTM_AUTOENCODER,0.6171697378158569,5.292897081375118,9.178507280349733,9.473002943992615,0.0,0.0,0.0,3.0,2.0,
2018-08-12,96851,Kab. Sleman,NORMAL,NORMAL,LSTM_AUTOENCODER,0.6207659244537354,5.292897081375118,9.178507280349733,9.473002943992615,0.0,0.0,0.0,3.0,1.0,
2018-08-13,96851,Kab. Sleman,NORMAL,NORMAL,LSTM_AUTOENCODER,0.6215626001358032,5.292897081375118,9.178507280349733,9.473002943992615,0.0,0.0,0.0,5.0,2.0,
2018-08-14,96851,Kab. Sleman,NORMAL,NORMAL,LSTM_AUTOENCODER,0.613382875919342,5.292897081375118,9.178507280349733,9.473002943992615,0.0,0.0,0.0,4.0,2.0,
2018-08-15,96851,Kab. Sleman,NORMAL,NORMAL,LSTM_AUTOENCODER,0.6004509329795837,5.292897081375118,9.178507280349733,9.473002943992615,0.0,0.0,0.0,4.0,2.0,
2018-08-16,96851,Kab. Sleman,NORMAL,NORMAL,LSTM_AUTOENCODER,0.615665853023529,5.292897081375118,9.178507280349733,9.473002943992615,0.0,0.0,0.0,3.0,1.0,
2018-08-17,96851,Kab. Sleman,NORMAL,NORMAL,LSTM_AUTOENCODER,0.5901300311088562,5.292897081375118,9.178507280349733,9.473002943992615,0.0,0.0,0.0,4.0,2.0,
2018-08-18,96851,Kab. Sleman,NORMAL,NORMAL,LSTM_AUTOENCODER,0.5968430042266846,5.292897081375118,9.178507280349733,9.473002943992615,0.0,0.0,0.0,5.0,2.0,
2018-08-19,96851,Kab. Sleman,NORMAL,NORMAL,LSTM_AUTOENCODER,0.6063929796218872,5.292897081375118,9.178507280349733,9.473002943992615,0.0,0.0,0.0,4.0,2.0,
2018-08-20,96851,Kab. Sleman,NORMAL,NORMAL,LSTM_AUTOENCODER,0.6074317693710327,5.292897081375118,9.178507280349733,9.473002943992615,0.0,0.0,0.0,2.0,2.0,
2018-08-21,96851,Kab. Sleman,NORMAL,NORMAL,LSTM_AUTOENCODER,0.5981540679931641,5.292897081375118,9.178507280349733,9.473002943992615,0.0,0.0,0.0,3.0,1.0,
2018-08-22,96851,Kab. Sleman,NORMAL,NORMAL,LSTM_AUTOENCODER,0.586184024810791,5.292897081375118,9.178507280349733,9.473002943992615,0.0,0.0,0.0,3.0,1.0,
2018-08-23,96851,Kab. Sleman,NORMAL,NORMAL,LSTM_AUTOENCODER,0.6176826357841492,5.292897081375118,9.178507280349733,9.473002943992615,0.0,0.0,0.0,5.0,2.0,
2018-08-24,96851,Kab. Sleman,NORMAL,NORMAL,LSTM_AUTOENCODER,0.6127249002456665,5.292897081375118,9.178507280349733,9.473002943992615,0.0,0.0,0.0,4.0,2.0,
2018-08-25,96851,Kab. Sleman,NORMAL,NORMAL,LSTM_AUTOENCODER,0.5998080968856812,5.292897081375118,9.178507280349733,9.473002943992615,0.0,0.0,0.0,3.0,2.0,
2018-08-26,96851,Kab. Sleman,NORMAL,NORMAL,LSTM_AUTOENCODER,0.57469642162323,5.292897081375118,9.178507280349733,9.473002943992615,0.0,0.0,0.0,3.0,1.0,
2018-08-27,96851,Kab. Sleman,NORMAL,NORMAL,LSTM_AUTOENCODER,0.577709972858429,5.292897081375118,9.178507280349733,9.473002943992615,0.0,0.0,0.0,5.0,3.0,
2018-08-28,96851,Kab. Sleman,NORMAL,NORMAL,LSTM_AUTOENCODER,0.5854743123054504,5.292897081375118,9.178507280349733,9.473002943992615,0.0,0.0,0.0,4.0,2.0,
2018-08-29,96851,Kab. Sleman,NORMAL,NORMAL,LSTM_AUTOENCODER,0.5899658203125,5.292897081375118,9.178507280349733,9.473002943992615,0.0,0.0,0.0,4.0,2.0,
2018-08-30,96851,Kab. Sleman,NORMAL,NORMAL,LSTM_AUTOENCODER,0.6070039868354797,5.292897081375118,9.178507280349733,9.473002943992615,0.0,0.0,0.0,3.0,2.0,
2018-08-31,96851,Kab. Sleman,NORMAL,NORMAL,LSTM_AUTOENCODER,0.6412544250488281,5.292897081375118,9.178507280349733,9.473002943992615,2.0,2.0,2.0,2.0,1.0,
2018-09-01,96851,Kab. Sleman,NORMAL,NORMAL,LSTM_AUTOENCODER,0.6377994418144226,5.292897081375118,9.178507280349733,9.473002943992615,0.0,2.0,2.0,4.0,2.0,
2018-09-02,96851,Kab. Sleman,NORMAL,NORMAL,LSTM_AUTOENCODER,0.642335832118988,5.292897081375118,9.178507280349733,9.473002943992615,0.0,2.0,2.0,5.0,2.0,
2018-09-03,96851,Kab. Sleman,NORMAL,NORMAL,LSTM_AUTOENCODER,0.636784017086029,5.292897081375118,9.178507280349733,9.473002943992615,0.0,0.0,2.0,4.0,2.0,
2018-09-04,96851,Kab. Sleman,NORMAL,NORMAL,LSTM_AUTOENCODER,0.6581182479858398,5.292897081375118,9.178507280349733,9.473002943992615,0.0,0.0,2.0,5.0,2.0,
2018-09-05,96851,Kab. Sleman,NORMAL,NORMAL,LSTM_AUTOENCODER,0.6657524108886719,5.292897081375118,9.178507280349733,9.473002943992615,0.0,0.0,2.0,3.0,2.0,
2018-09-06,96851,Kab. Sleman,NORMAL,NORMAL,LSTM_AUTOENCODER,0.6679983139038086,5.292897081375118,9.178507280349733,9.473002943992615,0.0,0.0,2.0,3.0,2.0,
2018-09-07,96851,Kab. Sleman,NORMAL,NORMAL,LSTM_AUTOENCODER,0.6915906667709351,5.292897081375118,9.178507280349733,9.473002943992615,0.0,0.0,0.0,4.0,2.0,
2018-09-08,96851,Kab. Sleman,NORMAL,NORMAL,LSTM_AUTOENCODER,0.7013399004936218,5.292897081375118,9.178507280349733,9.473002943992615,1.6,1.6,1.6,5.0,2.0,
2018-09-09,96851,Kab. Sleman,NORMAL,NORMAL,LSTM_AUTOENCODER,0.7163534164428711,5.292897081375118,9.178507280349733,9.473002943992615,0.0,1.6,1.6,4.0,2.0,
2018-09-10,96851,Kab. Sleman,NORMAL,NORMAL,LSTM_AUTOENCODER,0.7271513938903809,5.292897081375118,9.178507280349733,9.473002943992615,0.0,1.6,1.6,5.0,2.0,
2018-09-11,96851,Kab. Sleman,NORMAL,NORMAL,LSTM_AUTOENCODER,0.7401705384254456,5.292897081375118,9.178507280349733,9.473002943992615,0.0,0.0,1.6,4.0,2.0,
2018-09-12,96851,Kab. Sleman,NORMAL,NORMAL,LSTM_AUTOENCODER,0.7374107837677002,5.292897081375118,9.178507280349733,9.473002943992615,0.9,0.9,2.5,4.0,3.0,
2018-09-13,96851,Kab. Sleman,NORMAL,NORMAL,LSTM_AUTOENCODER,0.7466108798980713,5.292897081375118,9.178507280349733,9.473002943992615,0.45,1.35,2.95,4.0,2.0,
2018-09-14,96851,Kab. Sleman,NORMAL,NORMAL,LSTM_AUTOENCODER,0.7514965534210205,5.292897081375118,9.178507280349733,9.473002943992615,0.0,1.35,2.95,4.0,2.0,
2018-09-15,96851,Kab. Sleman,NORMAL,NORMAL,LSTM_AUTOENCODER,0.7503507733345032,5.292897081375118,9.178507280349733,9.473002943992615,0.0,0.45,1.35,3.0,2.0,
2018-09-16,96851,Kab. Sleman,NORMAL,NORMAL,LSTM_AUTOENCODER,0.7523711323738098,5.292897081375118,9.178507280349733,9.473002943992615,0.0,0.0,1.35,4.0,2.0,
2018-09-17,96851,Kab. Sleman,NORMAL,NORMAL,LSTM_AUTOENCODER,0.7334082722663879,5.292897081375118,9.178507280349733,9.473002943992615,0.0,0.0,1.35,5.0,2.0,
2018-09-18,96851,Kab. Sleman,NORMAL,NORMAL,LSTM_AUTOENCODER,0.7344551086425781,5.292897081375118,9.178507280349733,9.473002943992615,0.0,0.0,1.35,4.0,2.0,
2018-09-19,96851,Kab. Sleman,NORMAL,NORMAL,LSTM_AUTOENCODER,0.7173267006874084,5.292897081375118,9.178507280349733,9.473002943992615,0.2,0.2,0.65,4.0,2.0,
2018-09-20,96851,Kab. Sleman,NORMAL,NORMAL,LSTM_AUTOENCODER,0.7258299589157104,5.292897081375118,9.178507280349733,9.473002943992615,1.4,1.6,1.6,3.0,1.0,
2018-09-21,96851,Kab. Sleman,NORMAL,NORMAL,LSTM_AUTOENCODER,0.7350062727928162,5.292897081375118,9.178507280349733,9.473002943992615,2.6,4.2,4.2,4.0,2.0,
2018-09-22,96851,Kab. Sleman,NORMAL,NORMAL,LSTM_AUTOENCODER,0.7131426334381104,5.292897081375118,9.178507280349733,9.473002943992615,0.0,4.0,4.199999999999999,5.0,2.0,
2018-09-23,96851,Kab. Sleman,NORMAL,NORMAL,LSTM_AUTOENCODER,0.7022944688796997,5.292897081375118,9.178507280349733,9.473002943992615,0.0,2.6,4.199999999999999,4.0,2.0,
2018-09-24,96851,Kab. Sleman,NORMAL,NORMAL,LSTM_AUTOENCODER,0.6746814846992493,5.292897081375118,9.178507280349733,9.473002943992615,0.0,0.0,4.199999999999999,4.0,2.0,
2018-09-25,96851,Kab. Sleman,NORMAL,NORMAL,LSTM_AUTOENCODER,0.665531575679779,5.292897081375118,9.178507280349733,9.473002943992615,0.0,0.0,4.199999999999999,3.0,1.0,
2018-09-26,96851,Kab. Sleman,NORMAL,NORMAL,LSTM_AUTOENCODER,0.6186447739601135,5.292897081375118,9.178507280349733,9.473002943992615,0.0,0.0,4.0,4.0,3.0,
2018-09-27,96851,Kab. Sleman,NORMAL,NORMAL,LSTM_AUTOENCODER,0.5928966999053955,5.292897081375118,9.178507280349733,9.473002943992615,0.0,0.0,2.6,5.0,2.0,
2018-09-28,96851,Kab. Sleman,NORMAL,NORMAL,LSTM_AUTOENCODER,0.5694978833198547,5.292897081375118,9.178507280349733,9.473002943992615,0.0,0.0,0.0,4.0,2.0,
2018-09-29,96851,Kab. Sleman,NORMAL,NORMAL,LSTM_AUTOENCODER,0.5370633602142334,5.292897081375118,9.178507280349733,9.473002943992615,0.0,0.0,0.0,4.0,2.0,
2018-09-30,96851,Kab. Sleman,NORMAL,NORMAL,LSTM_AUTOENCODER,0.530564546585083,5.292897081375118,9.178507280349733,9.473002943992615,0.0,0.0,0.0,3.0,2.0,
2018-10-01,96851,Kab. Sleman,NORMAL,NORMAL,LSTM_AUTOENCODER,0.5204347372055054,5.292897081375118,9.178507280349733,9.473002943992615,0.0,0.0,0.0,4.0,2.0,
2018-10-02,96851,Kab. Sleman,NORMAL,NORMAL,LSTM_AUTOENCODER,0.5045943856239319,5.292897081375118,9.178507280349733,9.473002943992615,3.4,3.4,3.4,4.0,2.0,
2018-10-03,96851,Kab. Sleman,NORMAL,NORMAL,LSTM_AUTOENCODER,0.509047269821167,5.292897081375118,9.178507280349733,9.473002943992615,0.0,3.4,3.4,4.0,2.0,
2018-10-04,96851,Kab. Sleman,NORMAL,NORMAL,LSTM_AUTOENCODER,0.48826950788497925,5.292897081375118,9.178507280349733,9.473002943992615,0.0,3.4,3.4,3.0,2.0,
2018-10-05,96851,Kab. Sleman,NORMAL,NORMAL,LSTM_AUTOENCODER,0.4974607527256012,5.292897081375118,9.178507280349733,9.473002943992615,0.0,0.0,3.4,5.0,2.0,
2018-10-06,96851,Kab. Sleman,NORMAL,NORMAL,LSTM_AUTOENCODER,0.5241343975067139,5.292897081375118,9.178507280349733,9.473002943992615,0.0,0.0,3.4,4.0,3.0,
2018-10-07,96851,Kab. Sleman,NORMAL,NORMAL,LSTM_AUTOENCODER,0.5226194262504578,5.292897081375118,9.178507280349733,9.473002943992615,0.0,0.0,3.4,4.0,2.0,
2018-10-08,96851,Kab. Sleman,NORMAL,NORMAL,LSTM_AUTOENCODER,0.5066754817962646,5.292897081375118,9.178507280349733,9.473002943992615,0.0,0.0,3.4,4.0,2.0,
2018-10-09,96851,Kab. Sleman,NORMAL,NORMAL,LSTM_AUTOENCODER,0.5029245018959045,5.292897081375118,9.178507280349733,9.473002943992615,0.0,0.0,0.0,4.0,2.0,
2018-10-10,96851,Kab. Sleman,NORMAL,NORMAL,LSTM_AUTOENCODER,0.48819103837013245,5.292897081375118,9.178507280349733,9.473002943992615,0.0,0.0,0.0,4.0,2.0,
2018-10-11,96851,Kab. Sleman,NORMAL,NORMAL,LSTM_AUTOENCODER,0.5053002834320068,5.292897081375118,9.178507280349733,9.473002943992615,0.0,0.0,0.0,5.0,3.0,
2018-10-12,96851,Kab. Sleman,NORMAL,NORMAL,LSTM_AUTOENCODER,0.4992039203643799,5.292897081375118,9.178507280349733,9.473002943992615,0.0,0.0,0.0,5.0,2.0,
2018-10-13,96851,Kab. Sleman,NORMAL,NORMAL,LSTM_AUTOENCODER,0.5122910141944885,5.292897081375118,9.178507280349733,9.473002943992615,0.0,0.0,0.0,4.0,3.0,
2018-10-14,96851,Kab. Sleman,NORMAL,NORMAL,LSTM_AUTOENCODER,0.5118240118026733,5.292897081375118,9.178507280349733,9.473002943992615,0.0,0.0,0.0,4.0,2.0,
2018-10-15,96851,Kab. Sleman,NORMAL,NORMAL,LSTM_AUTOENCODER,0.5095250010490417,5.292897081375118,9.178507280349733,9.473002943992615,0.0,0.0,0.0,3.0,2.0,
2018-10-16,96851,Kab. Sleman,NORMAL,NORMAL,LSTM_AUTOENCODER,0.5075719356536865,5.292897081375118,9.178507280349733,9.473002943992615,0.0,0.0,0.0,5.0,2.0,
2018-10-17,96851,Kab. Sleman,NORMAL,NORMAL,LSTM_AUTOENCODER,0.49180495738983154,5.292897081375118,9.178507280349733,9.473002943992615,0.0,0.0,0.0,4.0,2.0,
2018-10-18,96851,Kab. Sleman,NORMAL,NORMAL,LSTM_AUTOENCODER,0.5238406658172607,5.292897081375118,9.178507280349733,9.473002943992615,0.0,0.0,0.0,6.0,3.0,
2018-10-19,96851,Kab. Sleman,NORMAL,NORMAL,LSTM_AUTOENCODER,0.5400729179382324,5.292897081375118,9.178507280349733,9.473002943992615,0.0,0.0,0.0,4.0,2.0,
2018-10-20,96851,Kab. Sleman,NORMAL,NORMAL,LSTM_AUTOENCODER,0.5606124997138977,5.292897081375118,9.178507280349733,9.473002943992615,0.0,0.0,0.0,5.0,2.0,
2018-10-21,96851,Kab. Sleman,NORMAL,NORMAL,LSTM_AUTOENCODER,0.560502827167511,5.292897081375118,9.178507280349733,9.473002943992615,0.0,0.0,0.0,4.0,2.0,
2018-10-22,96851,Kab. Sleman,NORMAL,NORMAL,LSTM_AUTOENCODER,0.5479434132575989,5.292897081375118,9.178507280349733,9.473002943992615,0.0,0.0,0.0,4.0,3.0,
2018-10-23,96851,Kab. Sleman,NORMAL,NORMAL,LSTM_AUTOENCODER,0.5652134418487549,5.292897081375118,9.178507280349733,9.473002943992615,2.2,2.2,2.2,5.0,3.0,
2018-10-24,96851,Kab. Sleman,NORMAL,NORMAL,LSTM_AUTOENCODER,0.5774685740470886,5.292897081375118,9.178507280349733,9.473002943992615,0.0,2.2,2.2,4.0,3.0,
2018-10-25,96851,Kab. Sleman,NORMAL,NORMAL,LSTM_AUTOENCODER,0.6267639398574829,5.292897081375118,9.178507280349733,9.473002943992615,0.0,2.2,2.2,6.0,3.0,
2018-10-26,96851,Kab. Sleman,NORMAL,NORMAL,LSTM_AUTOENCODER,0.6369761228561401,5.292897081375118,9.178507280349733,9.473002943992615,0.0,0.0,2.2,5.0,3.0,
2018-10-27,96851,Kab. Sleman,NORMAL,NORMAL,LSTM_AUTOENCODER,0.6341263651847839,5.292897081375118,9.178507280349733,9.473002943992615,0.0,0.0,2.2,5.0,3.0,
2018-10-28,96851,Kab. Sleman,NORMAL,NORMAL,LSTM_AUTOENCODER,0.6303746104240417,5.292897081375118,9.178507280349733,9.473002943992615,0.0,0.0,2.2,5.0,2.0,
2018-10-29,96851,Kab. Sleman,NORMAL,NORMAL,LSTM_AUTOENCODER,0.641853392124176,5.292897081375118,9.178507280349733,9.473002943992615,0.0,0.0,2.2,5.0,3.0,
2018-10-30,96851,Kab. Sleman,NORMAL,NORMAL,LSTM_AUTOENCODER,0.6433634161949158,5.292897081375118,9.178507280349733,9.473002943992615,0.0,0.0,0.0,4.0,2.0,
2018-10-31,96851,Kab. Sleman,NORMAL,NORMAL,LSTM_AUTOENCODER,0.6442585587501526,5.292897081375118,9.178507280349733,9.473002943992615,0.0,0.0,0.0,5.0,2.0,
2018-11-01,96851,Kab. Sleman,NORMAL,NORMAL,LSTM_AUTOENCODER,0.6707550883293152,5.292897081375118,9.178507280349733,9.473002943992615,0.0,0.0,0.0,6.0,3.0,
2018-11-02,96851,Kab. Sleman,NORMAL,NORMAL,LSTM_AUTOENCODER,0.67704838514328,5.292897081375118,9.178507280349733,9.473002943992615,0.0,0.0,0.0,4.0,2.0,
2018-11-03,96851,Kab. Sleman,NORMAL,NORMAL,LSTM_AUTOENCODER,0.6854245066642761,5.292897081375118,9.178507280349733,9.473002943992615,0.0,0.0,0.0,4.0,3.0,
2018-11-04,96851,Kab. Sleman,NORMAL,NORMAL,LSTM_AUTOENCODER,0.6749524474143982,5.292897081375118,9.178507280349733,9.473002943992615,0.2,0.2,0.2,5.0,3.0,
2018-11-05,96851,Kab. Sleman,NORMAL,NORMAL,LSTM_AUTOENCODER,0.6614302396774292,5.292897081375118,9.178507280349733,9.473002943992615,0.0,0.2,0.2,5.0,2.0,
2018-11-06,96851,Kab. Sleman,NORMAL,NORMAL,LSTM_AUTOENCODER,0.6801729798316956,5.292897081375118,9.178507280349733,9.473002943992615,1.6,1.8,1.8,3.0,2.0,
2018-11-07,96851,Kab. Sleman,NORMAL,NORMAL,LSTM_AUTOENCODER,0.6882213354110718,5.292897081375118,9.178507280349733,9.473002943992615,9.3,10.9,11.1,4.0,2.0,
2018-11-08,96851,Kab. Sleman,NORMAL,NORMAL,LSTM_AUTOENCODER,0.7054210305213928,5.292897081375118,9.178507280349733,9.473002943992615,1.0,11.9,12.1,4.0,2.0,
2018-11-09,96851,Kab. Sleman,NORMAL,NORMAL,LSTM_AUTOENCODER,1.314501166343689,5.292897081375118,9.178507280349733,9.473002943992615,66.8,77.1,78.9,4.0,2.0,
2018-11-10,96851,Kab. Sleman,NORMAL,NORMAL,LSTM_AUTOENCODER,1.4612029790878296,5.292897081375118,9.178507280349733,9.473002943992615,63.2,131.0,142.1,4.0,2.0,
2018-11-11,96851,Kab. Sleman,NORMAL,NORMAL,LSTM_AUTOENCODER,1.60568368434906,5.292897081375118,9.178507280349733,9.473002943992615,46.4,176.4,188.3,4.0,2.0,
2018-11-12,96851,Kab. Sleman,NORMAL,NORMAL,LSTM_AUTOENCODER,1.8443409204483032,5.292897081375118,9.178507280349733,9.473002943992615,0.0,109.6,188.3,5.0,2.0,
2018-11-13,96851,Kab. Sleman,NORMAL,NORMAL,LSTM_AUTOENCODER,1.8723798990249634,5.292897081375118,9.178507280349733,9.473002943992615,2.0,48.4,188.7,4.0,2.0,
2018-11-14,96851,Kab. Sleman,NORMAL,NORMAL,LSTM_AUTOENCODER,1.9153741598129272,5.292897081375118,9.178507280349733,9.473002943992615,5.0,7.0,184.4,5.0,2.0,
2018-11-15,96851,Kab. Sleman,NORMAL,NORMAL,LSTM_AUTOENCODER,2.031154155731201,5.292897081375118,9.178507280349733,9.473002943992615,34.6,41.6,218.0,5.0,2.0,
2018-11-16,96851,Kab. Sleman,NORMAL,NORMAL,LSTM_AUTOENCODER,2.0696959495544434,5.292897081375118,9.178507280349733,9.473002943992615,17.3,56.900000000000006,168.5,4.0,2.0,
2018-11-17,96851,Kab. Sleman,NORMAL,NORMAL,LSTM_AUTOENCODER,2.0457959175109863,5.292897081375118,9.178507280349733,9.473002943992615,0.0,51.900000000000006,105.29999999999998,4.0,2.0,
2018-11-18,96851,Kab. Sleman,NORMAL,NORMAL,LSTM_AUTOENCODER,2.0488011837005615,5.292897081375118,9.178507280349733,9.473002943992615,0.0,17.3,58.89999999999999,5.0,3.0,
2018-11-19,96851,Kab. Sleman,NORMAL,NORMAL,LSTM_AUTOENCODER,2.0503828525543213,5.292897081375118,9.178507280349733,9.473002943992615,0.0,0.0,58.89999999999999,4.0,3.0,
2018-11-20,96851,Kab. Sleman,NORMAL,NORMAL,LSTM_AUTOENCODER,2.0897328853607178,5.292897081375118,9.178507280349733,9.473002943992615,0.0,0.0,56.89999999999999,6.0,3.0,
2018-11-21,96851,Kab. Sleman,NORMAL,NORMAL,LSTM_AUTOENCODER,2.1098968982696533,5.292897081375118,9.178507280349733,9.473002943992615,0.0,0.0,51.89999999999999,6.0,3.0,
2018-11-22,96851,Kab. Sleman,NORMAL,NORMAL,LSTM_AUTOENCODER,2.132490396499634,5.292897081375118,9.178507280349733,9.473002943992615,20.0,20.0,37.29999999999998,4.0,2.0,
2018-11-23,96851,Kab. Sleman,NORMAL,NORMAL,LSTM_AUTOENCODER,2.1161551475524902,5.292897081375118,9.178507280349733,9.473002943992615,12.0,32.0,31.999999999999982,4.0,2.0,
2018-11-24,96851,Kab. Sleman,NORMAL,NORMAL,LSTM_AUTOENCODER,2.0855579376220703,5.292897081375118,9.178507280349733,9.473002943992615,0.0,32.0,31.999999999999982,4.0,2.0,
2018-11-25,96851,Kab. Sleman,NORMAL,NORMAL,LSTM_AUTOENCODER,2.0593228340148926,5.292897081375118,9.178507280349733,9.473002943992615,0.0,12.0,31.999999999999982,4.0,2.0,
2018-11-26,96851,Kab. Sleman,NORMAL,NORMAL,LSTM_AUTOENCODER,2.036431074142456,5.292897081375118,9.178507280349733,9.473002943992615,1.5,1.5,33.499999999999986,4.0,2.0,
2018-11-27,96851,Kab. Sleman,NORMAL,NORMAL,LSTM_AUTOENCODER,2.2786428928375244,5.292897081375118,9.178507280349733,9.473002943992615,48.9,50.4,82.39999999999998,4.0,1.0,
2018-11-28,96851,Kab. Sleman,NORMAL,NORMAL,LSTM_AUTOENCODER,2.946767807006836,5.292897081375118,9.178507280349733,9.473002943992615,106.4,156.8,188.8,3.0,2.0,
2018-11-29,96851,Kab. Sleman,NORMAL,NORMAL,LSTM_AUTOENCODER,3.9232990741729736,5.292897081375118,9.178507280349733,9.473002943992615,7.2,162.5,175.99999999999997,5.0,2.0,
2018-11-30,96851,Kab. Sleman,NORMAL,NORMAL,LSTM_AUTOENCODER,3.9190175533294678,5.292897081375118,9.178507280349733,9.473002943992615,8.6,122.2,172.6,5.0,2.0,
2018-12-01,96851,Kab. Sleman,NORMAL,NORMAL,LSTM_AUTOENCODER,3.88299822807312,5.292897081375118,9.178507280349733,9.473002943992615,1.0,16.8,173.6,5.0,3.0,
2018-12-02,96851,Kab. Sleman,NORMAL,NORMAL,LSTM_AUTOENCODER,3.867769479751587,5.292897081375118,9.178507280349733,9.473002943992615,0.0,9.6,173.6,4.0,2.0,
2018-12-03,96851,Kab. Sleman,NORMAL,NORMAL,LSTM_AUTOENCODER,3.862638235092163,5.292897081375118,9.178507280349733,9.473002943992615,12.8,13.8,184.9,4.0,2.0,
2018-12-04,96851,Kab. Sleman,NORMAL,NORMAL,LSTM_AUTOENCODER,3.8464515209198,5.292897081375118,9.178507280349733,9.473002943992615,25.6,38.400000000000006,161.59999999999997,5.0,2.0,
2018-12-05,96851,Kab. Sleman,NORMAL,NORMAL,LSTM_AUTOENCODER,4.504726409912109,5.292897081375118,9.178507280349733,9.473002943992615,91.0,129.4,146.2,6.0,2.0,
2018-12-06,96851,Kab. Sleman,NORMAL,NORMAL,LSTM_AUTOENCODER,4.995668888092041,5.292897081375118,9.178507280349733,9.473002943992615,22.3,138.9,161.29999999999998,5.0,2.0,
2018-12-07,96851,Kab. Sleman,NORMAL,NORMAL,LSTM_AUTOENCODER,5.0337395668029785,5.292897081375118,9.178507280349733,9.473002943992615,17.3,130.6,169.99999999999997,5.0,2.0,
2018-12-08,96851,Kab. Sleman,WASPADA,CURAH_HUJAN_EKSTREM_DAN_ANGIN_KENCANG,LSTM_AUTOENCODER,5.355020999908447,5.292897081375118,9.178507280349733,9.473002943992615,59.1,98.7,228.1,5.0,2.0,Anomaly score above WASPADA threshold; Rainfall above local percentile threshold; Wind above local percentile threshold
2018-12-09,96851,Kab. Sleman,NORMAL,NORMAL,LSTM_AUTOENCODER,5.177524089813232,5.292897081375118,9.178507280349733,9.473002943992615,0.3,76.7,228.4,3.0,2.0,
2018-12-10,96851,Kab. Sleman,WASPADA,ANGIN_KENCANG,LSTM_AUTOENCODER,5.695339679718018,5.292897081375118,9.178507280349733,9.473002943992615,0.0,59.4,215.6,14.0,3.0,Anomaly score above WASPADA threshold; Wind above local percentile threshold
2018-12-11,96851,Kab. Sleman,WASPADA,ANGIN_KENCANG,LSTM_AUTOENCODER,5.8050923347473145,5.292897081375118,9.178507280349733,9.473002943992615,15.4,15.7,205.4,5.0,2.0,Anomaly score above WASPADA threshold; Wind above local percentile threshold
2018-12-12,96851,Kab. Sleman,WASPADA,ANGIN_KENCANG,LSTM_AUTOENCODER,5.5806779861450195,5.292897081375118,9.178507280349733,9.473002943992615,7.7,23.1,122.09999999999998,5.0,3.0,Anomaly score above WASPADA threshold; Wind above local percentile threshold
2018-12-13,96851,Kab. Sleman,WASPADA,ANGIN_KENCANG,LSTM_AUTOENCODER,5.600327968597412,5.292897081375118,9.178507280349733,9.473002943992615,0.0,23.1,99.79999999999998,4.0,2.0,Anomaly score above WASPADA threshold; Wind above local percentile threshold
2018-12-14,96851,Kab. Sleman,WASPADA,ANGIN_KENCANG,LSTM_AUTOENCODER,5.630920886993408,5.292897081375118,9.178507280349733,9.473002943992615,0.3,8.0,82.79999999999997,4.0,2.0,Anomaly score above WASPADA threshold; Wind above local percentile threshold
2018-12-15,96851,Kab. Sleman,WASPADA,ANGIN_KENCANG,LSTM_AUTOENCODER,5.521389007568359,5.292897081375118,9.178507280349733,9.473002943992615,9.9,10.2,33.59999999999997,6.0,2.0,Anomaly score above WASPADA threshold; Wind above local percentile threshold
2018-12-16,96851,Kab. Sleman,WASPADA,ANOMALI_CUACA,LSTM_AUTOENCODER,5.5141987800598145,5.292897081375118,9.178507280349733,9.473002943992615,8.0,18.200000000000003,41.299999999999976,3.0,2.0,Anomaly score above WASPADA threshold
2018-12-17,96851,Kab. Sleman,WASPADA,ANGIN_KENCANG,LSTM_AUTOENCODER,5.505162715911865,5.292897081375118,9.178507280349733,9.473002943992615,1.0,18.9,42.299999999999976,5.0,2.0,Anomaly score above WASPADA threshold; Wind above local percentile threshold
2018-12-18,96851,Kab. Sleman,WASPADA,ANGIN_KENCANG,LSTM_AUTOENCODER,5.483949661254883,5.292897081375118,9.178507280349733,9.473002943992615,0.0,9.0,26.89999999999997,5.0,2.0,Anomaly score above WASPADA threshold; Wind above local percentile threshold
2018-12-19,96851,Kab. Sleman,WASPADA,ANGIN_KENCANG,LSTM_AUTOENCODER,5.48535680770874,5.292897081375118,9.178507280349733,9.473002943992615,6.3,7.3,25.49999999999997,4.0,2.0,Anomaly score above WASPADA threshold; Wind above local percentile threshold
2018-12-20,96851,Kab. Sleman,WASPADA,ANGIN_KENCANG,LSTM_AUTOENCODER,5.4461469650268555,5.292897081375118,9.178507280349733,9.473002943992615,0.0,6.3,25.49999999999997,4.0,2.0,Anomaly score above WASPADA threshold; Wind above local percentile threshold
2018-12-21,96851,Kab. Sleman,WASPADA,ANGIN_KENCANG,LSTM_AUTOENCODER,5.418509483337402,5.292897081375118,9.178507280349733,9.473002943992615,3.2,9.5,28.39999999999997,4.0,2.0,Anomaly score above WASPADA threshold; Wind above local percentile threshold
2018-12-22,96851,Kab. Sleman,WASPADA,ANGIN_KENCANG,LSTM_AUTOENCODER,5.378870964050293,5.292897081375118,9.178507280349733,9.473002943992615,1.5,4.7,19.99999999999997,5.0,2.0,Anomaly score above WASPADA threshold; Wind above local percentile threshold
2018-12-23,96851,Kab. Sleman,WASPADA,ANGIN_KENCANG,LSTM_AUTOENCODER,5.399038314819336,5.292897081375118,9.178507280349733,9.473002943992615,14.0,18.7,25.99999999999997,5.0,3.0,Anomaly score above WASPADA threshold; Wind above local percentile threshold
2018-12-24,96851,Kab. Sleman,WASPADA,ANGIN_KENCANG,LSTM_AUTOENCODER,5.413287162780762,5.292897081375118,9.178507280349733,9.473002943992615,8.0,23.5,32.99999999999997,5.0,2.0,Anomaly score above WASPADA threshold; Wind above local percentile threshold
2018-12-25,96851,Kab. Sleman,WASPADA,ANGIN_KENCANG,LSTM_AUTOENCODER,5.4646100997924805,5.292897081375118,9.178507280349733,9.473002943992615,4.0,26.0,36.99999999999997,5.0,2.0,Anomaly score above WASPADA threshold; Wind above local percentile threshold
2018-12-26,96851,Kab. Sleman,WASPADA,ANGIN_KENCANG,LSTM_AUTOENCODER,5.5458083152771,5.292897081375118,9.178507280349733,9.473002943992615,15.0,27.0,45.69999999999997,5.0,2.0,Anomaly score above WASPADA threshold; Wind above local percentile threshold
2018-12-27,96851,Kab. Sleman,WASPADA,ANGIN_KENCANG,LSTM_AUTOENCODER,5.362236022949219,5.292897081375118,9.178507280349733,9.473002943992615,0.0,19.0,45.69999999999997,4.0,2.0,Anomaly score above WASPADA threshold; Wind above local percentile threshold
2018-12-28,96851,Kab. Sleman,NORMAL,NORMAL,LSTM_AUTOENCODER,4.609380722045898,5.292897081375118,9.178507280349733,9.473002943992615,0.0,15.0,42.49999999999997,6.0,4.0,
2018-12-29,96851,Kab. Sleman,NORMAL,NORMAL,LSTM_AUTOENCODER,3.658209800720215,5.292897081375118,9.178507280349733,9.473002943992615,0.0,0.0,40.99999999999997,6.0,4.0,
2018-12-30,96851,Kab. Sleman,NORMAL,NORMAL,LSTM_AUTOENCODER,3.7247416973114014,5.292897081375118,9.178507280349733,9.473002943992615,7.5,7.5,34.49999999999997,8.0,5.0,
2018-12-31,96851,Kab. Sleman,NORMAL,NORMAL,LSTM_AUTOENCODER,3.7577767372131348,5.292897081375118,9.178507280349733,9.473002943992615,15.0,22.5,41.49999999999997,6.0,4.0,
2019-01-01,96851,Kab. Sleman,NORMAL,NORMAL,LSTM_AUTOENCODER,3.834642171859741,5.292897081375118,9.178507280349733,9.473002943992615,0.0,22.5,37.49999999999997,5.0,3.0,
2019-01-02,96851,Kab. Sleman,NORMAL,NORMAL,LSTM_AUTOENCODER,3.8895041942596436,5.292897081375118,9.178507280349733,9.473002943992615,3.6,18.6,26.099999999999973,4.0,2.0,
2019-01-03,96851,Kab. Sleman,NORMAL,NORMAL,LSTM_AUTOENCODER,3.9789180755615234,5.292897081375118,9.178507280349733,9.473002943992615,12.4,16.0,38.49999999999997,7.0,3.0,
2019-01-04,96851,Kab. Sleman,NORMAL,NORMAL,LSTM_AUTOENCODER,3.258082628250122,5.292897081375118,9.178507280349733,9.473002943992615,22.4,38.4,60.89999999999997,4.0,2.0,
2019-01-05,96851,Kab. Sleman,NORMAL,NORMAL,LSTM_AUTOENCODER,2.7991015911102295,5.292897081375118,9.178507280349733,9.473002943992615,26.2,61.0,87.09999999999997,3.0,1.0,
2019-01-06,96851,Kab. Sleman,NORMAL,NORMAL,LSTM_AUTOENCODER,2.825631856918335,5.292897081375118,9.178507280349733,9.473002943992615,8.0,56.6,87.59999999999997,4.0,1.0,
2019-01-07,96851,Kab. Sleman,NORMAL,NORMAL,LSTM_AUTOENCODER,2.6599903106689453,5.292897081375118,9.178507280349733,9.473002943992615,41.3,75.5,113.89999999999996,5.0,2.0,
2019-01-08,96851,Kab. Sleman,NORMAL,NORMAL,LSTM_AUTOENCODER,2.491359233856201,5.292897081375118,9.178507280349733,9.473002943992615,4.0,53.29999999999999,117.89999999999996,4.0,2.0,
2019-01-09,96851,Kab. Sleman,NORMAL,NORMAL,LSTM_AUTOENCODER,1.8417402505874634,5.292897081375118,9.178507280349733,9.473002943992615,0.0,45.3,114.29999999999995,5.0,2.0,
2019-01-10,96851,Kab. Sleman,NORMAL,NORMAL,LSTM_AUTOENCODER,1.5968520641326904,5.292897081375118,9.178507280349733,9.473002943992615,13.2,17.2,115.09999999999997,4.0,2.0,
2019-01-11,96851,Kab. Sleman,NORMAL,NORMAL,LSTM_AUTOENCODER,1.5989614725112915,5.292897081375118,9.178507280349733,9.473002943992615,0.0,13.2,92.69999999999996,5.0,2.0,
2019-01-12,96851,Kab. Sleman,NORMAL,NORMAL,LSTM_AUTOENCODER,1.616143822669983,5.292897081375118,9.178507280349733,9.473002943992615,0.0,13.2,66.49999999999997,6.0,3.0,
2019-01-13,96851,Kab. Sleman,NORMAL,NORMAL,LSTM_AUTOENCODER,1.6176660060882568,5.292897081375118,9.178507280349733,9.473002943992615,0.0,0.0,58.49999999999997,3.0,2.0,
2019-01-14,96851,Kab. Sleman,NORMAL,NORMAL,LSTM_AUTOENCODER,1.6028978824615479,5.292897081375118,9.178507280349733,9.473002943992615,16.6,16.6,33.79999999999997,5.0,2.0,
2019-01-15,96851,Kab. Sleman,NORMAL,NORMAL,LSTM_AUTOENCODER,1.5595556497573853,5.292897081375118,9.178507280349733,9.473002943992615,10.9,27.5,40.69999999999997,6.0,3.0,
2019-01-16,96851,Kab. Sleman,NORMAL,NORMAL,LSTM_AUTOENCODER,1.544419765472412,5.292897081375118,9.178507280349733,9.473002943992615,19.8,47.3,60.49999999999997,5.0,2.0,
2019-01-17,96851,Kab. Sleman,NORMAL,NORMAL,LSTM_AUTOENCODER,1.5744521617889404,5.292897081375118,9.178507280349733,9.473002943992615,15.9,46.6,63.19999999999997,7.0,2.0,
2019-01-18,96851,Kab. Sleman,NORMAL,NORMAL,LSTM_AUTOENCODER,1.5782500505447388,5.292897081375118,9.178507280349733,9.473002943992615,18.1,53.8,81.29999999999998,5.0,3.0,
2019-01-19,96851,Kab. Sleman,NORMAL,NORMAL,LSTM_AUTOENCODER,1.5772888660430908,5.292897081375118,9.178507280349733,9.473002943992615,4.2,38.2,85.49999999999997,4.0,2.0,
2019-01-20,96851,Kab. Sleman,NORMAL,NORMAL,LSTM_AUTOENCODER,1.5788906812667847,5.292897081375118,9.178507280349733,9.473002943992615,2.8,25.1,88.29999999999998,4.0,2.0,
2019-01-21,96851,Kab. Sleman,NORMAL,NORMAL,LSTM_AUTOENCODER,1.583997368812561,5.292897081375118,9.178507280349733,9.473002943992615,8.5,15.5,80.19999999999996,5.0,3.0,
2019-01-22,96851,Kab. Sleman,NORMAL,NORMAL,LSTM_AUTOENCODER,1.5506259202957153,5.292897081375118,9.178507280349733,9.473002943992615,12.6,23.9,81.89999999999998,4.0,1.0,
2019-01-23,96851,Kab. Sleman,NORMAL,NORMAL,LSTM_AUTOENCODER,1.5352624654769897,5.292897081375118,9.178507280349733,9.473002943992615,19.2,40.3,81.29999999999997,4.0,1.0,
2019-01-24,96851,Kab. Sleman,NORMAL,NORMAL,LSTM_AUTOENCODER,1.5751913785934448,5.292897081375118,9.178507280349733,9.473002943992615,4.9,36.7,70.29999999999997,6.0,2.0,
2019-01-25,96851,Kab. Sleman,NORMAL,NORMAL,LSTM_AUTOENCODER,1.591513752937317,5.292897081375118,9.178507280349733,9.473002943992615,20.7,44.8,72.89999999999998,6.0,1.0,
2019-01-26,96851,Kab. Sleman,NORMAL,NORMAL,LSTM_AUTOENCODER,1.5975066423416138,5.292897081375118,9.178507280349733,9.473002943992615,28.7,54.3,97.39999999999996,5.0,2.0,
2019-01-27,96851,Kab. Sleman,NORMAL,NORMAL,LSTM_AUTOENCODER,1.631697177886963,5.292897081375118,9.178507280349733,9.473002943992615,1.3,50.7,95.89999999999996,5.0,1.0,
2019-01-28,96851,Kab. Sleman,NORMAL,NORMAL,LSTM_AUTOENCODER,1.6098576784133911,5.292897081375118,9.178507280349733,9.473002943992615,10.0,40.0,97.39999999999998,3.0,1.0,
2019-01-29,96851,Kab. Sleman,NORMAL,NORMAL,LSTM_AUTOENCODER,1.5031033754348755,5.292897081375118,9.178507280349733,9.473002943992615,0.0,11.3,84.79999999999998,3.0,2.0,
2019-01-30,96851,Kab. Sleman,NORMAL,NORMAL,LSTM_AUTOENCODER,1.5639615058898926,5.292897081375118,9.178507280349733,9.473002943992615,35.0,45.0,100.59999999999997,5.0,2.0,
2019-01-31,96851,Kab. Sleman,NORMAL,NORMAL,LSTM_AUTOENCODER,1.6947413682937622,5.292897081375118,9.178507280349733,9.473002943992615,61.8,96.8,157.49999999999997,4.0,2.0,
2019-02-01,96851,Kab. Sleman,NORMAL,NORMAL,LSTM_AUTOENCODER,2.074840545654297,5.292897081375118,9.178507280349733,9.473002943992615,0.4,97.2,137.2,4.0,2.0,
2019-02-02,96851,Kab. Sleman,NORMAL,NORMAL,LSTM_AUTOENCODER,2.0019774436950684,5.292897081375118,9.178507280349733,9.473002943992615,15.9,78.1,124.39999999999998,5.0,2.0,
2019-02-03,96851,Kab. Sleman,NORMAL,NORMAL,LSTM_AUTOENCODER,2.0084786415100098,5.292897081375118,9.178507280349733,9.473002943992615,0.0,16.3,123.09999999999998,5.0,2.0,
2019-02-04,96851,Kab. Sleman,NORMAL,NORMAL,LSTM_AUTOENCODER,2.023829221725464,5.292897081375118,9.178507280349733,9.473002943992615,0.0,15.9,113.09999999999997,5.0,2.0,
2019-02-05,96851,Kab. Sleman,NORMAL,NORMAL,LSTM_AUTOENCODER,2.140690565109253,5.292897081375118,9.178507280349733,9.473002943992615,30.7,30.7,143.79999999999995,6.0,3.0,
2019-02-06,96851,Kab. Sleman,NORMAL,NORMAL,LSTM_AUTOENCODER,2.052478551864624,5.292897081375118,9.178507280349733,9.473002943992615,1.0,31.7,109.79999999999995,5.0,3.0,
2019-02-07,96851,Kab. Sleman,NORMAL,NORMAL,LSTM_AUTOENCODER,1.9521082639694214,5.292897081375118,9.178507280349733,9.473002943992615,6.4,38.1,54.39999999999997,6.0,3.0,
2019-02-08,96851,Kab. Sleman,NORMAL,NORMAL,LSTM_AUTOENCODER,2.0158612728118896,5.292897081375118,9.178507280349733,9.473002943992615,31.5,38.900000000000006,85.49999999999997,4.0,2.0,
2019-02-09,96851,Kab. Sleman,NORMAL,NORMAL,LSTM_AUTOENCODER,2.0889384746551514,5.292897081375118,9.178507280349733,9.473002943992615,2.9,40.8,72.49999999999997,4.0,2.0,
2019-02-10,96851,Kab. Sleman,NORMAL,NORMAL,LSTM_AUTOENCODER,2.078784465789795,5.292897081375118,9.178507280349733,9.473002943992615,0.0,34.400000000000006,72.49999999999997,5.0,2.0,
2019-02-11,96851,Kab. Sleman,NORMAL,NORMAL,LSTM_AUTOENCODER,2.0558037757873535,5.292897081375118,9.178507280349733,9.473002943992615,10.5,13.400000000000004,82.99999999999997,4.0,2.0,
2019-02-12,96851,Kab. Sleman,NORMAL,NORMAL,LSTM_AUTOENCODER,2.078848361968994,5.292897081375118,9.178507280349733,9.473002943992615,2.2,12.700000000000005,54.49999999999997,5.0,2.0,
2019-02-13,96851,Kab. Sleman,NORMAL,NORMAL,LSTM_AUTOENCODER,2.02777099609375,5.292897081375118,9.178507280349733,9.473002943992615,0.0,12.700000000000005,53.49999999999997,4.0,1.0,
2019-02-14,96851,Kab. Sleman,NORMAL,NORMAL,LSTM_AUTOENCODER,2.0269999504089355,5.292897081375118,9.178507280349733,9.473002943992615,16.1,18.300000000000004,63.19999999999997,4.0,1.0,
2019-02-15,96851,Kab. Sleman,NORMAL,NORMAL,LSTM_AUTOENCODER,2.0304694175720215,5.292897081375118,9.178507280349733,9.473002943992615,1.0,17.100000000000005,32.699999999999974,4.0,2.0,
2019-02-16,96851,Kab. Sleman,NORMAL,NORMAL,LSTM_AUTOENCODER,1.976633906364441,5.292897081375118,9.178507280349733,9.473002943992615,1.3,18.40000000000001,31.099999999999977,4.0,2.0,
2019-02-17,96851,Kab. Sleman,NORMAL,NORMAL,LSTM_AUTOENCODER,2.0103678703308105,5.292897081375118,9.178507280349733,9.473002943992615,28.1,30.40000000000001,59.19999999999997,4.0,2.0,
2019-02-18,96851,Kab. Sleman,NORMAL,NORMAL,LSTM_AUTOENCODER,2.106691837310791,5.292897081375118,9.178507280349733,9.473002943992615,0.0,29.40000000000001,48.69999999999997,4.0,1.0,
2019-02-19,96851,Kab. Sleman,NORMAL,NORMAL,LSTM_AUTOENCODER,2.154184579849243,5.292897081375118,9.178507280349733,9.473002943992615,6.5,34.60000000000001,52.99999999999997,6.0,1.0,
2019-02-20,96851,Kab. Sleman,NORMAL,NORMAL,LSTM_AUTOENCODER,2.16609263420105,5.292897081375118,9.178507280349733,9.473002943992615,4.0,10.500000000000004,56.99999999999997,4.0,1.0,
2019-02-21,96851,Kab. Sleman,NORMAL,NORMAL,LSTM_AUTOENCODER,2.2211391925811768,5.292897081375118,9.178507280349733,9.473002943992615,25.6,36.10000000000001,66.49999999999997,3.0,1.0,
2019-02-22,96851,Kab. Sleman,NORMAL,NORMAL,LSTM_AUTOENCODER,2.2895774841308594,5.292897081375118,9.178507280349733,9.473002943992615,5.3,34.900000000000006,70.79999999999997,4.0,1.0,
2019-02-23,96851,Kab. Sleman,NORMAL,NORMAL,LSTM_AUTOENCODER,2.305551767349243,5.292897081375118,9.178507280349733,9.473002943992615,0.3,31.200000000000006,69.79999999999998,6.0,2.0,
2019-02-24,96851,Kab. Sleman,NORMAL,NORMAL,LSTM_AUTOENCODER,2.6205835342407227,5.292897081375118,9.178507280349733,9.473002943992615,56.3,61.900000000000006,97.99999999999996,5.0,2.0,
2019-02-25,96851,Kab. Sleman,NORMAL,NORMAL,LSTM_AUTOENCODER,2.690042018890381,5.292897081375118,9.178507280349733,9.473002943992615,25.0,81.60000000000001,122.99999999999996,5.0,2.0,
2019-02-26,96851,Kab. Sleman,NORMAL,NORMAL,LSTM_AUTOENCODER,2.655329942703247,5.292897081375118,9.178507280349733,9.473002943992615,29.3,110.6,145.79999999999995,5.0,2.0,
2019-02-27,96851,Kab. Sleman,NORMAL,NORMAL,LSTM_AUTOENCODER,2.7065858840942383,5.292897081375118,9.178507280349733,9.473002943992615,11.6,65.9,153.39999999999998,5.0,2.0,
2019-02-28,96851,Kab. Sleman,NORMAL,NORMAL,LSTM_AUTOENCODER,2.76400089263916,5.292897081375118,9.178507280349733,9.473002943992615,12.2,53.10000000000001,139.99999999999997,3.0,1.0,
2019-03-01,96851,Kab. Sleman,NORMAL,NORMAL,LSTM_AUTOENCODER,2.6049575805664062,5.292897081375118,9.178507280349733,9.473002943992615,9.2,33.00000000000001,143.89999999999995,3.0,2.0,
2019-03-02,96851,Kab. Sleman,NORMAL,NORMAL,LSTM_AUTOENCODER,2.419405937194824,5.292897081375118,9.178507280349733,9.473002943992615,30.9,52.3,174.49999999999997,3.0,1.0,
2019-03-03,96851,Kab. Sleman,NORMAL,NORMAL,LSTM_AUTOENCODER,2.076995611190796,5.292897081375118,9.178507280349733,9.473002943992615,28.3,68.4,146.49999999999997,3.0,1.0,
2019-03-04,96851,Kab. Sleman,NORMAL,NORMAL,LSTM_AUTOENCODER,2.080677032470703,5.292897081375118,9.178507280349733,9.473002943992615,5.0,64.2,126.49999999999996,3.0,1.0,
2019-03-05,96851,Kab. Sleman,NORMAL,NORMAL,LSTM_AUTOENCODER,2.086954116821289,5.292897081375118,9.178507280349733,9.473002943992615,0.0,33.30000000000001,97.19999999999996,5.0,2.0,
2019-03-06,96851,Kab. Sleman,NORMAL,NORMAL,LSTM_AUTOENCODER,2.150052547454834,5.292897081375118,9.178507280349733,9.473002943992615,19.7,24.700000000000006,105.29999999999995,6.0,2.0,
2019-03-07,96851,Kab. Sleman,NORMAL,NORMAL,LSTM_AUTOENCODER,2.1201837062835693,5.292897081375118,9.178507280349733,9.473002943992615,41.5,61.2,134.59999999999997,2.0,0.0,
2019-03-08,96851,Kab. Sleman,NORMAL,NORMAL,LSTM_AUTOENCODER,2.190669536590576,5.292897081375118,9.178507280349733,9.473002943992615,0.5,61.7,125.89999999999996,4.0,1.0,
2019-03-09,96851,Kab. Sleman,NORMAL,NORMAL,LSTM_AUTOENCODER,2.1568210124969482,5.292897081375118,9.178507280349733,9.473002943992615,0.0,42.0,94.99999999999996,5.0,2.0,
2019-03-10,96851,Kab. Sleman,NORMAL,NORMAL,LSTM_AUTOENCODER,2.064007043838501,5.292897081375118,9.178507280349733,9.473002943992615,0.0,0.5,66.69999999999997,4.0,2.0,
2019-03-11,96851,Kab. Sleman,NORMAL,NORMAL,LSTM_AUTOENCODER,1.990291714668274,5.292897081375118,9.178507280349733,9.473002943992615,3.5,3.5,65.19999999999997,4.0,2.0,
2019-03-12,96851,Kab. Sleman,NORMAL,NORMAL,LSTM_AUTOENCODER,1.9718043804168701,5.292897081375118,9.178507280349733,9.473002943992615,6.9,10.4,72.09999999999998,3.0,2.0,
2019-03-13,96851,Kab. Sleman,NORMAL,NORMAL,LSTM_AUTOENCODER,1.9694877862930298,5.292897081375118,9.178507280349733,9.473002943992615,2.4,12.8,54.79999999999997,3.0,2.0,
2019-03-14,96851,Kab. Sleman,NORMAL,NORMAL,LSTM_AUTOENCODER,1.9550747871398926,5.292897081375118,9.178507280349733,9.473002943992615,19.3,28.6,32.59999999999997,3.0,1.0,
2019-03-15,96851,Kab. Sleman,NORMAL,NORMAL,LSTM_AUTOENCODER,1.9795572757720947,5.292897081375118,9.178507280349733,9.473002943992615,4.0,25.700000000000003,36.09999999999997,4.0,2.0,
2019-03-16,96851,Kab. Sleman,NORMAL,NORMAL,LSTM_AUTOENCODER,2.1911427974700928,5.292897081375118,9.178507280349733,9.473002943992615,47.0,70.3,83.09999999999997,6.0,2.0,
2019-03-17,96851,Kab. Sleman,NORMAL,NORMAL,LSTM_AUTOENCODER,2.300360918045044,5.292897081375118,9.178507280349733,9.473002943992615,16.5,67.5,99.59999999999997,3.0,2.0,
2019-03-18,96851,Kab. Sleman,NORMAL,NORMAL,LSTM_AUTOENCODER,3.4856460094451904,5.292897081375118,9.178507280349733,9.473002943992615,106.9,170.4,203.0,4.0,2.0,
2019-03-19,96851,Kab. Sleman,NORMAL,NORMAL,LSTM_AUTOENCODER,4.457480430603027,5.292897081375118,9.178507280349733,9.473002943992615,0.7,124.1,196.79999999999995,3.0,2.0,
2019-03-20,96851,Kab. Sleman,NORMAL,NORMAL,LSTM_AUTOENCODER,4.395842552185059,5.292897081375118,9.178507280349733,9.473002943992615,6.6,114.2,201.0,5.0,2.0,
2019-03-21,96851,Kab. Sleman,NORMAL,NORMAL,LSTM_AUTOENCODER,4.342703819274902,5.292897081375118,9.178507280349733,9.473002943992615,18.65,25.95,200.35,4.0,2.0,
2019-03-22,96851,Kab. Sleman,NORMAL,NORMAL,LSTM_AUTOENCODER,4.374959468841553,5.292897081375118,9.178507280349733,9.473002943992615,30.7,55.95,227.05,6.0,2.0,
2019-03-23,96851,Kab. Sleman,NORMAL,NORMAL,LSTM_AUTOENCODER,4.461343765258789,5.292897081375118,9.178507280349733,9.473002943992615,55.8,105.15,235.85,5.0,2.0,
2019-03-24,96851,Kab. Sleman,NORMAL,NORMAL,LSTM_AUTOENCODER,4.534062385559082,5.292897081375118,9.178507280349733,9.473002943992615,33.9,120.4,253.25,2.0,1.0,
2019-03-25,96851,Kab. Sleman,NORMAL,NORMAL,LSTM_AUTOENCODER,4.612391471862793,5.292897081375118,9.178507280349733,9.473002943992615,6.2,95.9,152.54999999999995,4.0,2.0,
2019-03-26,96851,Kab. Sleman,NORMAL,NORMAL,LSTM_AUTOENCODER,4.2447638511657715,5.292897081375118,9.178507280349733,9.473002943992615,0.0,40.10000000000001,151.84999999999997,4.0,2.0,
2019-03-27,96851,Kab. Sleman,NORMAL,NORMAL,LSTM_AUTOENCODER,4.162102699279785,5.292897081375118,9.178507280349733,9.473002943992615,2.7,8.900000000000007,147.94999999999996,4.0,2.0,
2019-03-28,96851,Kab. Sleman,NORMAL,NORMAL,LSTM_AUTOENCODER,4.144274711608887,5.292897081375118,9.178507280349733,9.473002943992615,1.2,3.900000000000008,130.49999999999997,4.0,2.0,
2019-03-29,96851,Kab. Sleman,NORMAL,NORMAL,LSTM_AUTOENCODER,4.115573883056641,5.292897081375118,9.178507280349733,9.473002943992615,8.6,12.500000000000009,108.39999999999996,4.0,2.0,
2019-03-30,96851,Kab. Sleman,NORMAL,NORMAL,LSTM_AUTOENCODER,4.157614231109619,5.292897081375118,9.178507280349733,9.473002943992615,0.0,9.800000000000008,52.599999999999966,4.0,2.0,
2019-03-31,96851,Kab. Sleman,NORMAL,NORMAL,LSTM_AUTOENCODER,4.2229108810424805,5.292897081375118,9.178507280349733,9.473002943992615,0.0,8.600000000000007,18.69999999999997,5.0,2.0,
2019-04-01,96851,Kab. Sleman,NORMAL,NORMAL,LSTM_AUTOENCODER,4.459926128387451,5.292897081375118,9.178507280349733,9.473002943992615,52.2,52.20000000000001,64.69999999999997,5.0,2.0,
2019-04-02,96851,Kab. Sleman,NORMAL,NORMAL,LSTM_AUTOENCODER,4.517121315002441,5.292897081375118,9.178507280349733,9.473002943992615,21.8,74.00000000000001,86.49999999999997,5.0,2.0,
2019-04-03,96851,Kab. Sleman,NORMAL,NORMAL,LSTM_AUTOENCODER,4.497326374053955,5.292897081375118,9.178507280349733,9.473002943992615,12.4,86.4,96.19999999999996,6.0,2.0,
2019-04-04,96851,Kab. Sleman,NORMAL,NORMAL,LSTM_AUTOENCODER,4.537315845489502,5.292897081375118,9.178507280349733,9.473002943992615,3.0,37.20000000000001,97.99999999999996,3.0,1.0,
2019-04-05,96851,Kab. Sleman,NORMAL,NORMAL,LSTM_AUTOENCODER,4.656945705413818,5.292897081375118,9.178507280349733,9.473002943992615,46.3,61.7,135.7,4.0,2.0,
2019-04-06,96851,Kab. Sleman,NORMAL,NORMAL,LSTM_AUTOENCODER,4.538327217102051,5.292897081375118,9.178507280349733,9.473002943992615,46.3,95.6,182.0,6.0,2.0,
2019-04-07,96851,Kab. Sleman,NORMAL,NORMAL,LSTM_AUTOENCODER,4.565963268280029,5.292897081375118,9.178507280349733,9.473002943992615,0.0,92.6,182.0,4.0,2.0,
2019-04-08,96851,Kab. Sleman,NORMAL,NORMAL,LSTM_AUTOENCODER,4.5491108894348145,5.292897081375118,9.178507280349733,9.473002943992615,0.0,46.3,129.79999999999995,3.0,2.0,
2019-04-09,96851,Kab. Sleman,NORMAL,NORMAL,LSTM_AUTOENCODER,4.541197776794434,5.292897081375118,9.178507280349733,9.473002943992615,10.1,10.100000000000009,118.09999999999997,3.0,2.0,
2019-04-10,96851,Kab. Sleman,NORMAL,NORMAL,LSTM_AUTOENCODER,4.574531555175781,5.292897081375118,9.178507280349733,9.473002943992615,0.0,10.100000000000009,105.69999999999996,5.0,2.0,
2019-04-11,96851,Kab. Sleman,NORMAL,NORMAL,LSTM_AUTOENCODER,4.601474761962891,5.292897081375118,9.178507280349733,9.473002943992615,0.0,10.100000000000009,102.69999999999996,4.0,1.0,
2019-04-12,96851,Kab. Sleman,NORMAL,NORMAL,LSTM_AUTOENCODER,4.641368389129639,5.292897081375118,9.178507280349733,9.473002943992615,15.6,15.600000000000009,71.99999999999997,3.0,1.0,
2019-04-13,96851,Kab. Sleman,NORMAL,NORMAL,LSTM_AUTOENCODER,4.704375267028809,5.292897081375118,9.178507280349733,9.473002943992615,0.0,15.600000000000009,25.69999999999997,4.0,2.0,
2019-04-14,96851,Kab. Sleman,NORMAL,NORMAL,LSTM_AUTOENCODER,4.78499698638916,5.292897081375118,9.178507280349733,9.473002943992615,0.8,16.400000000000006,26.49999999999997,3.0,2.0,
2019-04-15,96851,Kab. Sleman,NORMAL,NORMAL,LSTM_AUTOENCODER,4.591805934906006,5.292897081375118,9.178507280349733,9.473002943992615,0.0,0.8000000000000071,26.49999999999997,3.0,1.0,
2019-04-16,96851,Kab. Sleman,NORMAL,NORMAL,LSTM_AUTOENCODER,4.577833652496338,5.292897081375118,9.178507280349733,9.473002943992615,12.5,13.300000000000008,28.89999999999997,5.0,2.0,
2019-04-17,96851,Kab. Sleman,NORMAL,NORMAL,LSTM_AUTOENCODER,3.2740366458892822,5.292897081375118,9.178507280349733,9.473002943992615,23.6,36.10000000000001,52.49999999999997,5.0,2.0,
2019-04-18,96851,Kab. Sleman,NORMAL,NORMAL,LSTM_AUTOENCODER,2.2449331283569336,5.292897081375118,9.178507280349733,9.473002943992615,30.4,66.5,82.89999999999998,3.0,1.0,
2019-04-19,96851,Kab. Sleman,NORMAL,NORMAL,LSTM_AUTOENCODER,2.356379747390747,5.292897081375118,9.178507280349733,9.473002943992615,0.0,54.00000000000001,67.29999999999998,5.0,3.0,
2019-04-20,96851,Kab. Sleman,NORMAL,NORMAL,LSTM_AUTOENCODER,2.4032516479492188,5.292897081375118,9.178507280349733,9.473002943992615,0.0,30.40000000000001,67.29999999999998,3.0,2.0,
2019-04-21,96851,Kab. Sleman,NORMAL,NORMAL,LSTM_AUTOENCODER,2.4100444316864014,5.292897081375118,9.178507280349733,9.473002943992615,4.7,4.700000000000007,71.19999999999997,6.0,3.0,
2019-04-22,96851,Kab. Sleman,NORMAL,NORMAL,LSTM_AUTOENCODER,2.227881669998169,5.292897081375118,9.178507280349733,9.473002943992615,0.0,4.700000000000007,71.19999999999997,5.0,2.0,
2019-04-23,96851,Kab. Sleman,NORMAL,NORMAL,LSTM_AUTOENCODER,2.0956642627716064,5.292897081375118,9.178507280349733,9.473002943992615,0.0,4.700000000000007,58.69999999999997,3.0,2.0,
2019-04-24,96851,Kab. Sleman,NORMAL,NORMAL,LSTM_AUTOENCODER,2.02270770072937,5.292897081375118,9.178507280349733,9.473002943992615,0.0,0.0,35.09999999999997,5.0,2.0,
2019-04-25,96851,Kab. Sleman,NORMAL,NORMAL,LSTM_AUTOENCODER,2.019329309463501,5.292897081375118,9.178507280349733,9.473002943992615,1.5,1.500000000000007,6.199999999999972,4.0,2.0,
2019-04-26,96851,Kab. Sleman,NORMAL,NORMAL,LSTM_AUTOENCODER,2.019073009490967,5.292897081375118,9.178507280349733,9.473002943992615,0.0,1.500000000000007,6.199999999999972,4.0,2.0,
2019-04-27,96851,Kab. Sleman,NORMAL,NORMAL,LSTM_AUTOENCODER,2.017688751220703,5.292897081375118,9.178507280349733,9.473002943992615,0.0,1.500000000000007,6.199999999999972,4.0,2.0,
2019-04-28,96851,Kab. Sleman,NORMAL,NORMAL,LSTM_AUTOENCODER,2.034654378890991,5.292897081375118,9.178507280349733,9.473002943992615,0.0,0.0,1.4999999999999716,4.0,2.0,
2019-04-29,96851,Kab. Sleman,NORMAL,NORMAL,LSTM_AUTOENCODER,2.080105781555176,5.292897081375118,9.178507280349733,9.473002943992615,17.1,17.10000000000001,18.599999999999973,3.0,1.0,
2019-04-30,96851,Kab. Sleman,NORMAL,NORMAL,LSTM_AUTOENCODER,2.6162190437316895,5.292897081375118,9.178507280349733,9.473002943992615,76.5,93.6,95.09999999999997,4.0,1.0,
2019-05-01,96851,Kab. Sleman,NORMAL,NORMAL,LSTM_AUTOENCODER,2.777592182159424,5.292897081375118,9.178507280349733,9.473002943992615,3.2,96.8,98.29999999999995,5.0,2.0,
2019-05-02,96851,Kab. Sleman,NORMAL,NORMAL,LSTM_AUTOENCODER,2.69004487991333,5.292897081375118,9.178507280349733,9.473002943992615,0.0,79.70000000000002,96.79999999999995,4.0,2.0,
2019-05-03,96851,Kab. Sleman,NORMAL,NORMAL,LSTM_AUTOENCODER,2.6608266830444336,5.292897081375118,9.178507280349733,9.473002943992615,6.4,9.600000000000016,103.19999999999996,4.0,2.0,
2019-05-04,96851,Kab. Sleman,NORMAL,NORMAL,LSTM_AUTOENCODER,2.676185131072998,5.292897081375118,9.178507280349733,9.473002943992615,0.0,6.400000000000015,103.19999999999996,3.0,2.0,
2019-05-05,96851,Kab. Sleman,NORMAL,NORMAL,LSTM_AUTOENCODER,2.4101662635803223,5.292897081375118,9.178507280349733,9.473002943992615,0.0,6.400000000000015,103.19999999999996,4.0,2.0,
2019-05-06,96851,Kab. Sleman,NORMAL,NORMAL,LSTM_AUTOENCODER,2.274301528930664,5.292897081375118,9.178507280349733,9.473002943992615,0.0,0.0,86.09999999999997,3.0,2.0,
2019-05-07,96851,Kab. Sleman,NORMAL,NORMAL,LSTM_AUTOENCODER,2.116926670074463,5.292897081375118,9.178507280349733,9.473002943992615,25.4,25.400000000000013,34.99999999999997,4.0,2.0,
2019-05-08,96851,Kab. Sleman,NORMAL,NORMAL,LSTM_AUTOENCODER,2.18835711479187,5.292897081375118,9.178507280349733,9.473002943992615,0.7,26.10000000000001,32.49999999999997,4.0,2.0,
2019-05-09,96851,Kab. Sleman,NORMAL,NORMAL,LSTM_AUTOENCODER,2.176431179046631,5.292897081375118,9.178507280349733,9.473002943992615,0.35,26.450000000000014,32.84999999999997,3.0,2.0,
2019-05-10,96851,Kab. Sleman,NORMAL,NORMAL,LSTM_AUTOENCODER,2.1579537391662598,5.292897081375118,9.178507280349733,9.473002943992615,0.0,1.050000000000014,26.44999999999997,4.0,2.0,
2019-05-11,96851,Kab. Sleman,NORMAL,NORMAL,LSTM_AUTOENCODER,2.1531624794006348,5.292897081375118,9.178507280349733,9.473002943992615,0.0,0.3500000000000142,26.44999999999997,4.0,2.0,
2019-05-12,96851,Kab. Sleman,NORMAL,NORMAL,LSTM_AUTOENCODER,2.1231305599212646,5.292897081375118,9.178507280349733,9.473002943992615,0.0,0.0,26.44999999999997,5.0,2.0,
2019-05-13,96851,Kab. Sleman,NORMAL,NORMAL,LSTM_AUTOENCODER,2.103125810623169,5.292897081375118,9.178507280349733,9.473002943992615,0.0,0.0,26.44999999999997,4.0,2.0,
2019-05-14,96851,Kab. Sleman,NORMAL,NORMAL,LSTM_AUTOENCODER,2.109447479248047,5.292897081375118,9.178507280349733,9.473002943992615,0.0,0.0,1.0499999999999714,3.0,2.0,
2019-05-15,96851,Kab. Sleman,NORMAL,NORMAL,LSTM_AUTOENCODER,2.1292154788970947,5.292897081375118,9.178507280349733,9.473002943992615,0.0,0.0,0.3499999999999715,4.0,2.0,
2019-05-16,96851,Kab. Sleman,NORMAL,NORMAL,LSTM_AUTOENCODER,2.0930533409118652,5.292897081375118,9.178507280349733,9.473002943992615,0.0,0.0,0.0,3.0,2.0,
2019-05-17,96851,Kab. Sleman,NORMAL,NORMAL,LSTM_AUTOENCODER,2.051236867904663,5.292897081375118,9.178507280349733,9.473002943992615,0.0,0.0,0.0,4.0,2.0,
2019-05-18,96851,Kab. Sleman,NORMAL,NORMAL,LSTM_AUTOENCODER,2.0147058963775635,5.292897081375118,9.178507280349733,9.473002943992615,0.0,0.0,0.0,4.0,2.0,
2019-05-19,96851,Kab. Sleman,NORMAL,NORMAL,LSTM_AUTOENCODER,1.9097691774368286,5.292897081375118,9.178507280349733,9.473002943992615,0.0,0.0,0.0,4.0,2.0,
2019-05-20,96851,Kab. Sleman,NORMAL,NORMAL,LSTM_AUTOENCODER,1.9091365337371826,5.292897081375118,9.178507280349733,9.473002943992615,0.0,0.0,0.0,3.0,2.0,
2019-05-21,96851,Kab. Sleman,NORMAL,NORMAL,LSTM_AUTOENCODER,1.8270467519760132,5.292897081375118,9.178507280349733,9.473002943992615,0.0,0.0,0.0,3.0,2.0,
2019-05-22,96851,Kab. Sleman,NORMAL,NORMAL,LSTM_AUTOENCODER,1.7908271551132202,5.292897081375118,9.178507280349733,9.473002943992615,0.0,0.0,0.0,3.0,1.0,
2019-05-23,96851,Kab. Sleman,NORMAL,NORMAL,LSTM_AUTOENCODER,1.7891194820404053,5.292897081375118,9.178507280349733,9.473002943992615,0.0,0.0,0.0,4.0,2.0,
2019-05-24,96851,Kab. Sleman,NORMAL,NORMAL,LSTM_AUTOENCODER,1.7532610893249512,5.292897081375118,9.178507280349733,9.473002943992615,0.0,0.0,0.0,3.0,2.0,
2019-05-25,96851,Kab. Sleman,NORMAL,NORMAL,LSTM_AUTOENCODER,1.7499080896377563,5.292897081375118,9.178507280349733,9.473002943992615,0.0,0.0,0.0,4.0,2.0,
2019-05-26,96851,Kab. Sleman,NORMAL,NORMAL,LSTM_AUTOENCODER,1.7503303289413452,5.292897081375118,9.178507280349733,9.473002943992615,0.0,0.0,0.0,4.0,2.0,
2019-05-27,96851,Kab. Sleman,NORMAL,NORMAL,LSTM_AUTOENCODER,1.7555923461914062,5.292897081375118,9.178507280349733,9.473002943992615,7.8,7.800000000000014,7.799999999999971,3.0,1.0,
2019-05-28,96851,Kab. Sleman,NORMAL,NORMAL,LSTM_AUTOENCODER,1.7698934078216553,5.292897081375118,9.178507280349733,9.473002943992615,3.9,11.700000000000014,11.69999999999997,3.0,2.0,
2019-05-29,96851,Kab. Sleman,NORMAL,NORMAL,LSTM_AUTOENCODER,1.7556689977645874,5.292897081375118,9.178507280349733,9.473002943992615,0.0,11.700000000000014,11.69999999999997,3.0,1.0,
2019-05-30,96851,Kab. Sleman,NORMAL,NORMAL,LSTM_AUTOENCODER,1.166330099105835,5.292897081375118,9.178507280349733,9.473002943992615,0.0,3.900000000000014,11.69999999999997,4.0,2.0,
2019-05-31,96851,Kab. Sleman,NORMAL,NORMAL,LSTM_AUTOENCODER,0.632401168346405,5.292897081375118,9.178507280349733,9.473002943992615,0.0,0.0,11.69999999999997,4.0,2.0,
2019-06-01,96851,Kab. Sleman,NORMAL,NORMAL,LSTM_AUTOENCODER,0.6202981472015381,5.292897081375118,9.178507280349733,9.473002943992615,0.0,0.0,11.69999999999997,3.0,2.0,
2019-06-02,96851,Kab. Sleman,NORMAL,NORMAL,LSTM_AUTOENCODER,0.626144289970398,5.292897081375118,9.178507280349733,9.473002943992615,0.0,0.0,11.69999999999997,4.0,2.0,
2019-06-03,96851,Kab. Sleman,NORMAL,NORMAL,LSTM_AUTOENCODER,0.6479400396347046,5.292897081375118,9.178507280349733,9.473002943992615,0.0,0.0,3.899999999999972,3.0,1.0,
2019-06-04,96851,Kab. Sleman,NORMAL,NORMAL,LSTM_AUTOENCODER,0.6532113552093506,5.292897081375118,9.178507280349733,9.473002943992615,0.0,0.0,0.0,4.0,2.0,
2019-06-05,96851,Kab. Sleman,NORMAL,NORMAL,LSTM_AUTOENCODER,0.6521135568618774,5.292897081375118,9.178507280349733,9.473002943992615,0.0,0.0,0.0,3.0,2.0,
2019-06-06,96851,Kab. Sleman,NORMAL,NORMAL,LSTM_AUTOENCODER,0.5559350848197937,5.292897081375118,9.178507280349733,9.473002943992615,0.0,0.0,0.0,4.0,2.0,
2019-06-07,96851,Kab. Sleman,NORMAL,NORMAL,LSTM_AUTOENCODER,0.4978252053260803,5.292897081375118,9.178507280349733,9.473002943992615,0.0,0.0,0.0,3.0,2.0,
2019-06-08,96851,Kab. Sleman,NORMAL,NORMAL,LSTM_AUTOENCODER,0.5033137202262878,5.292897081375118,9.178507280349733,9.473002943992615,0.0,0.0,0.0,4.0,2.0,
2019-06-09,96851,Kab. Sleman,NORMAL,NORMAL,LSTM_AUTOENCODER,0.5063067078590393,5.292897081375118,9.178507280349733,9.473002943992615,0.0,0.0,0.0,4.0,2.0,
2019-06-10,96851,Kab. Sleman,NORMAL,NORMAL,LSTM_AUTOENCODER,0.5227217674255371,5.292897081375118,9.178507280349733,9.473002943992615,0.0,0.0,0.0,5.0,2.0,
2019-06-11,96851,Kab. Sleman,NORMAL,NORMAL,LSTM_AUTOENCODER,0.5141428112983704,5.292897081375118,9.178507280349733,9.473002943992615,0.0,0.0,0.0,4.0,2.0,
2019-06-12,96851,Kab. Sleman,NORMAL,NORMAL,LSTM_AUTOENCODER,0.5103423595428467,5.292897081375118,9.178507280349733,9.473002943992615,0.0,0.0,0.0,4.0,2.0,
2019-06-13,96851,Kab. Sleman,NORMAL,NORMAL,LSTM_AUTOENCODER,0.51466304063797,5.292897081375118,9.178507280349733,9.473002943992615,0.0,0.0,0.0,4.0,2.0,
2019-06-14,96851,Kab. Sleman,NORMAL,NORMAL,LSTM_AUTOENCODER,0.5171138644218445,5.292897081375118,9.178507280349733,9.473002943992615,0.7,0.7000000000000142,0.6999999999999715,3.0,2.0,
2019-06-15,96851,Kab. Sleman,NORMAL,NORMAL,LSTM_AUTOENCODER,0.5516191720962524,5.292897081375118,9.178507280349733,9.473002943992615,0.0,0.7000000000000142,0.6999999999999715,5.0,2.0,
2019-06-16,96851,Kab. Sleman,NORMAL,NORMAL,LSTM_AUTOENCODER,0.555942714214325,5.292897081375118,9.178507280349733,9.473002943992615,0.0,0.7000000000000142,0.6999999999999715,5.0,2.0,
2019-06-17,96851,Kab. Sleman,NORMAL,NORMAL,LSTM_AUTOENCODER,0.5637751221656799,5.292897081375118,9.178507280349733,9.473002943992615,0.0,0.0,0.6999999999999715,3.0,2.0,
2019-06-18,96851,Kab. Sleman,NORMAL,NORMAL,LSTM_AUTOENCODER,0.566906750202179,5.292897081375118,9.178507280349733,9.473002943992615,0.0,0.0,0.6999999999999715,4.0,2.0,
2019-06-19,96851,Kab. Sleman,NORMAL,NORMAL,LSTM_AUTOENCODER,0.6078048348426819,5.292897081375118,9.178507280349733,9.473002943992615,0.0,0.0,0.6999999999999715,6.0,2.0,
2019-06-20,96851,Kab. Sleman,NORMAL,NORMAL,LSTM_AUTOENCODER,0.6276756525039673,5.292897081375118,9.178507280349733,9.473002943992615,0.0,0.0,0.6999999999999715,4.0,2.0,
2019-06-21,96851,Kab. Sleman,NORMAL,NORMAL,LSTM_AUTOENCODER,0.6411430835723877,5.292897081375118,9.178507280349733,9.473002943992615,0.0,0.0,0.0,4.0,2.0,
2019-06-22,96851,Kab. Sleman,NORMAL,NORMAL,LSTM_AUTOENCODER,0.6372237801551819,5.292897081375118,9.178507280349733,9.473002943992615,0.0,0.0,0.0,4.0,2.0,
2019-06-23,96851,Kab. Sleman,NORMAL,NORMAL,LSTM_AUTOENCODER,0.6501860618591309,5.292897081375118,9.178507280349733,9.473002943992615,0.0,0.0,0.0,5.0,2.0,
2019-06-24,96851,Kab. Sleman,NORMAL,NORMAL,LSTM_AUTOENCODER,0.6406062245368958,5.292897081375118,9.178507280349733,9.473002943992615,0.0,0.0,0.0,4.0,2.0,
2019-06-25,96851,Kab. Sleman,NORMAL,NORMAL,LSTM_AUTOENCODER,0.6345221996307373,5.292897081375118,9.178507280349733,9.473002943992615,0.0,0.0,0.0,4.0,2.0,
2019-06-26,96851,Kab. Sleman,NORMAL,NORMAL,LSTM_AUTOENCODER,0.6549563407897949,5.292897081375118,9.178507280349733,9.473002943992615,0.0,0.0,0.0,5.0,3.0,
2019-06-27,96851,Kab. Sleman,NORMAL,NORMAL,LSTM_AUTOENCODER,0.6599088311195374,5.292897081375118,9.178507280349733,9.473002943992615,0.0,0.0,0.0,5.0,2.0,
2019-06-28,96851,Kab. Sleman,NORMAL,NORMAL,LSTM_AUTOENCODER,0.6786267161369324,5.292897081375118,9.178507280349733,9.473002943992615,0.0,0.0,0.0,4.0,2.0,
2019-06-29,96851,Kab. Sleman,NORMAL,NORMAL,LSTM_AUTOENCODER,0.6851097345352173,5.292897081375118,9.178507280349733,9.473002943992615,0.0,0.0,0.0,5.0,2.0,
2019-06-30,96851,Kab. Sleman,NORMAL,NORMAL,LSTM_AUTOENCODER,0.6886380910873413,5.292897081375118,9.178507280349733,9.473002943992615,0.0,0.0,0.0,4.0,2.0,
2019-07-01,96851,Kab. Sleman,NORMAL,NORMAL,LSTM_AUTOENCODER,0.6952763199806213,5.292897081375118,9.178507280349733,9.473002943992615,0.0,0.0,0.0,5.0,2.0,
2019-07-02,96851,Kab. Sleman,NORMAL,NORMAL,LSTM_AUTOENCODER,0.6852362155914307,5.292897081375118,9.178507280349733,9.473002943992615,0.0,0.0,0.0,4.0,2.0,
2019-07-03,96851,Kab. Sleman,NORMAL,NORMAL,LSTM_AUTOENCODER,0.6837003231048584,5.292897081375118,9.178507280349733,9.473002943992615,0.0,0.0,0.0,4.0,2.0,
2019-07-04,96851,Kab. Sleman,NORMAL,NORMAL,LSTM_AUTOENCODER,0.6922330856323242,5.292897081375118,9.178507280349733,9.473002943992615,0.0,0.0,0.0,5.0,2.0,
2019-07-05,96851,Kab. Sleman,NORMAL,NORMAL,LSTM_AUTOENCODER,0.7026163935661316,5.292897081375118,9.178507280349733,9.473002943992615,1.8,1.8000000000000145,1.7999999999999716,3.0,2.0,
2019-07-06,96851,Kab. Sleman,NORMAL,NORMAL,LSTM_AUTOENCODER,0.7223384976387024,5.292897081375118,9.178507280349733,9.473002943992615,0.0,1.8000000000000145,1.7999999999999716,5.0,2.0,
2019-07-07,96851,Kab. Sleman,NORMAL,NORMAL,LSTM_AUTOENCODER,0.7205294370651245,5.292897081375118,9.178507280349733,9.473002943992615,0.0,1.8000000000000145,1.7999999999999716,4.0,2.0,
2019-07-08,96851,Kab. Sleman,NORMAL,NORMAL,LSTM_AUTOENCODER,0.7158770561218262,5.292897081375118,9.178507280349733,9.473002943992615,0.0,0.0,1.7999999999999716,4.0,2.0,
2019-07-09,96851,Kab. Sleman,NORMAL,NORMAL,LSTM_AUTOENCODER,0.711012065410614,5.292897081375118,9.178507280349733,9.473002943992615,0.0,0.0,1.7999999999999716,4.0,2.0,
2019-07-10,96851,Kab. Sleman,NORMAL,NORMAL,LSTM_AUTOENCODER,0.7039054036140442,5.292897081375118,9.178507280349733,9.473002943992615,0.0,0.0,1.7999999999999716,4.0,2.0,
2019-07-11,96851,Kab. Sleman,NORMAL,NORMAL,LSTM_AUTOENCODER,0.6974468231201172,5.292897081375118,9.178507280349733,9.473002943992615,0.0,0.0,1.7999999999999716,4.0,2.0,
2019-07-12,96851,Kab. Sleman,NORMAL,NORMAL,LSTM_AUTOENCODER,0.7280344367027283,5.292897081375118,9.178507280349733,9.473002943992615,0.0,0.0,0.0,6.0,2.0,
2019-07-13,96851,Kab. Sleman,NORMAL,NORMAL,LSTM_AUTOENCODER,0.7463152408599854,5.292897081375118,9.178507280349733,9.473002943992615,0.0,0.0,0.0,6.0,2.0,
2019-07-14,96851,Kab. Sleman,NORMAL,NORMAL,LSTM_AUTOENCODER,0.7770779728889465,5.292897081375118,9.178507280349733,9.473002943992615,0.0,0.0,0.0,5.0,3.0,
2019-07-15,96851,Kab. Sleman,NORMAL,NORMAL,LSTM_AUTOENCODER,0.7654932141304016,5.292897081375118,9.178507280349733,9.473002943992615,0.0,0.0,0.0,4.0,2.0,
2019-07-16,96851,Kab. Sleman,NORMAL,NORMAL,LSTM_AUTOENCODER,0.7632627487182617,5.292897081375118,9.178507280349733,9.473002943992615,0.0,0.0,0.0,4.0,2.0,
2019-07-17,96851,Kab. Sleman,NORMAL,NORMAL,LSTM_AUTOENCODER,0.7602407932281494,5.292897081375118,9.178507280349733,9.473002943992615,0.0,0.0,0.0,4.0,2.0,
2019-07-18,96851,Kab. Sleman,NORMAL,NORMAL,LSTM_AUTOENCODER,0.7635595798492432,5.292897081375118,9.178507280349733,9.473002943992615,0.0,0.0,0.0,4.0,2.0,
2019-07-19,96851,Kab. Sleman,NORMAL,NORMAL,LSTM_AUTOENCODER,0.7283021807670593,5.292897081375118,9.178507280349733,9.473002943992615,0.0,0.0,0.0,4.0,1.0,
2019-07-20,96851,Kab. Sleman,NORMAL,NORMAL,LSTM_AUTOENCODER,0.7349947690963745,5.292897081375118,9.178507280349733,9.473002943992615,0.0,0.0,0.0,4.0,2.0,
2019-07-21,96851,Kab. Sleman,NORMAL,NORMAL,LSTM_AUTOENCODER,0.7426149249076843,5.292897081375118,9.178507280349733,9.473002943992615,0.0,0.0,0.0,4.0,2.0,
2019-07-22,96851,Kab. Sleman,NORMAL,NORMAL,LSTM_AUTOENCODER,0.7603413462638855,5.292897081375118,9.178507280349733,9.473002943992615,0.0,0.0,0.0,5.0,2.0,
2019-07-23,96851,Kab. Sleman,NORMAL,NORMAL,LSTM_AUTOENCODER,0.7484037280082703,5.292897081375118,9.178507280349733,9.473002943992615,0.0,0.0,0.0,4.0,2.0,
2019-07-24,96851,Kab. Sleman,NORMAL,NORMAL,LSTM_AUTOENCODER,0.7524053454399109,5.292897081375118,9.178507280349733,9.473002943992615,0.0,0.0,0.0,4.0,2.0,
2019-07-25,96851,Kab. Sleman,NORMAL,NORMAL,LSTM_AUTOENCODER,0.7645701169967651,5.292897081375118,9.178507280349733,9.473002943992615,0.0,0.0,0.0,5.0,2.0,
2019-07-26,96851,Kab. Sleman,NORMAL,NORMAL,LSTM_AUTOENCODER,0.7450793385505676,5.292897081375118,9.178507280349733,9.473002943992615,0.0,0.0,0.0,5.0,2.0,
2019-07-27,96851,Kab. Sleman,NORMAL,NORMAL,LSTM_AUTOENCODER,0.7614203095436096,5.292897081375118,9.178507280349733,9.473002943992615,0.0,0.0,0.0,3.0,2.0,
2019-07-28,96851,Kab. Sleman,NORMAL,NORMAL,LSTM_AUTOENCODER,0.7939392328262329,5.292897081375118,9.178507280349733,9.473002943992615,0.0,0.0,0.0,5.0,3.0,
2019-07-29,96851,Kab. Sleman,NORMAL,NORMAL,LSTM_AUTOENCODER,0.7810410261154175,5.292897081375118,9.178507280349733,9.473002943992615,0.0,0.0,0.0,4.0,2.0,
2019-07-30,96851,Kab. Sleman,NORMAL,NORMAL,LSTM_AUTOENCODER,0.7689438462257385,5.292897081375118,9.178507280349733,9.473002943992615,0.0,0.0,0.0,4.0,2.0,
2019-07-31,96851,Kab. Sleman,NORMAL,NORMAL,LSTM_AUTOENCODER,0.7557632327079773,5.292897081375118,9.178507280349733,9.473002943992615,0.0,0.0,0.0,5.0,2.0,
2019-08-01,96851,Kab. Sleman,NORMAL,NORMAL,LSTM_AUTOENCODER,0.750738263130188,5.292897081375118,9.178507280349733,9.473002943992615,0.0,0.0,0.0,4.0,2.0,
2019-08-02,96851,Kab. Sleman,NORMAL,NORMAL,LSTM_AUTOENCODER,0.7505818009376526,5.292897081375118,9.178507280349733,9.473002943992615,0.0,0.0,0.0,4.0,2.0,
2019-08-03,96851,Kab. Sleman,NORMAL,NORMAL,LSTM_AUTOENCODER,0.7425069808959961,5.292897081375118,9.178507280349733,9.473002943992615,0.0,0.0,0.0,5.0,2.0,
2019-08-04,96851,Kab. Sleman,NORMAL,NORMAL,LSTM_AUTOENCODER,0.7747471928596497,5.292897081375118,9.178507280349733,9.473002943992615,0.0,0.0,0.0,6.0,3.0,
2019-08-05,96851,Kab. Sleman,NORMAL,NORMAL,LSTM_AUTOENCODER,0.7833040952682495,5.292897081375118,9.178507280349733,9.473002943992615,0.0,0.0,0.0,5.0,3.0,
2019-08-06,96851,Kab. Sleman,NORMAL,NORMAL,LSTM_AUTOENCODER,0.8544108271598816,5.292897081375118,9.178507280349733,9.473002943992615,0.0,0.0,0.0,7.0,3.0,
2019-08-07,96851,Kab. Sleman,NORMAL,NORMAL,LSTM_AUTOENCODER,0.8926666975021362,5.292897081375118,9.178507280349733,9.473002943992615,0.0,0.0,0.0,5.0,2.0,
2019-08-08,96851,Kab. Sleman,NORMAL,NORMAL,LSTM_AUTOENCODER,0.9148620367050171,5.292897081375118,9.178507280349733,9.473002943992615,0.0,0.0,0.0,3.0,2.0,
2019-08-09,96851,Kab. Sleman,NORMAL,NORMAL,LSTM_AUTOENCODER,0.940972626209259,5.292897081375118,9.178507280349733,9.473002943992615,0.0,0.0,0.0,6.0,2.0,
2019-08-10,96851,Kab. Sleman,NORMAL,NORMAL,LSTM_AUTOENCODER,0.9700900912284851,5.292897081375118,9.178507280349733,9.473002943992615,0.0,0.0,0.0,4.0,2.0,
2019-08-11,96851,Kab. Sleman,NORMAL,NORMAL,LSTM_AUTOENCODER,1.0026535987854004,5.292897081375118,9.178507280349733,9.473002943992615,0.0,0.0,0.0,6.0,3.0,
2019-08-12,96851,Kab. Sleman,NORMAL,NORMAL,LSTM_AUTOENCODER,1.006946086883545,5.292897081375118,9.178507280349733,9.473002943992615,0.0,0.0,0.0,5.0,2.0,
2019-08-13,96851,Kab. Sleman,NORMAL,NORMAL,LSTM_AUTOENCODER,1.0019394159317017,5.292897081375118,9.178507280349733,9.473002943992615,0.0,0.0,0.0,5.0,2.0,
2019-08-14,96851,Kab. Sleman,NORMAL,NORMAL,LSTM_AUTOENCODER,0.9753833413124084,5.292897081375118,9.178507280349733,9.473002943992615,0.0,0.0,0.0,4.0,2.0,
2019-08-15,96851,Kab. Sleman,NORMAL,NORMAL,LSTM_AUTOENCODER,0.9866991639137268,5.292897081375118,9.178507280349733,9.473002943992615,0.0,0.0,0.0,6.0,2.0,
2019-08-16,96851,Kab. Sleman,NORMAL,NORMAL,LSTM_AUTOENCODER,0.9983519315719604,5.292897081375118,9.178507280349733,9.473002943992615,0.0,0.0,0.0,5.0,3.0,
2019-08-17,96851,Kab. Sleman,NORMAL,NORMAL,LSTM_AUTOENCODER,0.9876533150672913,5.292897081375118,9.178507280349733,9.473002943992615,0.0,0.0,0.0,3.0,2.0,
2019-08-18,96851,Kab. Sleman,NORMAL,NORMAL,LSTM_AUTOENCODER,0.9785798192024231,5.292897081375118,9.178507280349733,9.473002943992615,0.0,0.0,0.0,5.0,2.0,
2019-08-19,96851,Kab. Sleman,NORMAL,NORMAL,LSTM_AUTOENCODER,0.9722665548324585,5.292897081375118,9.178507280349733,9.473002943992615,0.0,0.0,0.0,5.0,3.0,
2019-08-20,96851,Kab. Sleman,NORMAL,NORMAL,LSTM_AUTOENCODER,0.9689934849739075,5.292897081375118,9.178507280349733,9.473002943992615,0.0,0.0,0.0,4.0,2.0,
2019-08-21,96851,Kab. Sleman,NORMAL,NORMAL,LSTM_AUTOENCODER,0.9951347708702087,5.292897081375118,9.178507280349733,9.473002943992615,0.0,0.0,0.0,6.0,3.0,
2019-08-22,96851,Kab. Sleman,NORMAL,NORMAL,LSTM_AUTOENCODER,1.00102698802948,5.292897081375118,9.178507280349733,9.473002943992615,0.0,0.0,0.0,4.0,2.0,
2019-08-23,96851,Kab. Sleman,NORMAL,NORMAL,LSTM_AUTOENCODER,1.0136805772781372,5.292897081375118,9.178507280349733,9.473002943992615,0.0,0.0,0.0,4.0,3.0,
2019-08-24,96851,Kab. Sleman,NORMAL,NORMAL,LSTM_AUTOENCODER,1.039243221282959,5.292897081375118,9.178507280349733,9.473002943992615,0.0,0.0,0.0,6.0,3.0,
2019-08-25,96851,Kab. Sleman,NORMAL,NORMAL,LSTM_AUTOENCODER,1.0554208755493164,5.292897081375118,9.178507280349733,9.473002943992615,0.0,0.0,0.0,4.0,3.0,
2019-08-26,96851,Kab. Sleman,NORMAL,NORMAL,LSTM_AUTOENCODER,1.0608885288238525,5.292897081375118,9.178507280349733,9.473002943992615,1.3,1.3000000000000145,1.2999999999999716,4.0,2.0,
2019-08-27,96851,Kab. Sleman,NORMAL,NORMAL,LSTM_AUTOENCODER,1.0252604484558105,5.292897081375118,9.178507280349733,9.473002943992615,0.0,1.3000000000000145,1.2999999999999716,4.0,2.0,
2019-08-28,96851,Kab. Sleman,NORMAL,NORMAL,LSTM_AUTOENCODER,1.0205063819885254,5.292897081375118,9.178507280349733,9.473002943992615,0.0,1.3000000000000145,1.2999999999999716,4.0,2.0,
2019-08-29,96851,Kab. Sleman,NORMAL,NORMAL,LSTM_AUTOENCODER,1.0888582468032837,5.292897081375118,9.178507280349733,9.473002943992615,0.0,0.0,1.2999999999999716,7.0,2.0,
2019-08-30,96851,Kab. Sleman,NORMAL,NORMAL,LSTM_AUTOENCODER,1.1101548671722412,5.292897081375118,9.178507280349733,9.473002943992615,0.0,0.0,1.2999999999999716,4.0,3.0,
2019-08-31,96851,Kab. Sleman,NORMAL,NORMAL,LSTM_AUTOENCODER,1.1162160634994507,5.292897081375118,9.178507280349733,9.473002943992615,0.0,0.0,1.2999999999999716,4.0,2.0,
2019-09-01,96851,Kab. Sleman,NORMAL,NORMAL,LSTM_AUTOENCODER,1.1492023468017578,5.292897081375118,9.178507280349733,9.473002943992615,0.0,0.0,1.2999999999999716,5.0,3.0,
2019-09-02,96851,Kab. Sleman,NORMAL,NORMAL,LSTM_AUTOENCODER,1.1474263668060303,5.292897081375118,9.178507280349733,9.473002943992615,0.0,0.0,0.0,5.0,2.0,
2019-09-03,96851,Kab. Sleman,NORMAL,NORMAL,LSTM_AUTOENCODER,1.1505136489868164,5.292897081375118,9.178507280349733,9.473002943992615,0.0,0.0,0.0,6.0,3.0,
2019-09-04,96851,Kab. Sleman,NORMAL,NORMAL,LSTM_AUTOENCODER,1.1403220891952515,5.292897081375118,9.178507280349733,9.473002943992615,0.0,0.0,0.0,6.0,2.0,
2019-09-05,96851,Kab. Sleman,NORMAL,NORMAL,LSTM_AUTOENCODER,1.0822702646255493,5.292897081375118,9.178507280349733,9.473002943992615,0.0,0.0,0.0,6.0,2.0,
2019-09-06,96851,Kab. Sleman,NORMAL,NORMAL,LSTM_AUTOENCODER,1.0755786895751953,5.292897081375118,9.178507280349733,9.473002943992615,0.0,0.0,0.0,6.0,2.0,
2019-09-07,96851,Kab. Sleman,NORMAL,NORMAL,LSTM_AUTOENCODER,1.0937836170196533,5.292897081375118,9.178507280349733,9.473002943992615,0.0,0.0,0.0,5.0,3.0,
2019-09-08,96851,Kab. Sleman,NORMAL,NORMAL,LSTM_AUTOENCODER,1.0793601274490356,5.292897081375118,9.178507280349733,9.473002943992615,0.0,0.0,0.0,6.0,3.0,
2019-09-09,96851,Kab. Sleman,NORMAL,NORMAL,LSTM_AUTOENCODER,1.078112006187439,5.292897081375118,9.178507280349733,9.473002943992615,0.0,0.0,0.0,5.0,2.0,
2019-09-10,96851,Kab. Sleman,NORMAL,NORMAL,LSTM_AUTOENCODER,1.0592373609542847,5.292897081375118,9.178507280349733,9.473002943992615,0.0,0.0,0.0,6.0,3.0,
2019-09-11,96851,Kab. Sleman,NORMAL,NORMAL,LSTM_AUTOENCODER,1.0506712198257446,5.292897081375118,9.178507280349733,9.473002943992615,0.0,0.0,0.0,5.0,2.0,
2019-09-12,96851,Kab. Sleman,NORMAL,NORMAL,LSTM_AUTOENCODER,1.080322504043579,5.292897081375118,9.178507280349733,9.473002943992615,0.0,0.0,0.0,6.0,3.0,
2019-09-13,96851,Kab. Sleman,NORMAL,NORMAL,LSTM_AUTOENCODER,1.1065771579742432,5.292897081375118,9.178507280349733,9.473002943992615,0.0,0.0,0.0,4.0,3.0,
2019-09-14,96851,Kab. Sleman,NORMAL,NORMAL,LSTM_AUTOENCODER,1.110743522644043,5.292897081375118,9.178507280349733,9.473002943992615,0.0,0.0,0.0,6.0,2.0,
2019-09-15,96851,Kab. Sleman,NORMAL,NORMAL,LSTM_AUTOENCODER,1.110236644744873,5.292897081375118,9.178507280349733,9.473002943992615,0.0,0.0,0.0,5.0,3.0,
2019-09-16,96851,Kab. Sleman,NORMAL,NORMAL,LSTM_AUTOENCODER,1.1200939416885376,5.292897081375118,9.178507280349733,9.473002943992615,0.0,0.0,0.0,5.0,2.0,
2019-09-17,96851,Kab. Sleman,NORMAL,NORMAL,LSTM_AUTOENCODER,1.1005959510803223,5.292897081375118,9.178507280349733,9.473002943992615,0.0,0.0,0.0,5.0,2.0,
2019-09-18,96851,Kab. Sleman,NORMAL,NORMAL,LSTM_AUTOENCODER,1.0945156812667847,5.292897081375118,9.178507280349733,9.473002943992615,0.0,0.0,0.0,4.0,3.0,
2019-09-19,96851,Kab. Sleman,NORMAL,NORMAL,LSTM_AUTOENCODER,1.1198711395263672,5.292897081375118,9.178507280349733,9.473002943992615,0.0,0.0,0.0,5.0,3.0,
2019-09-20,96851,Kab. Sleman,NORMAL,NORMAL,LSTM_AUTOENCODER,1.0708211660385132,5.292897081375118,9.178507280349733,9.473002943992615,0.0,0.0,0.0,4.0,2.0,
2019-09-21,96851,Kab. Sleman,NORMAL,NORMAL,LSTM_AUTOENCODER,1.063684105873108,5.292897081375118,9.178507280349733,9.473002943992615,0.0,0.0,0.0,4.0,2.0,
2019-09-22,96851,Kab. Sleman,NORMAL,NORMAL,LSTM_AUTOENCODER,1.0696187019348145,5.292897081375118,9.178507280349733,9.473002943992615,0.0,0.0,0.0,5.0,3.0,
2019-09-23,96851,Kab. Sleman,NORMAL,NORMAL,LSTM_AUTOENCODER,1.0133395195007324,5.292897081375118,9.178507280349733,9.473002943992615,0.0,0.0,0.0,5.0,2.0,
2019-09-24,96851,Kab. Sleman,NORMAL,NORMAL,LSTM_AUTOENCODER,1.0003690719604492,5.292897081375118,9.178507280349733,9.473002943992615,0.0,0.0,0.0,5.0,3.0,
2019-09-25,96851,Kab. Sleman,NORMAL,NORMAL,LSTM_AUTOENCODER,0.9993616938591003,5.292897081375118,9.178507280349733,9.473002943992615,0.0,0.0,0.0,5.0,2.0,
2019-09-26,96851,Kab. Sleman,NORMAL,NORMAL,LSTM_AUTOENCODER,1.022538661956787,5.292897081375118,9.178507280349733,9.473002943992615,0.0,0.0,0.0,5.0,3.0,
2019-09-27,96851,Kab. Sleman,NORMAL,NORMAL,LSTM_AUTOENCODER,1.0352662801742554,5.292897081375118,9.178507280349733,9.473002943992615,0.0,0.0,0.0,5.0,3.0,
2019-09-28,96851,Kab. Sleman,NORMAL,NORMAL,LSTM_AUTOENCODER,0.9417983293533325,5.292897081375118,9.178507280349733,9.473002943992615,0.0,0.0,0.0,4.0,2.0,
2019-09-29,96851,Kab. Sleman,NORMAL,NORMAL,LSTM_AUTOENCODER,0.9028886556625366,5.292897081375118,9.178507280349733,9.473002943992615,0.0,0.0,0.0,5.0,3.0,
2019-09-30,96851,Kab. Sleman,NORMAL,NORMAL,LSTM_AUTOENCODER,0.9045800566673279,5.292897081375118,9.178507280349733,9.473002943992615,0.0,0.0,0.0,6.0,3.0,
2019-10-01,96851,Kab. Sleman,NORMAL,NORMAL,LSTM_AUTOENCODER,0.9036737680435181,5.292897081375118,9.178507280349733,9.473002943992615,0.0,0.0,0.0,5.0,3.0,
2019-10-02,96851,Kab. Sleman,NORMAL,NORMAL,LSTM_AUTOENCODER,0.8946695923805237,5.292897081375118,9.178507280349733,9.473002943992615,0.0,0.0,0.0,5.0,3.0,
2019-10-03,96851,Kab. Sleman,NORMAL,NORMAL,LSTM_AUTOENCODER,0.9246086478233337,5.292897081375118,9.178507280349733,9.473002943992615,0.0,0.0,0.0,7.0,3.0,
2019-10-04,96851,Kab. Sleman,NORMAL,NORMAL,LSTM_AUTOENCODER,0.9619758129119873,5.292897081375118,9.178507280349733,9.473002943992615,0.0,0.0,0.0,6.0,3.0,
2019-10-05,96851,Kab. Sleman,NORMAL,NORMAL,LSTM_AUTOENCODER,1.0209834575653076,5.292897081375118,9.178507280349733,9.473002943992615,0.0,0.0,0.0,6.0,3.0,
2019-10-06,96851,Kab. Sleman,NORMAL,NORMAL,LSTM_AUTOENCODER,1.0425883531570435,5.292897081375118,9.178507280349733,9.473002943992615,0.0,0.0,0.0,5.0,3.0,
2019-10-07,96851,Kab. Sleman,NORMAL,NORMAL,LSTM_AUTOENCODER,1.0678998231887817,5.292897081375118,9.178507280349733,9.473002943992615,0.0,0.0,0.0,6.0,3.0,
2019-10-08,96851,Kab. Sleman,NORMAL,NORMAL,LSTM_AUTOENCODER,1.0536420345306396,5.292897081375118,9.178507280349733,9.473002943992615,0.0,0.0,0.0,5.0,3.0,
2019-10-09,96851,Kab. Sleman,NORMAL,NORMAL,LSTM_AUTOENCODER,1.068327784538269,5.292897081375118,9.178507280349733,9.473002943992615,0.0,0.0,0.0,5.0,3.0,
2019-10-10,96851,Kab. Sleman,NORMAL,NORMAL,LSTM_AUTOENCODER,1.0518556833267212,5.292897081375118,9.178507280349733,9.473002943992615,0.0,0.0,0.0,5.0,3.0,
2019-10-11,96851,Kab. Sleman,NORMAL,NORMAL,LSTM_AUTOENCODER,1.066584587097168,5.292897081375118,9.178507280349733,9.473002943992615,0.0,0.0,0.0,6.0,3.0,
2019-10-12,96851,Kab. Sleman,NORMAL,NORMAL,LSTM_AUTOENCODER,1.060951590538025,5.292897081375118,9.178507280349733,9.473002943992615,0.0,0.0,0.0,7.0,3.0,
2019-10-13,96851,Kab. Sleman,NORMAL,NORMAL,LSTM_AUTOENCODER,1.062654733657837,5.292897081375118,9.178507280349733,9.473002943992615,0.0,0.0,0.0,4.0,2.0,
2019-10-14,96851,Kab. Sleman,NORMAL,NORMAL,LSTM_AUTOENCODER,1.0657204389572144,5.292897081375118,9.178507280349733,9.473002943992615,0.0,0.0,0.0,6.0,4.0,
2019-10-15,96851,Kab. Sleman,NORMAL,NORMAL,LSTM_AUTOENCODER,1.0632470846176147,5.292897081375118,9.178507280349733,9.473002943992615,0.0,0.0,0.0,6.0,3.0,
2019-10-16,96851,Kab. Sleman,NORMAL,NORMAL,LSTM_AUTOENCODER,1.058014154434204,5.292897081375118,9.178507280349733,9.473002943992615,0.0,0.0,0.0,4.0,2.0,
2019-10-17,96851,Kab. Sleman,NORMAL,NORMAL,LSTM_AUTOENCODER,1.0779222249984741,5.292897081375118,9.178507280349733,9.473002943992615,0.0,0.0,0.0,6.0,3.0,
2019-10-18,96851,Kab. Sleman,NORMAL,NORMAL,LSTM_AUTOENCODER,1.0876662731170654,5.292897081375118,9.178507280349733,9.473002943992615,0.0,0.0,0.0,6.0,3.0,
2019-10-19,96851,Kab. Sleman,NORMAL,NORMAL,LSTM_AUTOENCODER,1.0761972665786743,5.292897081375118,9.178507280349733,9.473002943992615,0.0,0.0,0.0,6.0,3.0,
2019-10-20,96851,Kab. Sleman,NORMAL,NORMAL,LSTM_AUTOENCODER,1.0867408514022827,5.292897081375118,9.178507280349733,9.473002943992615,0.0,0.0,0.0,5.0,3.0,
2019-10-21,96851,Kab. Sleman,NORMAL,NORMAL,LSTM_AUTOENCODER,1.1271467208862305,5.292897081375118,9.178507280349733,9.473002943992615,0.0,0.0,0.0,6.0,3.0,
2019-10-22,96851,Kab. Sleman,NORMAL,NORMAL,LSTM_AUTOENCODER,1.1193994283676147,5.292897081375118,9.178507280349733,9.473002943992615,0.0,0.0,0.0,6.0,3.0,
2019-10-23,96851,Kab. Sleman,NORMAL,NORMAL,LSTM_AUTOENCODER,1.1324734687805176,5.292897081375118,9.178507280349733,9.473002943992615,0.0,0.0,0.0,6.0,3.0,
2019-10-24,96851,Kab. Sleman,NORMAL,NORMAL,LSTM_AUTOENCODER,1.1368244886398315,5.292897081375118,9.178507280349733,9.473002943992615,0.0,0.0,0.0,6.0,3.0,
2019-10-25,96851,Kab. Sleman,NORMAL,NORMAL,LSTM_AUTOENCODER,1.1511322259902954,5.292897081375118,9.178507280349733,9.473002943992615,0.0,0.0,0.0,6.0,3.0,
2019-10-26,96851,Kab. Sleman,NORMAL,NORMAL,LSTM_AUTOENCODER,1.1468454599380493,5.292897081375118,9.178507280349733,9.473002943992615,0.0,0.0,0.0,5.0,3.0,
2019-10-27,96851,Kab. Sleman,NORMAL,NORMAL,LSTM_AUTOENCODER,1.1460574865341187,5.292897081375118,9.178507280349733,9.473002943992615,0.0,0.0,0.0,5.0,3.0,
2019-10-28,96851,Kab. Sleman,NORMAL,NORMAL,LSTM_AUTOENCODER,1.1907038688659668,5.292897081375118,9.178507280349733,9.473002943992615,0.0,0.0,0.0,6.0,3.0,
2019-10-29,96851,Kab. Sleman,NORMAL,NORMAL,LSTM_AUTOENCODER,1.2013167142868042,5.292897081375118,9.178507280349733,9.473002943992615,2.5,2.500000000000014,2.499999999999972,6.0,3.0,
2019-10-30,96851,Kab. Sleman,NORMAL,NORMAL,LSTM_AUTOENCODER,1.1948869228363037,5.292897081375118,9.178507280349733,9.473002943992615,0.0,2.500000000000014,2.499999999999972,6.0,3.0,
2019-10-31,96851,Kab. Sleman,NORMAL,NORMAL,LSTM_AUTOENCODER,1.2416977882385254,5.292897081375118,9.178507280349733,9.473002943992615,0.0,2.500000000000014,2.499999999999972,6.0,3.0,
2019-11-01,96851,Kab. Sleman,NORMAL,NORMAL,LSTM_AUTOENCODER,1.3951395750045776,5.292897081375118,9.178507280349733,9.473002943992615,33.0,33.000000000000014,35.49999999999997,5.0,2.0,
2019-11-02,96851,Kab. Sleman,NORMAL,NORMAL,LSTM_AUTOENCODER,1.4002501964569092,5.292897081375118,9.178507280349733,9.473002943992615,5.2,38.20000000000002,40.69999999999997,4.0,2.0,
2019-11-03,96851,Kab. Sleman,NORMAL,NORMAL,LSTM_AUTOENCODER,1.416077971458435,5.292897081375118,9.178507280349733,9.473002943992615,1.6,39.80000000000001,42.29999999999997,4.0,2.0,
2019-11-04,96851,Kab. Sleman,NORMAL,NORMAL,LSTM_AUTOENCODER,1.438679814338684,5.292897081375118,9.178507280349733,9.473002943992615,1.0,7.800000000000015,43.29999999999997,3.0,2.0,
2019-11-05,96851,Kab. Sleman,NORMAL,NORMAL,LSTM_AUTOENCODER,1.4767124652862549,5.292897081375118,9.178507280349733,9.473002943992615,0.0,2.6000000000000143,40.79999999999997,5.0,3.0,
2019-11-06,96851,Kab. Sleman,NORMAL,NORMAL,LSTM_AUTOENCODER,1.4653346538543701,5.292897081375118,9.178507280349733,9.473002943992615,0.0,1.0000000000000142,40.79999999999997,5.0,3.0,
2019-11-07,96851,Kab. Sleman,NORMAL,NORMAL,LSTM_AUTOENCODER,1.4469127655029297,5.292897081375118,9.178507280349733,9.473002943992615,0.0,0.0,40.79999999999997,4.0,2.0,
2019-11-08,96851,Kab. Sleman,NORMAL,NORMAL,LSTM_AUTOENCODER,1.4376367330551147,5.292897081375118,9.178507280349733,9.473002943992615,0.0,0.0,7.799999999999972,4.0,3.0,
2019-11-09,96851,Kab. Sleman,NORMAL,NORMAL,LSTM_AUTOENCODER,1.457091212272644,5.292897081375118,9.178507280349733,9.473002943992615,0.0,0.0,2.599999999999972,6.0,3.0,
2019-11-10,96851,Kab. Sleman,NORMAL,NORMAL,LSTM_AUTOENCODER,1.4468921422958374,5.292897081375118,9.178507280349733,9.473002943992615,0.0,0.0,0.9999999999999716,6.0,4.0,
2019-11-11,96851,Kab. Sleman,NORMAL,NORMAL,LSTM_AUTOENCODER,1.388028621673584,5.292897081375118,9.178507280349733,9.473002943992615,0.0,0.0,0.0,6.0,3.0,
2019-11-12,96851,Kab. Sleman,NORMAL,NORMAL,LSTM_AUTOENCODER,1.411590337753296,5.292897081375118,9.178507280349733,9.473002943992615,0.0,0.0,0.0,5.0,3.0,
2019-11-13,96851,Kab. Sleman,NORMAL,NORMAL,LSTM_AUTOENCODER,1.3582762479782104,5.292897081375118,9.178507280349733,9.473002943992615,1.3,1.3000000000000145,1.2999999999999716,5.0,2.0,
2019-11-14,96851,Kab. Sleman,NORMAL,NORMAL,LSTM_AUTOENCODER,1.3504059314727783,5.292897081375118,9.178507280349733,9.473002943992615,15.0,16.300000000000015,16.299999999999972,5.0,2.0,
2019-11-15,96851,Kab. Sleman,NORMAL,NORMAL,LSTM_AUTOENCODER,1.416811227798462,5.292897081375118,9.178507280349733,9.473002943992615,0.0,16.300000000000015,16.299999999999972,5.0,3.0,
2019-11-16,96851,Kab. Sleman,NORMAL,NORMAL,LSTM_AUTOENCODER,1.4048237800598145,5.292897081375118,9.178507280349733,9.473002943992615,0.0,15.000000000000014,16.299999999999972,6.0,3.0,
2019-11-17,96851,Kab. Sleman,NORMAL,NORMAL,LSTM_AUTOENCODER,1.4030945301055908,5.292897081375118,9.178507280349733,9.473002943992615,0.0,0.0,16.299999999999972,6.0,3.0,
2019-11-18,96851,Kab. Sleman,NORMAL,NORMAL,LSTM_AUTOENCODER,1.3987548351287842,5.292897081375118,9.178507280349733,9.473002943992615,0.0,0.0,16.299999999999972,5.0,3.0,
2019-11-19,96851,Kab. Sleman,NORMAL,NORMAL,LSTM_AUTOENCODER,1.4077084064483643,5.292897081375118,9.178507280349733,9.473002943992615,0.0,0.0,16.299999999999972,5.0,2.0,
2019-11-20,96851,Kab. Sleman,NORMAL,NORMAL,LSTM_AUTOENCODER,1.3838387727737427,5.292897081375118,9.178507280349733,9.473002943992615,0.0,0.0,14.999999999999972,5.0,3.0,
2019-11-21,96851,Kab. Sleman,NORMAL,NORMAL,LSTM_AUTOENCODER,1.3790168762207031,5.292897081375118,9.178507280349733,9.473002943992615,0.0,0.0,0.0,5.0,3.0,
2019-11-22,96851,Kab. Sleman,NORMAL,NORMAL,LSTM_AUTOENCODER,1.3620487451553345,5.292897081375118,9.178507280349733,9.473002943992615,0.0,0.0,0.0,5.0,2.0,
2019-11-23,96851,Kab. Sleman,NORMAL,NORMAL,LSTM_AUTOENCODER,1.3425369262695312,5.292897081375118,9.178507280349733,9.473002943992615,0.0,0.0,0.0,5.0,2.0,
2019-11-24,96851,Kab. Sleman,NORMAL,NORMAL,LSTM_AUTOENCODER,1.4785966873168945,5.292897081375118,9.178507280349733,9.473002943992615,37.8,37.80000000000001,37.79999999999997,5.0,3.0,
2019-11-25,96851,Kab. Sleman,NORMAL,NORMAL,LSTM_AUTOENCODER,1.5753545761108398,5.292897081375118,9.178507280349733,9.473002943992615,7.2,45.000000000000014,44.99999999999997,4.0,2.0,
2019-11-26,96851,Kab. Sleman,NORMAL,NORMAL,LSTM_AUTOENCODER,1.5864635705947876,5.292897081375118,9.178507280349733,9.473002943992615,0.0,45.000000000000014,44.99999999999997,5.0,3.0,
2019-11-27,96851,Kab. Sleman,NORMAL,NORMAL,LSTM_AUTOENCODER,1.5661399364471436,5.292897081375118,9.178507280349733,9.473002943992615,0.0,7.200000000000014,44.99999999999997,4.0,2.0,
2019-11-28,96851,Kab. Sleman,NORMAL,NORMAL,LSTM_AUTOENCODER,1.5416561365127563,5.292897081375118,9.178507280349733,9.473002943992615,0.0,0.0,44.99999999999997,5.0,2.0,
2019-11-29,96851,Kab. Sleman,NORMAL,NORMAL,LSTM_AUTOENCODER,1.5120307207107544,5.292897081375118,9.178507280349733,9.473002943992615,0.0,0.0,44.99999999999997,4.0,2.0,
2019-11-30,96851,Kab. Sleman,NORMAL,NORMAL,LSTM_AUTOENCODER,1.6497615575790405,5.292897081375118,9.178507280349733,9.473002943992615,34.9,34.90000000000001,79.89999999999998,7.0,3.0,
2019-12-01,96851,Kab. Sleman,NORMAL,NORMAL,LSTM_AUTOENCODER,1.6425684690475464,5.292897081375118,9.178507280349733,9.473002943992615,2.0,36.90000000000001,44.09999999999997,4.0,2.0,
2019-12-02,96851,Kab. Sleman,NORMAL,NORMAL,LSTM_AUTOENCODER,1.587044596672058,5.292897081375118,9.178507280349733,9.473002943992615,0.0,36.90000000000001,36.89999999999997,6.0,3.0,
2019-12-03,96851,Kab. Sleman,NORMAL,NORMAL,LSTM_AUTOENCODER,1.5816025733947754,5.292897081375118,9.178507280349733,9.473002943992615,0.0,2.000000000000014,36.89999999999997,4.0,2.0,
2019-12-04,96851,Kab. Sleman,NORMAL,NORMAL,LSTM_AUTOENCODER,1.5577654838562012,5.292897081375118,9.178507280349733,9.473002943992615,13.0,13.000000000000014,49.89999999999997,5.0,2.0,
2019-12-05,96851,Kab. Sleman,NORMAL,NORMAL,LSTM_AUTOENCODER,1.5371814966201782,5.292897081375118,9.178507280349733,9.473002943992615,0.0,13.000000000000014,49.89999999999997,4.0,2.0,
2019-12-06,96851,Kab. Sleman,NORMAL,NORMAL,LSTM_AUTOENCODER,1.4918773174285889,5.292897081375118,9.178507280349733,9.473002943992615,14.7,27.700000000000014,64.59999999999997,5.0,2.0,
2019-12-07,96851,Kab. Sleman,NORMAL,NORMAL,LSTM_AUTOENCODER,1.5401394367218018,5.292897081375118,9.178507280349733,9.473002943992615,29.4,44.10000000000001,59.099999999999966,7.0,3.0,
2019-12-08,96851,Kab. Sleman,NORMAL,NORMAL,LSTM_AUTOENCODER,1.6478312015533447,5.292897081375118,9.178507280349733,9.473002943992615,14.5,58.60000000000001,71.59999999999997,2.0,1.0,
2019-12-09,96851,Kab. Sleman,NORMAL,NORMAL,LSTM_AUTOENCODER,1.6768896579742432,5.292897081375118,9.178507280349733,9.473002943992615,0.0,43.900000000000006,71.59999999999997,6.0,2.0,
2019-12-10,96851,Kab. Sleman,NORMAL,NORMAL,LSTM_AUTOENCODER,1.63509202003479,5.292897081375118,9.178507280349733,9.473002943992615,3.4,17.900000000000013,74.99999999999997,5.0,2.0,
2019-12-11,96851,Kab. Sleman,NORMAL,NORMAL,LSTM_AUTOENCODER,1.7239067554473877,5.292897081375118,9.178507280349733,9.473002943992615,35.7,39.100000000000016,97.69999999999996,5.0,2.0,
2019-12-12,96851,Kab. Sleman,NORMAL,NORMAL,LSTM_AUTOENCODER,1.7796896696090698,5.292897081375118,9.178507280349733,9.473002943992615,12.6,51.70000000000002,110.29999999999995,3.0,2.0,
2019-12-13,96851,Kab. Sleman,NORMAL,NORMAL,LSTM_AUTOENCODER,1.8440219163894653,5.292897081375118,9.178507280349733,9.473002943992615,1.1,49.40000000000002,96.69999999999996,6.0,2.0,
2019-12-14,96851,Kab. Sleman,NORMAL,NORMAL,LSTM_AUTOENCODER,1.8559550046920776,5.292897081375118,9.178507280349733,9.473002943992615,12.8,26.50000000000001,80.09999999999998,3.0,2.0,
2019-12-15,96851,Kab. Sleman,NORMAL,NORMAL,LSTM_AUTOENCODER,2.313276529312134,5.292897081375118,9.178507280349733,9.473002943992615,55.3,69.20000000000002,120.89999999999998,10.0,2.0,
2019-12-16,96851,Kab. Sleman,NORMAL,NORMAL,LSTM_AUTOENCODER,2.4733166694641113,5.292897081375118,9.178507280349733,9.473002943992615,30.75,98.85000000000002,151.64999999999998,4.0,2.0,
2019-12-17,96851,Kab. Sleman,NORMAL,NORMAL,LSTM_AUTOENCODER,2.5254933834075928,5.292897081375118,9.178507280349733,9.473002943992615,6.2,92.25,154.44999999999996,6.0,2.0,
2019-12-18,96851,Kab. Sleman,NORMAL,NORMAL,LSTM_AUTOENCODER,2.5284905433654785,5.292897081375118,9.178507280349733,9.473002943992615,15.6,52.55000000000001,134.34999999999997,6.0,3.0,
2019-12-19,96851,Kab. Sleman,NORMAL,NORMAL,LSTM_AUTOENCODER,2.542600631713867,5.292897081375118,9.178507280349733,9.473002943992615,23.0,44.80000000000001,144.74999999999997,6.0,2.0,
2019-12-20,96851,Kab. Sleman,NORMAL,NORMAL,LSTM_AUTOENCODER,2.543104648590088,5.292897081375118,9.178507280349733,9.473002943992615,10.5,49.10000000000001,154.14999999999998,4.0,2.0,
2019-12-21,96851,Kab. Sleman,NORMAL,NORMAL,LSTM_AUTOENCODER,2.6967482566833496,5.292897081375118,9.178507280349733,9.473002943992615,0.0,33.500000000000014,141.34999999999997,9.0,3.0,
2019-12-22,96851,Kab. Sleman,NORMAL,NORMAL,LSTM_AUTOENCODER,2.7533326148986816,5.292897081375118,9.178507280349733,9.473002943992615,14.5,25.00000000000001,100.54999999999995,6.0,3.0,
2019-12-23,96851,Kab. Sleman,NORMAL,NORMAL,LSTM_AUTOENCODER,2.760788679122925,5.292897081375118,9.178507280349733,9.473002943992615,13.7,28.200000000000014,83.49999999999997,4.0,2.0,
2019-12-24,96851,Kab. Sleman,NORMAL,NORMAL,LSTM_AUTOENCODER,2.5704216957092285,5.292897081375118,9.178507280349733,9.473002943992615,0.0,28.200000000000014,77.29999999999997,5.0,2.0,
2019-12-25,96851,Kab. Sleman,NORMAL,NORMAL,LSTM_AUTOENCODER,2.499675750732422,5.292897081375118,9.178507280349733,9.473002943992615,1.6,15.300000000000011,63.299999999999976,4.0,2.0,
2019-12-26,96851,Kab. Sleman,NORMAL,NORMAL,LSTM_AUTOENCODER,2.4793102741241455,5.292897081375118,9.178507280349733,9.473002943992615,9.2,10.800000000000011,49.499999999999964,4.0,2.0,
2019-12-27,96851,Kab. Sleman,NORMAL,NORMAL,LSTM_AUTOENCODER,2.5256996154785156,5.292897081375118,9.178507280349733,9.473002943992615,0.0,10.800000000000011,38.99999999999997,6.0,1.0,
2019-12-28,96851,Kab. Sleman,NORMAL,NORMAL,LSTM_AUTOENCODER,2.8577094078063965,5.292897081375118,9.178507280349733,9.473002943992615,48.4,57.60000000000001,87.39999999999998,2.0,1.0,
2019-12-29,96851,Kab. Sleman,NORMAL,NORMAL,LSTM_AUTOENCODER,3.1715686321258545,5.292897081375118,9.178507280349733,9.473002943992615,2.3,50.70000000000001,75.19999999999997,6.0,2.0,
2019-12-30,96851,Kab. Sleman,NORMAL,NORMAL,LSTM_AUTOENCODER,2.9116947650909424,5.292897081375118,9.178507280349733,9.473002943992615,4.5,55.20000000000002,65.99999999999997,4.0,2.0,
2019-12-31,96851,Kab. Sleman,NORMAL,NORMAL,LSTM_AUTOENCODER,2.8336308002471924,5.292897081375118,9.178507280349733,9.473002943992615,8.7,15.500000000000014,74.69999999999996,6.0,3.0,
2020-01-01,96851,Kab. Sleman,NORMAL,NORMAL,LSTM_AUTOENCODER,2.8793885707855225,5.292897081375118,9.178507280349733,9.473002943992615,29.5,42.70000000000002,102.59999999999997,7.0,2.0,
2020-01-02,96851,Kab. Sleman,NORMAL,NORMAL,LSTM_AUTOENCODER,2.926549196243286,5.292897081375118,9.178507280349733,9.473002943992615,30.9,69.10000000000001,124.29999999999995,4.0,1.0,
2020-01-03,96851,Kab. Sleman,NORMAL,NORMAL,LSTM_AUTOENCODER,3.0181126594543457,5.292897081375118,9.178507280349733,9.473002943992615,13.3,73.70000000000002,137.59999999999997,8.0,2.0,
2020-01-04,96851,Kab. Sleman,NORMAL,NORMAL,LSTM_AUTOENCODER,3.2166104316711426,5.292897081375118,9.178507280349733,9.473002943992615,46.6,90.8,135.79999999999995,6.0,2.0,
2020-01-05,96851,Kab. Sleman,NORMAL,NORMAL,LSTM_AUTOENCODER,3.422111749649048,5.292897081375118,9.178507280349733,9.473002943992615,3.0,62.90000000000002,136.5,4.0,1.0,
2020-01-06,96851,Kab. Sleman,NORMAL,NORMAL,LSTM_AUTOENCODER,3.3057351112365723,5.292897081375118,9.178507280349733,9.473002943992615,16.3,65.90000000000002,148.29999999999998,5.0,3.0,
2020-01-07,96851,Kab. Sleman,NORMAL,NORMAL,LSTM_AUTOENCODER,3.2661821842193604,5.292897081375118,9.178507280349733,9.473002943992615,29.6,48.90000000000002,169.19999999999996,5.0,2.0,
2020-01-08,96851,Kab. Sleman,NORMAL,NORMAL,LSTM_AUTOENCODER,3.3278350830078125,5.292897081375118,9.178507280349733,9.473002943992615,0.0,45.90000000000002,139.69999999999996,3.0,1.0,
2020-01-09,96851,Kab. Sleman,NORMAL,NORMAL,LSTM_AUTOENCODER,3.3145041465759277,5.292897081375118,9.178507280349733,9.473002943992615,2.6,32.20000000000002,111.39999999999998,3.0,1.0,
2020-01-10,96851,Kab. Sleman,NORMAL,NORMAL,LSTM_AUTOENCODER,3.4173052310943604,5.292897081375118,9.178507280349733,9.473002943992615,19.1,21.700000000000017,117.2,10.0,2.0,
2020-01-11,96851,Kab. Sleman,NORMAL,NORMAL,LSTM_AUTOENCODER,3.63847279548645,5.292897081375118,9.178507280349733,9.473002943992615,9.2,30.900000000000016,79.79999999999998,12.0,3.0,
2020-01-12,96851,Kab. Sleman,NORMAL,NORMAL,LSTM_AUTOENCODER,3.7169137001037598,5.292897081375118,9.178507280349733,9.473002943992615,5.5,33.80000000000001,82.29999999999998,8.0,3.0,
2020-01-13,96851,Kab. Sleman,NORMAL,NORMAL,LSTM_AUTOENCODER,3.768646001815796,5.292897081375118,9.178507280349733,9.473002943992615,0.0,14.700000000000014,65.99999999999997,6.0,3.0,
2020-01-14,96851,Kab. Sleman,NORMAL,NORMAL,LSTM_AUTOENCODER,3.2007064819335938,5.292897081375118,9.178507280349733,9.473002943992615,0.7,6.200000000000014,37.09999999999997,4.0,2.0,
2020-01-15,96851,Kab. Sleman,NORMAL,NORMAL,LSTM_AUTOENCODER,3.036625862121582,5.292897081375118,9.178507280349733,9.473002943992615,0.0,0.7000000000000142,37.09999999999998,5.0,2.0,
2020-01-16,96851,Kab. Sleman,NORMAL,NORMAL,LSTM_AUTOENCODER,3.023043632507324,5.292897081375118,9.178507280349733,9.473002943992615,18.6,19.30000000000001,53.09999999999998,2.0,1.0,
2020-01-17,96851,Kab. Sleman,NORMAL,NORMAL,LSTM_AUTOENCODER,3.030565023422241,5.292897081375118,9.178507280349733,9.473002943992615,0.4,19.00000000000001,34.39999999999997,3.0,1.0,
2020-01-18,96851,Kab. Sleman,NORMAL,NORMAL,LSTM_AUTOENCODER,3.0037004947662354,5.292897081375118,9.178507280349733,9.473002943992615,0.0,19.00000000000001,25.19999999999997,3.0,2.0,
2020-01-19,96851,Kab. Sleman,NORMAL,NORMAL,LSTM_AUTOENCODER,3.012561321258545,5.292897081375118,9.178507280349733,9.473002943992615,0.0,0.4000000000000142,19.69999999999997,4.0,2.0,
2020-01-20,96851,Kab. Sleman,NORMAL,NORMAL,LSTM_AUTOENCODER,2.85453462600708,5.292897081375118,9.178507280349733,9.473002943992615,0.0,0.0,19.69999999999997,2.0,1.0,
2020-01-21,96851,Kab. Sleman,NORMAL,NORMAL,LSTM_AUTOENCODER,2.781329393386841,5.292897081375118,9.178507280349733,9.473002943992615,0.0,0.0,18.99999999999997,3.0,1.0,
2020-01-22,96851,Kab. Sleman,NORMAL,NORMAL,LSTM_AUTOENCODER,2.8477556705474854,5.292897081375118,9.178507280349733,9.473002943992615,2.2,2.2000000000000144,21.19999999999997,7.0,2.0,
2020-01-23,96851,Kab. Sleman,NORMAL,NORMAL,LSTM_AUTOENCODER,2.8800764083862305,5.292897081375118,9.178507280349733,9.473002943992615,6.8,9.000000000000014,9.399999999999972,3.0,1.0,
2020-01-24,96851,Kab. Sleman,NORMAL,NORMAL,LSTM_AUTOENCODER,2.895087718963623,5.292897081375118,9.178507280349733,9.473002943992615,8.5,17.500000000000014,17.49999999999997,5.0,2.0,
2020-01-25,96851,Kab. Sleman,NORMAL,NORMAL,LSTM_AUTOENCODER,2.9273908138275146,5.292897081375118,9.178507280349733,9.473002943992615,0.0,15.300000000000017,17.49999999999997,5.0,1.0,
2020-01-26,96851,Kab. Sleman,NORMAL,NORMAL,LSTM_AUTOENCODER,3.0466597080230713,5.292897081375118,9.178507280349733,9.473002943992615,30.8,39.30000000000001,48.29999999999997,2.0,1.0,
2020-01-27,96851,Kab. Sleman,NORMAL,NORMAL,LSTM_AUTOENCODER,2.86545991897583,5.292897081375118,9.178507280349733,9.473002943992615,0.0,30.80000000000001,48.29999999999997,6.0,2.0,
2020-01-28,96851,Kab. Sleman,NORMAL,NORMAL,LSTM_AUTOENCODER,2.6690306663513184,5.292897081375118,9.178507280349733,9.473002943992615,8.0,38.80000000000001,56.29999999999997,2.0,1.0,
2020-01-29,96851,Kab. Sleman,NORMAL,NORMAL,LSTM_AUTOENCODER,2.701862096786499,5.292897081375118,9.178507280349733,9.473002943992615,3.2,11.200000000000014,57.29999999999997,3.0,1.0,
2020-01-30,96851,Kab. Sleman,NORMAL,NORMAL,LSTM_AUTOENCODER,2.7094712257385254,5.292897081375118,9.178507280349733,9.473002943992615,0.0,11.200000000000014,50.49999999999997,5.0,2.0,
2020-01-31,96851,Kab. Sleman,NORMAL,NORMAL,LSTM_AUTOENCODER,2.6145780086517334,5.292897081375118,9.178507280349733,9.473002943992615,5.1,8.300000000000015,47.09999999999997,4.0,1.0,
2020-02-01,96851,Kab. Sleman,NORMAL,NORMAL,LSTM_AUTOENCODER,2.5831713676452637,5.292897081375118,9.178507280349733,9.473002943992615,3.0,8.100000000000014,50.09999999999997,4.0,1.0,
2020-02-02,96851,Kab. Sleman,NORMAL,NORMAL,LSTM_AUTOENCODER,2.474439859390259,5.292897081375118,9.178507280349733,9.473002943992615,0.0,8.100000000000014,19.29999999999997,2.0,1.0,
2020-02-03,96851,Kab. Sleman,NORMAL,NORMAL,LSTM_AUTOENCODER,2.26293683052063,5.292897081375118,9.178507280349733,9.473002943992615,14.8,17.800000000000015,34.09999999999997,3.0,1.0,
2020-02-04,96851,Kab. Sleman,NORMAL,NORMAL,LSTM_AUTOENCODER,2.109497547149658,5.292897081375118,9.178507280349733,9.473002943992615,1.2,16.000000000000014,27.29999999999997,4.0,1.0,
2020-02-05,96851,Kab. Sleman,NORMAL,NORMAL,LSTM_AUTOENCODER,2.1096887588500977,5.292897081375118,9.178507280349733,9.473002943992615,10.9,26.900000000000013,34.99999999999997,6.0,3.0,
2020-02-06,96851,Kab. Sleman,NORMAL,NORMAL,LSTM_AUTOENCODER,2.082066297531128,5.292897081375118,9.178507280349733,9.473002943992615,0.0,12.100000000000014,34.99999999999997,6.0,2.0,
2020-02-07,96851,Kab. Sleman,NORMAL,NORMAL,LSTM_AUTOENCODER,2.0342164039611816,5.292897081375118,9.178507280349733,9.473002943992615,4.0,14.900000000000016,33.89999999999997,4.0,2.0,
2020-02-08,96851,Kab. Sleman,NORMAL,NORMAL,LSTM_AUTOENCODER,2.0757434368133545,5.292897081375118,9.178507280349733,9.473002943992615,8.0,12.000000000000014,38.89999999999997,4.0,1.0,
2020-02-09,96851,Kab. Sleman,NORMAL,NORMAL,LSTM_AUTOENCODER,1.8066325187683105,5.292897081375118,9.178507280349733,9.473002943992615,0.3,12.300000000000017,39.19999999999997,6.0,2.0,
2020-02-10,96851,Kab. Sleman,NORMAL,NORMAL,LSTM_AUTOENCODER,1.5344862937927246,5.292897081375118,9.178507280349733,9.473002943992615,13.5,21.80000000000001,37.89999999999997,5.0,2.0,
2020-02-11,96851,Kab. Sleman,NORMAL,NORMAL,LSTM_AUTOENCODER,1.410215973854065,5.292897081375118,9.178507280349733,9.473002943992615,1.4,15.200000000000015,38.099999999999966,4.0,2.0,
2020-02-12,96851,Kab. Sleman,NORMAL,NORMAL,LSTM_AUTOENCODER,1.3521493673324585,5.292897081375118,9.178507280349733,9.473002943992615,9.5,24.400000000000013,36.69999999999997,3.0,1.0,
2020-02-13,96851,Kab. Sleman,NORMAL,NORMAL,LSTM_AUTOENCODER,1.3479164838790894,5.292897081375118,9.178507280349733,9.473002943992615,2.7,13.600000000000016,39.39999999999997,3.0,1.0,
2020-02-14,96851,Kab. Sleman,NORMAL,NORMAL,LSTM_AUTOENCODER,1.36248779296875,5.292897081375118,9.178507280349733,9.473002943992615,4.7,16.900000000000013,40.09999999999997,6.0,1.0,
2020-02-15,96851,Kab. Sleman,NORMAL,NORMAL,LSTM_AUTOENCODER,2.0038604736328125,5.292897081375118,9.178507280349733,9.473002943992615,77.2,84.60000000000002,109.29999999999998,3.0,1.0,
2020-02-16,96851,Kab. Sleman,NORMAL,NORMAL,LSTM_AUTOENCODER,2.5792055130004883,5.292897081375118,9.178507280349733,9.473002943992615,2.0,83.9,110.99999999999996,6.0,3.0,
2020-02-17,96851,Kab. Sleman,NORMAL,NORMAL,LSTM_AUTOENCODER,2.5913503170013428,5.292897081375118,9.178507280349733,9.473002943992615,2.7,81.9,100.19999999999996,5.0,3.0,
2020-02-18,96851,Kab. Sleman,NORMAL,NORMAL,LSTM_AUTOENCODER,2.5819618701934814,5.292897081375118,9.178507280349733,9.473002943992615,0.4,5.1000000000000005,99.19999999999996,5.0,2.0,
2020-02-19,96851,Kab. Sleman,NORMAL,NORMAL,LSTM_AUTOENCODER,2.5894014835357666,5.292897081375118,9.178507280349733,9.473002943992615,12.8,15.900000000000002,102.49999999999996,5.0,2.0,
2020-02-20,96851,Kab. Sleman,NORMAL,NORMAL,LSTM_AUTOENCODER,2.644160270690918,5.292897081375118,9.178507280349733,9.473002943992615,26.3,39.5,126.09999999999997,5.0,2.0,
2020-02-21,96851,Kab. Sleman,NORMAL,NORMAL,LSTM_AUTOENCODER,2.564143419265747,5.292897081375118,9.178507280349733,9.473002943992615,24.5,63.60000000000001,145.89999999999998,5.0,2.0,
2020-02-22,96851,Kab. Sleman,NORMAL,NORMAL,LSTM_AUTOENCODER,2.5580897331237793,5.292897081375118,9.178507280349733,9.473002943992615,27.0,77.8,95.69999999999996,6.0,2.0,
2020-02-23,96851,Kab. Sleman,NORMAL,NORMAL,LSTM_AUTOENCODER,2.628716230392456,5.292897081375118,9.178507280349733,9.473002943992615,0.0,51.5,93.69999999999996,6.0,2.0,
2020-02-24,96851,Kab. Sleman,NORMAL,NORMAL,LSTM_AUTOENCODER,2.6322834491729736,5.292897081375118,9.178507280349733,9.473002943992615,0.3,27.300000000000004,91.29999999999995,4.0,1.0,
2020-02-25,96851,Kab. Sleman,NORMAL,NORMAL,LSTM_AUTOENCODER,2.512793779373169,5.292897081375118,9.178507280349733,9.473002943992615,6.1,6.400000000000003,97.0,6.0,1.0,
2020-02-26,96851,Kab. Sleman,NORMAL,NORMAL,LSTM_AUTOENCODER,2.417937755584717,5.292897081375118,9.178507280349733,9.473002943992615,29.8,36.2,113.99999999999996,4.0,1.0,
2020-02-27,96851,Kab. Sleman,NORMAL,NORMAL,LSTM_AUTOENCODER,2.427140951156616,5.292897081375118,9.178507280349733,9.473002943992615,7.1,43.00000000000001,94.79999999999995,3.0,1.0,
2020-02-28,96851,Kab. Sleman,NORMAL,NORMAL,LSTM_AUTOENCODER,2.463378667831421,5.292897081375118,9.178507280349733,9.473002943992615,0.0,36.900000000000006,70.29999999999997,5.0,2.0,
2020-02-29,96851,Kab. Sleman,NORMAL,NORMAL,LSTM_AUTOENCODER,2.45701265335083,5.292897081375118,9.178507280349733,9.473002943992615,0.0,7.100000000000003,43.29999999999997,6.0,2.0,
2020-03-01,96851,Kab. Sleman,NORMAL,NORMAL,LSTM_AUTOENCODER,2.897304058074951,5.292897081375118,9.178507280349733,9.473002943992615,59.5,59.5,102.79999999999995,3.0,0.0,
2020-03-02,96851,Kab. Sleman,NORMAL,NORMAL,LSTM_AUTOENCODER,3.011061191558838,5.292897081375118,9.178507280349733,9.473002943992615,49.6,109.1,152.09999999999997,2.0,1.0,
2020-03-03,96851,Kab. Sleman,NORMAL,NORMAL,LSTM_AUTOENCODER,3.396336793899536,5.292897081375118,9.178507280349733,9.473002943992615,24.4,133.5,170.39999999999998,10.0,2.0,
2020-03-04,96851,Kab. Sleman,NORMAL,NORMAL,LSTM_AUTOENCODER,3.589503049850464,5.292897081375118,9.178507280349733,9.473002943992615,39.6,113.6,180.2,3.0,1.0,
2020-03-05,96851,Kab. Sleman,NORMAL,NORMAL,LSTM_AUTOENCODER,4.135956287384033,5.292897081375118,9.178507280349733,9.473002943992615,89.8,153.8,262.9,5.0,2.0,
2020-03-06,96851,Kab. Sleman,NORMAL,NORMAL,LSTM_AUTOENCODER,4.853070259094238,5.292897081375118,9.178507280349733,9.473002943992615,2.3,131.70000000000002,265.2,3.0,2.0,
2020-03-07,96851,Kab. Sleman,NORMAL,NORMAL,LSTM_AUTOENCODER,4.859632968902588,5.292897081375118,9.178507280349733,9.473002943992615,1.0,93.1,266.2,6.0,2.0,
2020-03-08,96851,Kab. Sleman,NORMAL,NORMAL,LSTM_AUTOENCODER,4.885737895965576,5.292897081375118,9.178507280349733,9.473002943992615,20.8,24.100000000000016,227.5,6.0,2.0,
2020-03-09,96851,Kab. Sleman,NORMAL,NORMAL,LSTM_AUTOENCODER,4.973823547363281,5.292897081375118,9.178507280349733,9.473002943992615,9.6,31.400000000000013,187.5,8.0,2.0,
2020-03-10,96851,Kab. Sleman,NORMAL,NORMAL,LSTM_AUTOENCODER,4.940690994262695,5.292897081375118,9.178507280349733,9.473002943992615,16.4,46.80000000000001,179.49999999999997,5.0,2.0,
2020-03-11,96851,Kab. Sleman,NORMAL,NORMAL,LSTM_AUTOENCODER,4.935336112976074,5.292897081375118,9.178507280349733,9.473002943992615,0.0,26.00000000000001,139.89999999999998,3.0,1.0,
2020-03-12,96851,Kab. Sleman,NORMAL,NORMAL,LSTM_AUTOENCODER,4.974621772766113,5.292897081375118,9.178507280349733,9.473002943992615,14.7,31.10000000000001,64.79999999999997,6.0,1.0,
2020-03-13,96851,Kab. Sleman,NORMAL,NORMAL,LSTM_AUTOENCODER,5.043976306915283,5.292897081375118,9.178507280349733,9.473002943992615,7.5,22.200000000000014,69.99999999999997,2.0,1.0,
2020-03-14,96851,Kab. Sleman,NORMAL,NORMAL,LSTM_AUTOENCODER,5.075848579406738,5.292897081375118,9.178507280349733,9.473002943992615,0.0,22.200000000000014,68.99999999999997,3.0,1.0,
2020-03-15,96851,Kab. Sleman,NORMAL,NORMAL,LSTM_AUTOENCODER,5.075247287750244,5.292897081375118,9.178507280349733,9.473002943992615,0.0,7.500000000000014,48.19999999999997,3.0,1.0,
2020-03-16,96851,Kab. Sleman,NORMAL,NORMAL,LSTM_AUTOENCODER,4.359685897827148,5.292897081375118,9.178507280349733,9.473002943992615,1.8,1.8000000000000145,40.39999999999997,5.0,2.0,
2020-03-17,96851,Kab. Sleman,NORMAL,NORMAL,LSTM_AUTOENCODER,3.8186745643615723,5.292897081375118,9.178507280349733,9.473002943992615,0.0,1.8000000000000145,23.99999999999997,3.0,1.0,
2020-03-18,96851,Kab. Sleman,NORMAL,NORMAL,LSTM_AUTOENCODER,3.8141372203826904,5.292897081375118,9.178507280349733,9.473002943992615,9.7,11.500000000000014,33.699999999999974,3.0,1.0,
2020-03-19,96851,Kab. Sleman,NORMAL,NORMAL,LSTM_AUTOENCODER,3.986454725265503,5.292897081375118,9.178507280349733,9.473002943992615,39.6,49.30000000000001,58.599999999999966,6.0,1.0,
2020-03-20,96851,Kab. Sleman,NORMAL,NORMAL,LSTM_AUTOENCODER,4.025223255157471,5.292897081375118,9.178507280349733,9.473002943992615,39.6,88.90000000000002,90.69999999999996,5.0,1.0,
2020-03-21,96851,Kab. Sleman,NORMAL,NORMAL,LSTM_AUTOENCODER,4.0257463455200195,5.292897081375118,9.178507280349733,9.473002943992615,35.0,114.20000000000002,125.69999999999996,4.0,1.0,
2020-03-22,96851,Kab. Sleman,NORMAL,NORMAL,LSTM_AUTOENCODER,4.125979423522949,5.292897081375118,9.178507280349733,9.473002943992615,1.5,76.10000000000002,127.19999999999996,3.0,1.0,
2020-03-23,96851,Kab. Sleman,NORMAL,NORMAL,LSTM_AUTOENCODER,4.76138162612915,5.292897081375118,9.178507280349733,9.473002943992615,76.4,112.90000000000003,201.79999999999995,3.0,1.0,
2020-04-23,96851,Kab. Sleman,NORMAL,NORMAL,LSTM_AUTOENCODER,5.286859035491943,5.292897081375118,9.178507280349733,9.473002943992615,11.1,30.10000000000003,98.29999999999995,5.0,2.0,
2020-04-24,96851,Kab. Sleman,NORMAL,NORMAL,LSTM_AUTOENCODER,5.067872047424316,5.292897081375118,9.178507280349733,9.473002943992615,13.0,33.300000000000026,110.29999999999995,3.0,1.0,
2020-04-25,96851,Kab. Sleman,NORMAL,NORMAL,LSTM_AUTOENCODER,4.6357221603393555,5.292897081375118,9.178507280349733,9.473002943992615,27.85,51.95000000000003,83.14999999999996,3.0,1.0,
2020-04-26,96851,Kab. Sleman,NORMAL,NORMAL,LSTM_AUTOENCODER,4.213770389556885,5.292897081375118,9.178507280349733,9.473002943992615,42.7,83.55000000000004,124.04999999999995,4.0,1.0,
2020-04-27,96851,Kab. Sleman,NORMAL,NORMAL,LSTM_AUTOENCODER,4.24801778793335,5.292897081375118,9.178507280349733,9.473002943992615,0.0,70.55000000000004,113.64999999999996,5.0,1.0,
2020-04-28,96851,Kab. Sleman,NORMAL,NORMAL,LSTM_AUTOENCODER,4.086515426635742,5.292897081375118,9.178507280349733,9.473002943992615,1.5,44.20000000000003,105.34999999999997,5.0,2.0,
2020-04-29,96851,Kab. Sleman,NORMAL,NORMAL,LSTM_AUTOENCODER,4.07865047454834,5.292897081375118,9.178507280349733,9.473002943992615,3.0,4.500000000000028,99.14999999999996,5.0,2.0,
2020-04-30,96851,Kab. Sleman,NORMAL,NORMAL,LSTM_AUTOENCODER,4.1241631507873535,5.292897081375118,9.178507280349733,9.473002943992615,0.9,5.400000000000029,88.94999999999997,3.0,1.0,
2020-05-01,96851,Kab. Sleman,NORMAL,NORMAL,LSTM_AUTOENCODER,3.630504608154297,5.292897081375118,9.178507280349733,9.473002943992615,0.6000000000000001,4.500000000000028,76.54999999999997,4.0,2.0,
2020-05-02,96851,Kab. Sleman,NORMAL,NORMAL,LSTM_AUTOENCODER,3.3216640949249268,5.292897081375118,9.178507280349733,9.473002943992615,0.3,1.800000000000029,48.99999999999996,4.0,2.0,
2020-05-03,96851,Kab. Sleman,NORMAL,NORMAL,LSTM_AUTOENCODER,3.306381940841675,5.292897081375118,9.178507280349733,9.473002943992615,0.0,0.9000000000000286,6.299999999999957,4.0,2.0,
2020-05-04,96851,Kab. Sleman,NORMAL,NORMAL,LSTM_AUTOENCODER,3.299299478530884,5.292897081375118,9.178507280349733,9.473002943992615,0.0,0.3000000000000284,6.299999999999957,3.0,2.0,
2020-05-05,96851,Kab. Sleman,NORMAL,NORMAL,LSTM_AUTOENCODER,3.2532577514648438,5.292897081375118,9.178507280349733,9.473002943992615,0.0,0.0,4.799999999999957,4.0,2.0,
2020-05-06,96851,Kab. Sleman,NORMAL,NORMAL,LSTM_AUTOENCODER,2.456922769546509,5.292897081375118,9.178507280349733,9.473002943992615,0.0,0.0,1.7999999999999576,5.0,2.0,
2020-05-07,96851,Kab. Sleman,NORMAL,NORMAL,LSTM_AUTOENCODER,1.9237251281738281,5.292897081375118,9.178507280349733,9.473002943992615,0.0,0.0,0.8999999999999575,4.0,2.0,
2020-05-08,96851,Kab. Sleman,NORMAL,NORMAL,LSTM_AUTOENCODER,1.8946832418441772,5.292897081375118,9.178507280349733,9.473002943992615,0.0,0.0,0.2999999999999574,3.0,1.0,
2020-05-09,96851,Kab. Sleman,NORMAL,NORMAL,LSTM_AUTOENCODER,2.264460802078247,5.292897081375118,9.178507280349733,9.473002943992615,54.5,54.50000000000003,54.49999999999996,4.0,1.0,
2020-05-10,96851,Kab. Sleman,NORMAL,NORMAL,LSTM_AUTOENCODER,2.521153450012207,5.292897081375118,9.178507280349733,9.473002943992615,77.5,132.00000000000003,131.99999999999994,5.0,2.0,
2020-05-11,96851,Kab. Sleman,NORMAL,NORMAL,LSTM_AUTOENCODER,2.6907548904418945,5.292897081375118,9.178507280349733,9.473002943992615,64.0,196.00000000000003,195.99999999999997,2.0,1.0,
2020-05-12,96851,Kab. Sleman,NORMAL,NORMAL,LSTM_AUTOENCODER,2.7812793254852295,5.292897081375118,9.178507280349733,9.473002943992615,50.5,192.00000000000003,246.49999999999997,3.0,1.0,
2020-05-13,96851,Kab. Sleman,NORMAL,NORMAL,LSTM_AUTOENCODER,2.8917787075042725,5.292897081375118,9.178507280349733,9.473002943992615,25.25,139.75000000000003,271.74999999999994,2.0,1.0,
2020-05-14,96851,Kab. Sleman,NORMAL,NORMAL,LSTM_AUTOENCODER,2.989758253097534,5.292897081375118,9.178507280349733,9.473002943992615,0.0,75.75000000000003,271.74999999999994,4.0,2.0,
2020-05-15,96851,Kab. Sleman,NORMAL,NORMAL,LSTM_AUTOENCODER,3.015963554382324,5.292897081375118,9.178507280349733,9.473002943992615,0.0,25.25000000000003,271.74999999999994,3.0,1.0,
2020-05-16,96851,Kab. Sleman,NORMAL,NORMAL,LSTM_AUTOENCODER,3.0504400730133057,5.292897081375118,9.178507280349733,9.473002943992615,0.0,0.0,217.24999999999997,4.0,1.0,
2020-05-17,96851,Kab. Sleman,NORMAL,NORMAL,LSTM_AUTOENCODER,2.8859801292419434,5.292897081375118,9.178507280349733,9.473002943992615,0.0,0.0,139.74999999999994,3.0,2.0,
2020-05-18,96851,Kab. Sleman,NORMAL,NORMAL,LSTM_AUTOENCODER,2.5883100032806396,5.292897081375118,9.178507280349733,9.473002943992615,0.0,0.0,75.74999999999996,8.0,2.0,
2020-05-19,96851,Kab. Sleman,NORMAL,NORMAL,LSTM_AUTOENCODER,2.429896593093872,5.292897081375118,9.178507280349733,9.473002943992615,12.4,12.400000000000029,37.64999999999996,3.0,1.0,
2020-05-20,96851,Kab. Sleman,NORMAL,NORMAL,LSTM_AUTOENCODER,2.427189350128174,5.292897081375118,9.178507280349733,9.473002943992615,13.0,25.400000000000027,25.39999999999996,3.0,1.0,
2020-05-21,96851,Kab. Sleman,NORMAL,NORMAL,LSTM_AUTOENCODER,2.4462125301361084,5.292897081375118,9.178507280349733,9.473002943992615,3.7,29.10000000000003,29.09999999999996,5.0,2.0,
2020-05-22,96851,Kab. Sleman,NORMAL,NORMAL,LSTM_AUTOENCODER,2.4619193077087402,5.292897081375118,9.178507280349733,9.473002943992615,0.0,16.70000000000003,29.09999999999996,3.0,1.0,
2020-05-23,96851,Kab. Sleman,NORMAL,NORMAL,LSTM_AUTOENCODER,2.456981658935547,5.292897081375118,9.178507280349733,9.473002943992615,2.5600000000000005,6.260000000000029,31.65999999999996,4.0,2.0,
2020-05-24,96851,Kab. Sleman,NORMAL,NORMAL,LSTM_AUTOENCODER,2.4676802158355713,5.292897081375118,9.178507280349733,9.473002943992615,5.120000000000001,7.68000000000003,36.77999999999996,4.0,2.0,
2020-06-24,96851,Kab. Sleman,NORMAL,NORMAL,LSTM_AUTOENCODER,1.1500927209854126,5.292897081375118,9.178507280349733,9.473002943992615,0.0,14.100000000000028,14.099999999999955,4.0,2.0,
2020-06-25,96851,Kab. Sleman,NORMAL,NORMAL,LSTM_AUTOENCODER,1.1235542297363281,5.292897081375118,9.178507280349733,9.473002943992615,0.0,0.0,14.099999999999955,4.0,2.0,
2020-06-26,96851,Kab. Sleman,NORMAL,NORMAL,LSTM_AUTOENCODER,1.1217725276947021,5.292897081375118,9.178507280349733,9.473002943992615,0.0,0.0,14.099999999999955,5.0,3.0,
2020-06-27,96851,Kab. Sleman,NORMAL,NORMAL,LSTM_AUTOENCODER,1.1278127431869507,5.292897081375118,9.178507280349733,9.473002943992615,0.0,0.0,14.099999999999955,4.0,2.0,
2020-06-28,96851,Kab. Sleman,NORMAL,NORMAL,LSTM_AUTOENCODER,1.114315390586853,5.292897081375118,9.178507280349733,9.473002943992615,0.0,0.0,14.099999999999955,4.0,2.0,
2020-06-29,96851,Kab. Sleman,NORMAL,NORMAL,LSTM_AUTOENCODER,1.1014119386672974,5.292897081375118,9.178507280349733,9.473002943992615,0.0,0.0,0.0,3.0,1.0,
2020-06-30,96851,Kab. Sleman,NORMAL,NORMAL,LSTM_AUTOENCODER,1.0175150632858276,5.292897081375118,9.178507280349733,9.473002943992615,0.0,0.0,0.0,4.0,2.0,
2020-07-01,96851,Kab. Sleman,NORMAL,NORMAL,LSTM_AUTOENCODER,0.9647399187088013,5.292897081375118,9.178507280349733,9.473002943992615,0.0,0.0,0.0,6.0,3.0,
2020-07-02,96851,Kab. Sleman,NORMAL,NORMAL,LSTM_AUTOENCODER,0.9669309854507446,5.292897081375118,9.178507280349733,9.473002943992615,0.0,0.0,0.0,5.0,2.0,
2020-08-10,96851,Kab. Sleman,NORMAL,NORMAL,LSTM_AUTOENCODER,0.8592005968093872,5.292897081375118,9.178507280349733,9.473002943992615,0.0,0.0,0.0,4.0,2.0,
2020-08-11,96851,Kab. Sleman,NORMAL,NORMAL,LSTM_AUTOENCODER,0.854988694190979,5.292897081375118,9.178507280349733,9.473002943992615,0.0,0.0,0.0,4.0,2.0,
2020-08-12,96851,Kab. Sleman,NORMAL,NORMAL,LSTM_AUTOENCODER,0.8715835213661194,5.292897081375118,9.178507280349733,9.473002943992615,11.7,11.700000000000028,11.699999999999957,4.0,1.0,
2020-08-13,96851,Kab. Sleman,NORMAL,NORMAL,LSTM_AUTOENCODER,0.8923999071121216,5.292897081375118,9.178507280349733,9.473002943992615,11.4,23.10000000000003,23.09999999999996,4.0,2.0,
2020-08-14,96851,Kab. Sleman,NORMAL,NORMAL,LSTM_AUTOENCODER,0.888450026512146,5.292897081375118,9.178507280349733,9.473002943992615,14.4,37.50000000000003,37.49999999999996,4.0,1.0,
2020-08-15,96851,Kab. Sleman,NORMAL,NORMAL,LSTM_AUTOENCODER,0.8912212252616882,5.292897081375118,9.178507280349733,9.473002943992615,7.2,33.00000000000003,44.69999999999996,5.0,2.0,
2020-08-16,96851,Kab. Sleman,NORMAL,NORMAL,LSTM_AUTOENCODER,0.8367642760276794,5.292897081375118,9.178507280349733,9.473002943992615,0.0,21.60000000000003,44.69999999999996,5.0,2.0,
2020-08-17,96851,Kab. Sleman,NORMAL,NORMAL,LSTM_AUTOENCODER,0.8267161846160889,5.292897081375118,9.178507280349733,9.473002943992615,0.4,7.600000000000029,45.09999999999996,5.0,1.0,
2020-08-18,96851,Kab. Sleman,NORMAL,NORMAL,LSTM_AUTOENCODER,0.8923667073249817,5.292897081375118,9.178507280349733,9.473002943992615,0.0,0.4000000000000284,45.09999999999996,4.0,2.0,
2020-08-19,96851,Kab. Sleman,NORMAL,NORMAL,LSTM_AUTOENCODER,0.9300740361213684,5.292897081375118,9.178507280349733,9.473002943992615,0.0,0.4000000000000284,33.39999999999996,4.0,2.0,
2020-08-20,96851,Kab. Sleman,NORMAL,NORMAL,LSTM_AUTOENCODER,0.9687163233757019,5.292897081375118,9.178507280349733,9.473002943992615,0.0,0.0,21.99999999999996,5.0,2.0,
2020-08-21,96851,Kab. Sleman,NORMAL,NORMAL,LSTM_AUTOENCODER,0.9970666170120239,5.292897081375118,9.178507280349733,9.473002943992615,0.0,0.0,7.599999999999958,5.0,3.0,
2020-08-22,96851,Kab. Sleman,NORMAL,NORMAL,LSTM_AUTOENCODER,1.0014923810958862,5.292897081375118,9.178507280349733,9.473002943992615,0.0,0.0,0.3999999999999574,5.0,3.0,
2020-08-23,96851,Kab. Sleman,NORMAL,NORMAL,LSTM_AUTOENCODER,1.0236637592315674,5.292897081375118,9.178507280349733,9.473002943992615,0.0,0.0,0.3999999999999574,6.0,3.0,
2020-08-24,96851,Kab. Sleman,NORMAL,NORMAL,LSTM_AUTOENCODER,0.9711840748786926,5.292897081375118,9.178507280349733,9.473002943992615,0.0,0.0,0.0,5.0,2.0,
2020-08-25,96851,Kab. Sleman,NORMAL,NORMAL,LSTM_AUTOENCODER,0.9476000070571899,5.292897081375118,9.178507280349733,9.473002943992615,0.0,0.0,0.0,5.0,3.0,
2020-08-26,96851,Kab. Sleman,NORMAL,NORMAL,LSTM_AUTOENCODER,0.9702807068824768,5.292897081375118,9.178507280349733,9.473002943992615,0.0,0.0,0.0,6.0,3.0,
2020-08-27,96851,Kab. Sleman,NORMAL,NORMAL,LSTM_AUTOENCODER,0.9835125803947449,5.292897081375118,9.178507280349733,9.473002943992615,0.0,0.0,0.0,5.0,2.0,
2020-08-28,96851,Kab. Sleman,NORMAL,NORMAL,LSTM_AUTOENCODER,0.9961284399032593,5.292897081375118,9.178507280349733,9.473002943992615,0.0,0.0,0.0,5.0,3.0,
2020-08-29,96851,Kab. Sleman,NORMAL,NORMAL,LSTM_AUTOENCODER,0.9419065713882446,5.292897081375118,9.178507280349733,9.473002943992615,0.0,0.0,0.0,6.0,2.0,
2020-08-30,96851,Kab. Sleman,NORMAL,NORMAL,LSTM_AUTOENCODER,0.9350510239601135,5.292897081375118,9.178507280349733,9.473002943992615,0.0,0.0,0.0,4.0,2.0,
2020-08-31,96851,Kab. Sleman,NORMAL,NORMAL,LSTM_AUTOENCODER,0.905706524848938,5.292897081375118,9.178507280349733,9.473002943992615,0.0,0.0,0.0,4.0,2.0,
2020-09-01,96851,Kab. Sleman,NORMAL,NORMAL,LSTM_AUTOENCODER,0.9071277976036072,5.292897081375118,9.178507280349733,9.473002943992615,0.0,0.0,0.0,5.0,3.0,
2020-09-02,96851,Kab. Sleman,NORMAL,NORMAL,LSTM_AUTOENCODER,0.8693538904190063,5.292897081375118,9.178507280349733,9.473002943992615,0.0,0.0,0.0,5.0,2.0,
2020-10-27,96851,Kab. Sleman,NORMAL,NORMAL,LSTM_AUTOENCODER,1.7617958784103394,5.292897081375118,9.178507280349733,9.473002943992615,47.05,123.35,156.44999999999993,4.0,1.0,
2020-10-28,96851,Kab. Sleman,NORMAL,NORMAL,LSTM_AUTOENCODER,1.8377071619033813,5.292897081375118,9.178507280349733,9.473002943992615,29.0,141.15,158.94999999999993,4.0,2.0,
2020-10-29,96851,Kab. Sleman,NORMAL,NORMAL,LSTM_AUTOENCODER,1.8696348667144775,5.292897081375118,9.178507280349733,9.473002943992615,18.1,94.15,177.04999999999995,4.0,2.0,
2020-10-30,96851,Kab. Sleman,NORMAL,NORMAL,LSTM_AUTOENCODER,1.9668147563934326,5.292897081375118,9.178507280349733,9.473002943992615,13.95,61.05000000000002,188.79999999999995,8.0,3.0,
2020-10-31,96851,Kab. Sleman,NORMAL,NORMAL,LSTM_AUTOENCODER,1.976818323135376,5.292897081375118,9.178507280349733,9.473002943992615,9.8,41.850000000000016,194.2,5.0,2.0,
2020-11-01,96851,Kab. Sleman,NORMAL,NORMAL,LSTM_AUTOENCODER,1.9427521228790283,5.292897081375118,9.178507280349733,9.473002943992615,6.0,29.75000000000001,188.99999999999997,5.0,2.0,
2020-11-02,96851,Kab. Sleman,NORMAL,NORMAL,LSTM_AUTOENCODER,1.8879685401916504,5.292897081375118,9.178507280349733,9.473002943992615,21.2,37.000000000000014,145.09999999999997,6.0,3.0,
2020-11-03,96851,Kab. Sleman,NORMAL,NORMAL,LSTM_AUTOENCODER,1.8843233585357666,5.292897081375118,9.178507280349733,9.473002943992615,1.1,28.30000000000001,99.14999999999996,4.0,2.0,
2020-11-04,96851,Kab. Sleman,NORMAL,NORMAL,LSTM_AUTOENCODER,1.8304071426391602,5.292897081375118,9.178507280349733,9.473002943992615,5.8,28.100000000000016,75.94999999999996,4.0,2.0,
2020-11-05,96851,Kab. Sleman,NORMAL,NORMAL,LSTM_AUTOENCODER,2.0237340927124023,5.292897081375118,9.178507280349733,9.473002943992615,1.8,8.700000000000015,59.64999999999996,10.0,3.0,
2020-11-06,96851,Kab. Sleman,NORMAL,NORMAL,LSTM_AUTOENCODER,2.0940115451812744,5.292897081375118,9.178507280349733,9.473002943992615,3.1,10.700000000000015,48.79999999999996,5.0,2.0,
2020-11-07,96851,Kab. Sleman,NORMAL,NORMAL,LSTM_AUTOENCODER,2.1037914752960205,5.292897081375118,9.178507280349733,9.473002943992615,0.0,4.900000000000015,38.99999999999996,5.0,3.0,
2020-11-08,96851,Kab. Sleman,NORMAL,NORMAL,LSTM_AUTOENCODER,2.116736888885498,5.292897081375118,9.178507280349733,9.473002943992615,1.85,4.950000000000015,34.84999999999996,5.0,2.0,
2020-11-09,96851,Kab. Sleman,NORMAL,NORMAL,LSTM_AUTOENCODER,2.116833448410034,5.292897081375118,9.178507280349733,9.473002943992615,3.7,5.550000000000015,17.34999999999996,5.0,2.0,
2020-11-10,96851,Kab. Sleman,NORMAL,NORMAL,LSTM_AUTOENCODER,2.019364356994629,5.292897081375118,9.178507280349733,9.473002943992615,0.0,5.550000000000015,16.249999999999957,5.0,3.0,
2020-11-11,96851,Kab. Sleman,NORMAL,NORMAL,LSTM_AUTOENCODER,1.968989372253418,5.292897081375118,9.178507280349733,9.473002943992615,0.0,3.7000000000000144,10.449999999999958,4.0,2.0,
2020-11-12,96851,Kab. Sleman,NORMAL,NORMAL,LSTM_AUTOENCODER,1.9906556606292725,5.292897081375118,9.178507280349733,9.473002943992615,0.0,0.0,8.649999999999958,6.0,3.0,
2020-11-13,96851,Kab. Sleman,NORMAL,NORMAL,LSTM_AUTOENCODER,2.016078233718872,5.292897081375118,9.178507280349733,9.473002943992615,1.0,1.0000000000000142,6.549999999999958,5.0,3.0,
2020-11-14,96851,Kab. Sleman,NORMAL,NORMAL,LSTM_AUTOENCODER,1.9917502403259277,5.292897081375118,9.178507280349733,9.473002943992615,10.8,11.800000000000017,17.34999999999996,5.0,2.0,
2020-11-15,96851,Kab. Sleman,NORMAL,NORMAL,LSTM_AUTOENCODER,1.987384557723999,5.292897081375118,9.178507280349733,9.473002943992615,12.25,24.05000000000001,27.74999999999996,4.0,2.0,
2020-11-16,96851,Kab. Sleman,NORMAL,NORMAL,LSTM_AUTOENCODER,1.9575523138046265,5.292897081375118,9.178507280349733,9.473002943992615,13.7,36.750000000000014,37.74999999999996,3.0,2.0,
2020-11-17,96851,Kab. Sleman,NORMAL,NORMAL,LSTM_AUTOENCODER,2.0013530254364014,5.292897081375118,9.178507280349733,9.473002943992615,4.9,30.850000000000016,42.64999999999996,5.0,3.0,
2020-11-18,96851,Kab. Sleman,NORMAL,NORMAL,LSTM_AUTOENCODER,2.028904438018799,5.292897081375118,9.178507280349733,9.473002943992615,0.0,18.600000000000016,42.64999999999996,6.0,2.0,
2020-11-19,96851,Kab. Sleman,NORMAL,NORMAL,LSTM_AUTOENCODER,1.99973464012146,5.292897081375118,9.178507280349733,9.473002943992615,8.6,13.500000000000014,51.24999999999996,5.0,2.0,
2020-11-20,96851,Kab. Sleman,NORMAL,NORMAL,LSTM_AUTOENCODER,2.548091411590576,5.292897081375118,9.178507280349733,9.473002943992615,75.0,83.60000000000001,125.24999999999996,5.0,2.0,
2020-11-21,96851,Kab. Sleman,NORMAL,NORMAL,LSTM_AUTOENCODER,3.0216777324676514,5.292897081375118,9.178507280349733,9.473002943992615,1.0,84.60000000000001,115.44999999999996,3.0,1.0,
2020-12-22,96851,Kab. Sleman,AWAS,ANGIN_KENCANG,LSTM_AUTOENCODER,15.586616516113281,5.292897081375118,9.178507280349733,9.473002943992615,0.0,5.600000000000028,67.69999999999995,6.0,3.0,Anomaly score above AWAS threshold; Wind above local percentile threshold
2020-12-23,96851,Kab. Sleman,AWAS,ANGIN_KENCANG,LSTM_AUTOENCODER,15.575562477111816,5.292897081375118,9.178507280349733,9.473002943992615,0.0,0.0,67.69999999999995,5.0,2.0,Anomaly score above AWAS threshold; Wind above local percentile threshold
2020-12-24,96851,Kab. Sleman,AWAS,ANGIN_KENCANG,LSTM_AUTOENCODER,15.4990873336792,5.292897081375118,9.178507280349733,9.473002943992615,0.0,0.0,67.39999999999995,5.0,2.0,Anomaly score above AWAS threshold; Wind above local percentile threshold
2020-12-25,96851,Kab. Sleman,AWAS,ANGIN_KENCANG,LSTM_AUTOENCODER,15.482569694519043,5.292897081375118,9.178507280349733,9.473002943992615,0.0,0.0,16.79999999999994,5.0,2.0,Anomaly score above AWAS threshold; Wind above local percentile threshold
2020-12-26,96851,Kab. Sleman,AWAS,ANOMALI_CUACA,LSTM_AUTOENCODER,15.48703670501709,5.292897081375118,9.178507280349733,9.473002943992615,7.6,7.600000000000028,13.199999999999942,3.0,1.0,Anomaly score above AWAS threshold
2020-12-27,96851,Kab. Sleman,AWAS,ANGIN_KENCANG,LSTM_AUTOENCODER,15.440926551818848,5.292897081375118,9.178507280349733,9.473002943992615,19.2,26.800000000000026,26.79999999999994,6.0,3.0,Anomaly score above AWAS threshold; Wind above local percentile threshold
2020-12-28,96851,Kab. Sleman,AWAS,ANGIN_KENCANG,LSTM_AUTOENCODER,15.460776329040527,5.292897081375118,9.178507280349733,9.473002943992615,4.1,30.900000000000027,30.89999999999994,5.0,3.0,Anomaly score above AWAS threshold; Wind above local percentile threshold
2020-12-29,96851,Kab. Sleman,AWAS,ANGIN_KENCANG,LSTM_AUTOENCODER,15.3338041305542,5.292897081375118,9.178507280349733,9.473002943992615,0.5,23.800000000000026,31.39999999999994,5.0,4.0,Anomaly score above AWAS threshold; Wind above local percentile threshold
2020-12-30,96851,Kab. Sleman,AWAS,ANGIN_KENCANG,LSTM_AUTOENCODER,15.318866729736328,5.292897081375118,9.178507280349733,9.473002943992615,14.6,19.20000000000003,45.99999999999994,4.0,2.0,Anomaly score above AWAS threshold; Wind above local percentile threshold
2020-12-31,96851,Kab. Sleman,AWAS,CURAH_HUJAN_EKSTREM_DAN_ANGIN_KENCANG,LSTM_AUTOENCODER,15.404685974121094,5.292897081375118,9.178507280349733,9.473002943992615,44.1,59.20000000000003,90.09999999999994,5.0,2.0,Anomaly score above AWAS threshold; Rainfall above local percentile threshold; Wind above local percentile threshold
2018-03-28,96855,Kab. Sleman,NORMAL,NORMAL,LSTM_AUTOENCODER,0.7863422632217407,5.292897081375118,9.178507280349733,9.473002943992615,5.5,23.30000000000005,148.8,2.0,1.0,
2018-03-29,96855,Kab. Sleman,NORMAL,NORMAL,LSTM_AUTOENCODER,0.7883970141410828,5.292897081375118,9.178507280349733,9.473002943992615,0.0,15.100000000000056,132.4,2.0,1.0,
2018-03-30,96855,Kab. Sleman,NORMAL,NORMAL,LSTM_AUTOENCODER,0.7881312370300293,5.292897081375118,9.178507280349733,9.473002943992615,0.0,5.500000000000057,99.6,2.0,1.0,
2018-03-31,96855,Kab. Sleman,NORMAL,NORMAL,LSTM_AUTOENCODER,0.790698230266571,5.292897081375118,9.178507280349733,9.473002943992615,0.0,0.0,50.4,2.0,1.0,
2018-04-01,96855,Kab. Sleman,NORMAL,NORMAL,LSTM_AUTOENCODER,0.7905882000923157,5.292897081375118,9.178507280349733,9.473002943992615,0.0,0.0,23.3,2.0,1.0,
2018-04-02,96855,Kab. Sleman,NORMAL,NORMAL,LSTM_AUTOENCODER,0.790795087814331,5.292897081375118,9.178507280349733,9.473002943992615,0.0,0.0,15.1,2.0,1.0,
2018-04-03,96855,Kab. Sleman,NORMAL,NORMAL,LSTM_AUTOENCODER,0.7898868322372437,5.292897081375118,9.178507280349733,9.473002943992615,4.4,4.400000000000057,9.9,2.0,1.0,
2018-04-04,96855,Kab. Sleman,NORMAL,NORMAL,LSTM_AUTOENCODER,0.7967829704284668,5.292897081375118,9.178507280349733,9.473002943992615,0.0,4.400000000000057,4.4,2.0,1.0,
2018-04-05,96855,Kab. Sleman,NORMAL,NORMAL,LSTM_AUTOENCODER,0.7785711288452148,5.292897081375118,9.178507280349733,9.473002943992615,0.0,4.400000000000057,4.4,2.0,0.0,
2018-04-06,96855,Kab. Sleman,NORMAL,NORMAL,LSTM_AUTOENCODER,0.7652685642242432,5.292897081375118,9.178507280349733,9.473002943992615,1.0,1.0000000000000568,5.4,2.0,1.0,
2018-04-07,96855,Kab. Sleman,NORMAL,NORMAL,LSTM_AUTOENCODER,0.7464376091957092,5.292897081375118,9.178507280349733,9.473002943992615,2.4,3.4000000000000568,7.800000000000001,2.0,1.0,
2018-04-08,96855,Kab. Sleman,NORMAL,NORMAL,LSTM_AUTOENCODER,0.8222832083702087,5.292897081375118,9.178507280349733,9.473002943992615,32.7,36.10000000000006,40.5,2.0,1.0,
2018-04-09,96855,Kab. Sleman,NORMAL,NORMAL,LSTM_AUTOENCODER,0.9177554249763489,5.292897081375118,9.178507280349733,9.473002943992615,0.0,35.10000000000006,40.5,2.0,1.0,
2018-04-10,96855,Kab. Sleman,NORMAL,NORMAL,LSTM_AUTOENCODER,0.9213944673538208,5.292897081375118,9.178507280349733,9.473002943992615,8.5,41.20000000000006,44.6,2.0,0.0,
2018-04-11,96855,Kab. Sleman,NORMAL,NORMAL,LSTM_AUTOENCODER,0.9247106313705444,5.292897081375118,9.178507280349733,9.473002943992615,4.25,12.750000000000057,48.85,2.0,0.0,
2018-04-12,96855,Kab. Sleman,NORMAL,NORMAL,LSTM_AUTOENCODER,0.9317182898521423,5.292897081375118,9.178507280349733,9.473002943992615,0.0,12.750000000000057,48.85,2.0,1.0,
2018-04-13,96855,Kab. Sleman,NORMAL,NORMAL,LSTM_AUTOENCODER,0.9385393261909485,5.292897081375118,9.178507280349733,9.473002943992615,0.0,4.250000000000057,47.85,2.0,1.0,
2018-04-14,96855,Kab. Sleman,NORMAL,NORMAL,LSTM_AUTOENCODER,0.9531511664390564,5.292897081375118,9.178507280349733,9.473002943992615,0.0,0.0,45.45,1.0,0.0,
2018-04-15,96855,Kab. Sleman,NORMAL,NORMAL,LSTM_AUTOENCODER,0.9516990780830383,5.292897081375118,9.178507280349733,9.473002943992615,0.0,0.0,12.75,2.0,0.0,
2018-04-16,96855,Kab. Sleman,NORMAL,NORMAL,LSTM_AUTOENCODER,0.9336142539978027,5.292897081375118,9.178507280349733,9.473002943992615,0.0,0.0,12.75,2.0,0.0,
2018-04-17,96855,Kab. Sleman,NORMAL,NORMAL,LSTM_AUTOENCODER,0.888940155506134,5.292897081375118,9.178507280349733,9.473002943992615,0.0,0.0,4.25,2.0,1.0,
2018-04-18,96855,Kab. Sleman,NORMAL,NORMAL,LSTM_AUTOENCODER,0.8035230040550232,5.292897081375118,9.178507280349733,9.473002943992615,8.35,8.350000000000056,8.35,2.0,0.0,
2018-04-19,96855,Kab. Sleman,NORMAL,NORMAL,LSTM_AUTOENCODER,0.8231491446495056,5.292897081375118,9.178507280349733,9.473002943992615,16.7,25.05000000000005,25.05,2.0,1.0,
2018-04-20,96855,Kab. Sleman,NORMAL,NORMAL,LSTM_AUTOENCODER,0.8611178398132324,5.292897081375118,9.178507280349733,9.473002943992615,0.0,25.050000000000058,25.05,2.0,0.0,
2018-04-21,96855,Kab. Sleman,NORMAL,NORMAL,LSTM_AUTOENCODER,1.0036368370056152,5.292897081375118,9.178507280349733,9.473002943992615,32.0,48.70000000000006,57.05,0.0,0.0,
2018-04-22,96855,Kab. Sleman,NORMAL,NORMAL,LSTM_AUTOENCODER,0.9790053963661194,5.292897081375118,9.178507280349733,9.473002943992615,16.1,48.10000000000006,73.15,2.0,0.0,
2018-04-23,96855,Kab. Sleman,NORMAL,NORMAL,LSTM_AUTOENCODER,0.8667914867401123,5.292897081375118,9.178507280349733,9.473002943992615,0.2,48.30000000000006,73.35000000000001,3.0,0.0,
2018-04-24,96855,Kab. Sleman,NORMAL,NORMAL,LSTM_AUTOENCODER,0.7433676719665527,5.292897081375118,9.178507280349733,9.473002943992615,0.0,16.300000000000058,73.35000000000001,2.0,0.0,
2018-04-25,96855,Kab. Sleman,NORMAL,NORMAL,LSTM_AUTOENCODER,0.7105293273925781,5.292897081375118,9.178507280349733,9.473002943992615,9.2,9.400000000000055,74.2,1.0,0.0,
2018-04-26,96855,Kab. Sleman,NORMAL,NORMAL,LSTM_AUTOENCODER,0.7247552871704102,5.292897081375118,9.178507280349733,9.473002943992615,0.4,9.600000000000056,57.900000000000006,3.0,0.0,
2018-04-27,96855,Kab. Sleman,NORMAL,NORMAL,LSTM_AUTOENCODER,0.7222983837127686,5.292897081375118,9.178507280349733,9.473002943992615,0.0,9.600000000000056,57.900000000000006,2.0,1.0,
2018-04-28,96855,Kab. Sleman,NORMAL,NORMAL,LSTM_AUTOENCODER,0.7188672423362732,5.292897081375118,9.178507280349733,9.473002943992615,0.0,0.4000000000000568,25.9,2.0,0.0,
2018-04-29,96855,Kab. Sleman,NORMAL,NORMAL,LSTM_AUTOENCODER,0.7211664319038391,5.292897081375118,9.178507280349733,9.473002943992615,0.0,0.0,9.800000000000002,2.0,1.0,
2018-04-30,96855,Kab. Sleman,NORMAL,NORMAL,LSTM_AUTOENCODER,0.7236977815628052,5.292897081375118,9.178507280349733,9.473002943992615,0.0,0.0,9.600000000000003,2.0,1.0,
2018-05-01,96855,Kab. Sleman,NORMAL,NORMAL,LSTM_AUTOENCODER,0.7270165085792542,5.292897081375118,9.178507280349733,9.473002943992615,0.0,0.0,9.600000000000003,2.0,0.0,
2018-05-02,96855,Kab. Sleman,NORMAL,NORMAL,LSTM_AUTOENCODER,0.7275478839874268,5.292897081375118,9.178507280349733,9.473002943992615,0.0,0.0,0.4000000000000036,2.0,1.0,
2018-05-03,96855,Kab. Sleman,NORMAL,NORMAL,LSTM_AUTOENCODER,0.7282495498657227,5.292897081375118,9.178507280349733,9.473002943992615,0.0,0.0,0.0,2.0,1.0,
2018-05-04,96855,Kab. Sleman,NORMAL,NORMAL,LSTM_AUTOENCODER,0.7300186157226562,5.292897081375118,9.178507280349733,9.473002943992615,0.0,0.0,0.0,2.0,1.0,
2018-05-05,96855,Kab. Sleman,NORMAL,NORMAL,LSTM_AUTOENCODER,0.7396242022514343,5.292897081375118,9.178507280349733,9.473002943992615,0.0,0.0,0.0,2.0,1.0,
2018-05-06,96855,Kab. Sleman,NORMAL,NORMAL,LSTM_AUTOENCODER,0.7498034238815308,5.292897081375118,9.178507280349733,9.473002943992615,0.0,0.0,0.0,2.0,1.0,
2018-05-07,96855,Kab. Sleman,NORMAL,NORMAL,LSTM_AUTOENCODER,0.7529089450836182,5.292897081375118,9.178507280349733,9.473002943992615,0.0,0.0,0.0,2.0,0.0,
2018-05-08,96855,Kab. Sleman,NORMAL,NORMAL,LSTM_AUTOENCODER,0.6219213604927063,5.292897081375118,9.178507280349733,9.473002943992615,0.0,0.0,0.0,2.0,1.0,
2018-05-09,96855,Kab. Sleman,NORMAL,NORMAL,LSTM_AUTOENCODER,0.5296221375465393,5.292897081375118,9.178507280349733,9.473002943992615,0.0,0.0,0.0,2.0,1.0,
2018-05-10,96855,Kab. Sleman,NORMAL,NORMAL,LSTM_AUTOENCODER,0.5285055637359619,5.292897081375118,9.178507280349733,9.473002943992615,0.0,0.0,0.0,2.0,1.0,
2018-05-11,96855,Kab. Sleman,NORMAL,NORMAL,LSTM_AUTOENCODER,0.531644344329834,5.292897081375118,9.178507280349733,9.473002943992615,0.0,0.0,0.0,2.0,1.0,
2018-05-12,96855,Kab. Sleman,NORMAL,NORMAL,LSTM_AUTOENCODER,0.5360085964202881,5.292897081375118,9.178507280349733,9.473002943992615,0.0,0.0,0.0,2.0,1.0,
2018-05-13,96855,Kab. Sleman,NORMAL,NORMAL,LSTM_AUTOENCODER,0.5312387347221375,5.292897081375118,9.178507280349733,9.473002943992615,0.0,0.0,0.0,2.0,1.0,
2018-05-14,96855,Kab. Sleman,NORMAL,NORMAL,LSTM_AUTOENCODER,0.5195922255516052,5.292897081375118,9.178507280349733,9.473002943992615,0.0,0.0,0.0,2.0,1.0,
2018-05-15,96855,Kab. Sleman,NORMAL,NORMAL,LSTM_AUTOENCODER,0.512459397315979,5.292897081375118,9.178507280349733,9.473002943992615,0.0,0.0,0.0,2.0,1.0,
2018-05-16,96855,Kab. Sleman,NORMAL,NORMAL,LSTM_AUTOENCODER,0.5129439830780029,5.292897081375118,9.178507280349733,9.473002943992615,3.8,3.8000000000000567,3.8000000000000034,2.0,0.0,
2018-05-17,96855,Kab. Sleman,NORMAL,NORMAL,LSTM_AUTOENCODER,0.5102478265762329,5.292897081375118,9.178507280349733,9.473002943992615,2.05,5.8500000000000565,5.850000000000003,2.0,0.0,
2018-05-18,96855,Kab. Sleman,NORMAL,NORMAL,LSTM_AUTOENCODER,0.507058322429657,5.292897081375118,9.178507280349733,9.473002943992615,0.3,6.150000000000056,6.150000000000003,2.0,0.0,
2018-05-19,96855,Kab. Sleman,NORMAL,NORMAL,LSTM_AUTOENCODER,0.49156299233436584,5.292897081375118,9.178507280349733,9.473002943992615,0.0,2.3500000000000565,6.150000000000003,2.0,0.0,
2018-05-20,96855,Kab. Sleman,NORMAL,NORMAL,LSTM_AUTOENCODER,0.47370195388793945,5.292897081375118,9.178507280349733,9.473002943992615,0.5,0.8000000000000569,6.650000000000003,1.0,0.0,
2018-05-21,96855,Kab. Sleman,NORMAL,NORMAL,LSTM_AUTOENCODER,0.3105471432209015,5.292897081375118,9.178507280349733,9.473002943992615,1.0,1.5000000000000568,7.650000000000003,2.0,0.0,
2018-05-22,96855,Kab. Sleman,NORMAL,NORMAL,LSTM_AUTOENCODER,0.2715339660644531,5.292897081375118,9.178507280349733,9.473002943992615,2.0,3.500000000000057,9.650000000000002,2.0,1.0,
2018-05-23,96855,Kab. Sleman,NORMAL,NORMAL,LSTM_AUTOENCODER,0.24569588899612427,5.292897081375118,9.178507280349733,9.473002943992615,2.0500000000000003,5.0500000000000576,7.900000000000004,2.0,0.0,
2018-05-24,96855,Kab. Sleman,NORMAL,NORMAL,LSTM_AUTOENCODER,0.2487984150648117,5.292897081375118,9.178507280349733,9.473002943992615,2.1,6.150000000000057,7.950000000000004,2.0,0.0,
2018-05-25,96855,Kab. Sleman,NORMAL,NORMAL,LSTM_AUTOENCODER,0.22980540990829468,5.292897081375118,9.178507280349733,9.473002943992615,0.7,4.850000000000057,8.350000000000003,2.0,0.0,
2018-05-26,96855,Kab. Sleman,NORMAL,NORMAL,LSTM_AUTOENCODER,0.20848213136196136,5.292897081375118,9.178507280349733,9.473002943992615,0.35,3.1500000000000568,8.700000000000005,2.0,0.0,
2018-05-27,96855,Kab. Sleman,NORMAL,NORMAL,LSTM_AUTOENCODER,0.20275349915027618,5.292897081375118,9.178507280349733,9.473002943992615,0.0,1.0500000000000569,8.200000000000005,2.0,1.0,
2018-05-28,96855,Kab. Sleman,NORMAL,NORMAL,LSTM_AUTOENCODER,0.2014988362789154,5.292897081375118,9.178507280349733,9.473002943992615,0.0,0.3500000000000568,7.200000000000004,2.0,1.0,
2018-05-29,96855,Kab. Sleman,NORMAL,NORMAL,LSTM_AUTOENCODER,0.19321410357952118,5.292897081375118,9.178507280349733,9.473002943992615,0.0,0.0,5.200000000000004,2.0,1.0,
2018-05-30,96855,Kab. Sleman,NORMAL,NORMAL,LSTM_AUTOENCODER,0.1867194026708603,5.292897081375118,9.178507280349733,9.473002943992615,0.0,0.0,3.1500000000000035,2.0,0.0,
2018-05-31,96855,Kab. Sleman,NORMAL,NORMAL,LSTM_AUTOENCODER,0.18322986364364624,5.292897081375118,9.178507280349733,9.473002943992615,0.0,0.0,1.0500000000000034,2.0,1.0,
2018-06-01,96855,Kab. Sleman,NORMAL,NORMAL,LSTM_AUTOENCODER,0.18673759698867798,5.292897081375118,9.178507280349733,9.473002943992615,0.0,0.0,0.3500000000000035,2.0,1.0,
2018-06-02,96855,Kab. Sleman,NORMAL,NORMAL,LSTM_AUTOENCODER,0.19198381900787354,5.292897081375118,9.178507280349733,9.473002943992615,0.0,0.0,0.0,2.0,1.0,
2018-06-03,96855,Kab. Sleman,NORMAL,NORMAL,LSTM_AUTOENCODER,0.19097036123275757,5.292897081375118,9.178507280349733,9.473002943992615,0.0,0.0,0.0,2.0,0.0,
2018-06-04,96855,Kab. Sleman,NORMAL,NORMAL,LSTM_AUTOENCODER,0.18294735252857208,5.292897081375118,9.178507280349733,9.473002943992615,0.0,0.0,0.0,2.0,1.0,
2018-06-05,96855,Kab. Sleman,NORMAL,NORMAL,LSTM_AUTOENCODER,0.1746286004781723,5.292897081375118,9.178507280349733,9.473002943992615,0.0,0.0,0.0,2.0,0.0,
2018-06-06,96855,Kab. Sleman,NORMAL,NORMAL,LSTM_AUTOENCODER,0.17311392724514008,5.292897081375118,9.178507280349733,9.473002943992615,0.0,0.0,0.0,2.0,1.0,
2018-06-07,96855,Kab. Sleman,NORMAL,NORMAL,LSTM_AUTOENCODER,0.1670129895210266,5.292897081375118,9.178507280349733,9.473002943992615,0.0,0.0,0.0,2.0,1.0,
2018-06-08,96855,Kab. Sleman,NORMAL,NORMAL,LSTM_AUTOENCODER,0.1587454229593277,5.292897081375118,9.178507280349733,9.473002943992615,0.0,0.0,0.0,2.0,1.0,
2018-06-09,96855,Kab. Sleman,NORMAL,NORMAL,LSTM_AUTOENCODER,0.15233345329761505,5.292897081375118,9.178507280349733,9.473002943992615,0.0,0.0,0.0,2.0,1.0,
2018-06-10,96855,Kab. Sleman,NORMAL,NORMAL,LSTM_AUTOENCODER,0.14177833497524261,5.292897081375118,9.178507280349733,9.473002943992615,0.0,0.0,0.0,2.0,1.0,
2018-06-11,96855,Kab. Sleman,NORMAL,NORMAL,LSTM_AUTOENCODER,0.1288207620382309,5.292897081375118,9.178507280349733,9.473002943992615,0.0,0.0,0.0,2.0,1.0,
2018-06-12,96855,Kab. Sleman,NORMAL,NORMAL,LSTM_AUTOENCODER,0.12714968621730804,5.292897081375118,9.178507280349733,9.473002943992615,0.0,0.0,0.0,2.0,0.0,
2018-06-13,96855,Kab. Sleman,NORMAL,NORMAL,LSTM_AUTOENCODER,0.12647376954555511,5.292897081375118,9.178507280349733,9.473002943992615,0.0,0.0,0.0,2.0,0.0,
2018-06-14,96855,Kab. Sleman,NORMAL,NORMAL,LSTM_AUTOENCODER,0.12476694583892822,5.292897081375118,9.178507280349733,9.473002943992615,0.0,0.0,0.0,2.0,1.0,
2018-06-15,96855,Kab. Sleman,NORMAL,NORMAL,LSTM_AUTOENCODER,0.12392532825469971,5.292897081375118,9.178507280349733,9.473002943992615,0.0,0.0,0.0,2.0,1.0,
2018-06-16,96855,Kab. Sleman,NORMAL,NORMAL,LSTM_AUTOENCODER,0.12855243682861328,5.292897081375118,9.178507280349733,9.473002943992615,0.0,0.0,0.0,2.0,1.0,
2018-06-17,96855,Kab. Sleman,NORMAL,NORMAL,LSTM_AUTOENCODER,0.1363612860441208,5.292897081375118,9.178507280349733,9.473002943992615,0.0,0.0,0.0,1.0,0.0,
2018-06-18,96855,Kab. Sleman,NORMAL,NORMAL,LSTM_AUTOENCODER,0.1474330574274063,5.292897081375118,9.178507280349733,9.473002943992615,0.0,0.0,0.0,2.0,1.0,
2018-06-19,96855,Kab. Sleman,NORMAL,NORMAL,LSTM_AUTOENCODER,0.1412522792816162,5.292897081375118,9.178507280349733,9.473002943992615,0.0,0.0,0.0,2.0,0.0,
2018-06-20,96855,Kab. Sleman,NORMAL,NORMAL,LSTM_AUTOENCODER,0.1397331804037094,5.292897081375118,9.178507280349733,9.473002943992615,0.0,0.0,0.0,2.0,0.0,
2018-06-21,96855,Kab. Sleman,NORMAL,NORMAL,LSTM_AUTOENCODER,0.1620718538761139,5.292897081375118,9.178507280349733,9.473002943992615,13.9,13.900000000000055,13.900000000000004,2.0,0.0,
2018-06-22,96855,Kab. Sleman,NORMAL,NORMAL,LSTM_AUTOENCODER,0.18438918888568878,5.292897081375118,9.178507280349733,9.473002943992615,0.0,13.900000000000055,13.900000000000004,2.0,0.0,
2018-06-23,96855,Kab. Sleman,NORMAL,NORMAL,LSTM_AUTOENCODER,0.18803200125694275,5.292897081375118,9.178507280349733,9.473002943992615,0.0,13.900000000000055,13.900000000000004,2.0,0.0,
2018-06-24,96855,Kab. Sleman,NORMAL,NORMAL,LSTM_AUTOENCODER,0.19150607287883759,5.292897081375118,9.178507280349733,9.473002943992615,0.0,0.0,13.900000000000004,2.0,0.0,
2018-06-25,96855,Kab. Sleman,NORMAL,NORMAL,LSTM_AUTOENCODER,0.19388751685619354,5.292897081375118,9.178507280349733,9.473002943992615,0.0,0.0,13.900000000000004,2.0,0.0,
2018-06-26,96855,Kab. Sleman,NORMAL,NORMAL,LSTM_AUTOENCODER,0.19550947844982147,5.292897081375118,9.178507280349733,9.473002943992615,3.5,3.500000000000057,17.400000000000006,2.0,0.0,
2018-06-27,96855,Kab. Sleman,NORMAL,NORMAL,LSTM_AUTOENCODER,0.197154238820076,5.292897081375118,9.178507280349733,9.473002943992615,0.0,3.500000000000057,17.400000000000006,2.0,0.0,
2018-06-28,96855,Kab. Sleman,NORMAL,NORMAL,LSTM_AUTOENCODER,0.19825711846351624,5.292897081375118,9.178507280349733,9.473002943992615,0.0,3.500000000000057,3.500000000000004,2.0,0.0,
2018-06-29,96855,Kab. Sleman,NORMAL,NORMAL,LSTM_AUTOENCODER,0.19822026789188385,5.292897081375118,9.178507280349733,9.473002943992615,0.0,0.0,3.500000000000004,2.0,0.0,
2018-06-30,96855,Kab. Sleman,NORMAL,NORMAL,LSTM_AUTOENCODER,0.1940258890390396,5.292897081375118,9.178507280349733,9.473002943992615,0.0,0.0,3.500000000000004,2.0,1.0,
2018-07-01,96855,Kab. Sleman,NORMAL,NORMAL,LSTM_AUTOENCODER,0.18905200064182281,5.292897081375118,9.178507280349733,9.473002943992615,0.0,0.0,3.500000000000004,2.0,1.0,
2018-07-02,96855,Kab. Sleman,NORMAL,NORMAL,LSTM_AUTOENCODER,0.18027053773403168,5.292897081375118,9.178507280349733,9.473002943992615,0.0,0.0,3.500000000000004,2.0,1.0,
2018-07-03,96855,Kab. Sleman,NORMAL,NORMAL,LSTM_AUTOENCODER,0.1825367957353592,5.292897081375118,9.178507280349733,9.473002943992615,0.0,0.0,0.0,2.0,1.0,
2018-07-04,96855,Kab. Sleman,NORMAL,NORMAL,LSTM_AUTOENCODER,0.1822727769613266,5.292897081375118,9.178507280349733,9.473002943992615,0.0,0.0,0.0,2.0,1.0,
2018-07-05,96855,Kab. Sleman,NORMAL,NORMAL,LSTM_AUTOENCODER,0.19316703081130981,5.292897081375118,9.178507280349733,9.473002943992615,0.0,0.0,0.0,2.0,2.0,
2018-07-06,96855,Kab. Sleman,NORMAL,NORMAL,LSTM_AUTOENCODER,0.20490381121635437,5.292897081375118,9.178507280349733,9.473002943992615,0.0,0.0,0.0,2.0,0.0,
2018-07-07,96855,Kab. Sleman,NORMAL,NORMAL,LSTM_AUTOENCODER,0.2073536068201065,5.292897081375118,9.178507280349733,9.473002943992615,0.0,0.0,0.0,2.0,1.0,
2018-07-08,96855,Kab. Sleman,NORMAL,NORMAL,LSTM_AUTOENCODER,0.20282886922359467,5.292897081375118,9.178507280349733,9.473002943992615,0.0,0.0,0.0,2.0,1.0,
2018-07-09,96855,Kab. Sleman,NORMAL,NORMAL,LSTM_AUTOENCODER,0.2091609090566635,5.292897081375118,9.178507280349733,9.473002943992615,0.0,0.0,0.0,3.0,1.0,
2018-07-10,96855,Kab. Sleman,NORMAL,NORMAL,LSTM_AUTOENCODER,0.2106063812971115,5.292897081375118,9.178507280349733,9.473002943992615,0.0,0.0,0.0,2.0,1.0,
2018-07-11,96855,Kab. Sleman,NORMAL,NORMAL,LSTM_AUTOENCODER,0.2110152691602707,5.292897081375118,9.178507280349733,9.473002943992615,0.0,0.0,0.0,2.0,1.0,
2018-07-12,96855,Kab. Sleman,NORMAL,NORMAL,LSTM_AUTOENCODER,0.20887526869773865,5.292897081375118,9.178507280349733,9.473002943992615,0.0,0.0,0.0,2.0,1.0,
2018-07-13,96855,Kab. Sleman,NORMAL,NORMAL,LSTM_AUTOENCODER,0.20993196964263916,5.292897081375118,9.178507280349733,9.473002943992615,0.0,0.0,0.0,2.0,0.0,
2018-07-14,96855,Kab. Sleman,NORMAL,NORMAL,LSTM_AUTOENCODER,0.210666224360466,5.292897081375118,9.178507280349733,9.473002943992615,0.0,0.0,0.0,2.0,1.0,
2018-07-15,96855,Kab. Sleman,NORMAL,NORMAL,LSTM_AUTOENCODER,0.2090747207403183,5.292897081375118,9.178507280349733,9.473002943992615,0.0,0.0,0.0,2.0,0.0,
2018-07-16,96855,Kab. Sleman,NORMAL,NORMAL,LSTM_AUTOENCODER,0.2090265452861786,5.292897081375118,9.178507280349733,9.473002943992615,0.0,0.0,0.0,2.0,0.0,
2018-07-17,96855,Kab. Sleman,NORMAL,NORMAL,LSTM_AUTOENCODER,0.19892485439777374,5.292897081375118,9.178507280349733,9.473002943992615,0.0,0.0,0.0,2.0,1.0,
2018-07-18,96855,Kab. Sleman,NORMAL,NORMAL,LSTM_AUTOENCODER,0.18447689712047577,5.292897081375118,9.178507280349733,9.473002943992615,0.0,0.0,0.0,2.0,0.0,
2018-07-19,96855,Kab. Sleman,NORMAL,NORMAL,LSTM_AUTOENCODER,0.1829671412706375,5.292897081375118,9.178507280349733,9.473002943992615,0.0,0.0,0.0,2.0,1.0,
2018-07-20,96855,Kab. Sleman,NORMAL,NORMAL,LSTM_AUTOENCODER,0.18265563249588013,5.292897081375118,9.178507280349733,9.473002943992615,0.0,0.0,0.0,2.0,0.0,
2018-07-21,96855,Kab. Sleman,NORMAL,NORMAL,LSTM_AUTOENCODER,0.1584874540567398,5.292897081375118,9.178507280349733,9.473002943992615,0.0,0.0,0.0,2.0,0.0,
2018-07-22,96855,Kab. Sleman,NORMAL,NORMAL,LSTM_AUTOENCODER,0.14005468785762787,5.292897081375118,9.178507280349733,9.473002943992615,0.0,0.0,0.0,2.0,1.0,
2018-07-23,96855,Kab. Sleman,NORMAL,NORMAL,LSTM_AUTOENCODER,0.1441904902458191,5.292897081375118,9.178507280349733,9.473002943992615,0.0,0.0,0.0,2.0,1.0,
2018-07-24,96855,Kab. Sleman,NORMAL,NORMAL,LSTM_AUTOENCODER,0.1496797353029251,5.292897081375118,9.178507280349733,9.473002943992615,0.0,0.0,0.0,2.0,1.0,
2018-07-25,96855,Kab. Sleman,NORMAL,NORMAL,LSTM_AUTOENCODER,0.15831081569194794,5.292897081375118,9.178507280349733,9.473002943992615,0.0,0.0,0.0,2.0,1.0,
2018-07-26,96855,Kab. Sleman,NORMAL,NORMAL,LSTM_AUTOENCODER,0.16376642882823944,5.292897081375118,9.178507280349733,9.473002943992615,0.0,0.0,0.0,2.0,1.0,
2018-07-27,96855,Kab. Sleman,NORMAL,NORMAL,LSTM_AUTOENCODER,0.17931124567985535,5.292897081375118,9.178507280349733,9.473002943992615,0.0,0.0,0.0,2.0,1.0,
2018-07-28,96855,Kab. Sleman,NORMAL,NORMAL,LSTM_AUTOENCODER,0.18771614134311676,5.292897081375118,9.178507280349733,9.473002943992615,0.0,0.0,0.0,2.0,1.0,
2018-07-29,96855,Kab. Sleman,NORMAL,NORMAL,LSTM_AUTOENCODER,0.19050945341587067,5.292897081375118,9.178507280349733,9.473002943992615,0.0,0.0,0.0,2.0,1.0,
2018-07-30,96855,Kab. Sleman,NORMAL,NORMAL,LSTM_AUTOENCODER,0.19438157975673676,5.292897081375118,9.178507280349733,9.473002943992615,0.0,0.0,0.0,2.0,0.0,
2018-07-31,96855,Kab. Sleman,NORMAL,NORMAL,LSTM_AUTOENCODER,0.1941622644662857,5.292897081375118,9.178507280349733,9.473002943992615,0.0,0.0,0.0,2.0,1.0,
2018-08-01,96855,Kab. Sleman,NORMAL,NORMAL,LSTM_AUTOENCODER,0.1954985111951828,5.292897081375118,9.178507280349733,9.473002943992615,0.0999999999999999,0.1000000000000568,0.1000000000000035,2.0,1.0,
2018-08-02,96855,Kab. Sleman,NORMAL,NORMAL,LSTM_AUTOENCODER,0.20037002861499786,5.292897081375118,9.178507280349733,9.473002943992615,0.1999999999999999,0.3000000000000568,0.3000000000000035,3.0,1.0,
2018-08-03,96855,Kab. Sleman,NORMAL,NORMAL,LSTM_AUTOENCODER,0.20972514152526855,5.292897081375118,9.178507280349733,9.473002943992615,0.3,0.6000000000000567,0.6000000000000034,3.0,1.0,
2018-08-04,96855,Kab. Sleman,NORMAL,NORMAL,LSTM_AUTOENCODER,0.2127782702445984,5.292897081375118,9.178507280349733,9.473002943992615,0.15,0.6500000000000568,0.7500000000000034,2.0,1.0,
2018-08-05,96855,Kab. Sleman,NORMAL,NORMAL,LSTM_AUTOENCODER,0.20690469443798065,5.292897081375118,9.178507280349733,9.473002943992615,0.0,0.4500000000000568,0.7500000000000034,3.0,1.0,
2018-08-06,96855,Kab. Sleman,NORMAL,NORMAL,LSTM_AUTOENCODER,0.21492959558963776,5.292897081375118,9.178507280349733,9.473002943992615,0.0,0.1500000000000567,0.7500000000000034,2.0,1.0,
2018-08-07,96855,Kab. Sleman,NORMAL,NORMAL,LSTM_AUTOENCODER,0.21996340155601501,5.292897081375118,9.178507280349733,9.473002943992615,0.0,0.0,0.7500000000000034,2.0,1.0,
2018-08-08,96855,Kab. Sleman,NORMAL,NORMAL,LSTM_AUTOENCODER,0.21219250559806824,5.292897081375118,9.178507280349733,9.473002943992615,0.0,0.0,0.6500000000000035,2.0,1.0,
2018-08-09,96855,Kab. Sleman,NORMAL,NORMAL,LSTM_AUTOENCODER,0.21989071369171143,5.292897081375118,9.178507280349733,9.473002943992615,0.0,0.0,0.4500000000000035,2.0,1.0,
2018-08-10,96855,Kab. Sleman,NORMAL,NORMAL,LSTM_AUTOENCODER,0.21905693411827087,5.292897081375118,9.178507280349733,9.473002943992615,0.0,0.0,0.1500000000000035,2.0,1.0,
2018-08-11,96855,Kab. Sleman,NORMAL,NORMAL,LSTM_AUTOENCODER,0.21822449564933777,5.292897081375118,9.178507280349733,9.473002943992615,0.0,0.0,0.0,2.0,1.0,
2018-08-12,96855,Kab. Sleman,NORMAL,NORMAL,LSTM_AUTOENCODER,0.21825699508190155,5.292897081375118,9.178507280349733,9.473002943992615,0.0,0.0,0.0,2.0,1.0,
2018-08-13,96855,Kab. Sleman,NORMAL,NORMAL,LSTM_AUTOENCODER,0.21678023040294647,5.292897081375118,9.178507280349733,9.473002943992615,0.0,0.0,0.0,2.0,1.0,
2018-08-14,96855,Kab. Sleman,NORMAL,NORMAL,LSTM_AUTOENCODER,0.21508747339248657,5.292897081375118,9.178507280349733,9.473002943992615,0.0,0.0,0.0,2.0,1.0,
2018-08-15,96855,Kab. Sleman,NORMAL,NORMAL,LSTM_AUTOENCODER,0.20450320839881897,5.292897081375118,9.178507280349733,9.473002943992615,0.0,0.0,0.0,2.0,1.0,
2018-08-16,96855,Kab. Sleman,NORMAL,NORMAL,LSTM_AUTOENCODER,0.19874519109725952,5.292897081375118,9.178507280349733,9.473002943992615,0.0,0.0,0.0,2.0,1.0,
2018-08-17,96855,Kab. Sleman,NORMAL,NORMAL,LSTM_AUTOENCODER,0.19716648757457733,5.292897081375118,9.178507280349733,9.473002943992615,0.0,0.0,0.0,2.0,1.0,
2018-08-18,96855,Kab. Sleman,NORMAL,NORMAL,LSTM_AUTOENCODER,0.19668324291706085,5.292897081375118,9.178507280349733,9.473002943992615,0.0,0.0,0.0,2.0,1.0,
2018-08-19,96855,Kab. Sleman,NORMAL,NORMAL,LSTM_AUTOENCODER,0.20160973072052002,5.292897081375118,9.178507280349733,9.473002943992615,0.0,0.0,0.0,2.0,1.0,
2018-08-20,96855,Kab. Sleman,NORMAL,NORMAL,LSTM_AUTOENCODER,0.2091318964958191,5.292897081375118,9.178507280349733,9.473002943992615,0.0,0.0,0.0,2.0,1.0,
2018-08-21,96855,Kab. Sleman,NORMAL,NORMAL,LSTM_AUTOENCODER,0.21651726961135864,5.292897081375118,9.178507280349733,9.473002943992615,0.0,0.0,0.0,2.0,0.0,
2018-08-22,96855,Kab. Sleman,NORMAL,NORMAL,LSTM_AUTOENCODER,0.22396314144134521,5.292897081375118,9.178507280349733,9.473002943992615,0.0,0.0,0.0,2.0,1.0,
2018-08-23,96855,Kab. Sleman,NORMAL,NORMAL,LSTM_AUTOENCODER,0.226279154419899,5.292897081375118,9.178507280349733,9.473002943992615,0.0,0.0,0.0,2.0,1.0,
2018-08-24,96855,Kab. Sleman,NORMAL,NORMAL,LSTM_AUTOENCODER,0.2214973419904709,5.292897081375118,9.178507280349733,9.473002943992615,0.0,0.0,0.0,2.0,1.0,
2018-08-25,96855,Kab. Sleman,NORMAL,NORMAL,LSTM_AUTOENCODER,0.21246416866779327,5.292897081375118,9.178507280349733,9.473002943992615,0.0,0.0,0.0,2.0,1.0,
2018-08-26,96855,Kab. Sleman,NORMAL,NORMAL,LSTM_AUTOENCODER,0.18924936652183533,5.292897081375118,9.178507280349733,9.473002943992615,0.0,0.0,0.0,2.0,1.0,
2018-08-27,96855,Kab. Sleman,NORMAL,NORMAL,LSTM_AUTOENCODER,0.1791364550590515,5.292897081375118,9.178507280349733,9.473002943992615,0.0,0.0,0.0,2.0,1.0,
2018-08-28,96855,Kab. Sleman,NORMAL,NORMAL,LSTM_AUTOENCODER,0.17928309738636017,5.292897081375118,9.178507280349733,9.473002943992615,0.0,0.0,0.0,2.0,1.0,
2018-08-29,96855,Kab. Sleman,NORMAL,NORMAL,LSTM_AUTOENCODER,0.1835840344429016,5.292897081375118,9.178507280349733,9.473002943992615,0.8,0.8000000000000569,0.8000000000000036,2.0,1.0,
2018-08-30,96855,Kab. Sleman,NORMAL,NORMAL,LSTM_AUTOENCODER,0.19042770564556122,5.292897081375118,9.178507280349733,9.473002943992615,0.0,0.8000000000000569,0.8000000000000036,2.0,1.0,
2018-08-31,96855,Kab. Sleman,NORMAL,NORMAL,LSTM_AUTOENCODER,0.19865253567695618,5.292897081375118,9.178507280349733,9.473002943992615,0.0,0.8000000000000569,0.8000000000000036,2.0,1.0,
2018-09-01,96855,Kab. Sleman,NORMAL,NORMAL,LSTM_AUTOENCODER,0.21040742099285126,5.292897081375118,9.178507280349733,9.473002943992615,0.0,0.0,0.8000000000000036,1.0,0.0,
2018-09-02,96855,Kab. Sleman,NORMAL,NORMAL,LSTM_AUTOENCODER,0.21445652842521667,5.292897081375118,9.178507280349733,9.473002943992615,4.5,4.500000000000057,5.300000000000003,2.0,1.0,
2018-09-03,96855,Kab. Sleman,NORMAL,NORMAL,LSTM_AUTOENCODER,0.19949638843536377,5.292897081375118,9.178507280349733,9.473002943992615,0.0,4.500000000000057,5.300000000000003,2.0,1.0,
2018-09-04,96855,Kab. Sleman,NORMAL,NORMAL,LSTM_AUTOENCODER,0.18901249766349792,5.292897081375118,9.178507280349733,9.473002943992615,0.0,4.500000000000057,5.300000000000003,2.0,1.0,
2018-09-05,96855,Kab. Sleman,NORMAL,NORMAL,LSTM_AUTOENCODER,0.16495190560817719,5.292897081375118,9.178507280349733,9.473002943992615,0.0,0.0,4.500000000000004,2.0,1.0,
2018-09-06,96855,Kab. Sleman,NORMAL,NORMAL,LSTM_AUTOENCODER,0.15166091918945312,5.292897081375118,9.178507280349733,9.473002943992615,0.0,0.0,4.500000000000004,2.0,1.0,
2018-09-07,96855,Kab. Sleman,NORMAL,NORMAL,LSTM_AUTOENCODER,0.14823755621910095,5.292897081375118,9.178507280349733,9.473002943992615,0.05,0.0500000000000568,4.550000000000003,2.0,1.0,
2018-09-08,96855,Kab. Sleman,NORMAL,NORMAL,LSTM_AUTOENCODER,0.1440173238515854,5.292897081375118,9.178507280349733,9.473002943992615,0.1,0.1500000000000568,4.650000000000004,2.0,1.0,
2018-09-09,96855,Kab. Sleman,NORMAL,NORMAL,LSTM_AUTOENCODER,0.14767031371593475,5.292897081375118,9.178507280349733,9.473002943992615,0.05,0.2000000000000568,0.2000000000000035,2.0,1.0,
2018-09-10,96855,Kab. Sleman,NORMAL,NORMAL,LSTM_AUTOENCODER,0.14891083538532257,5.292897081375118,9.178507280349733,9.473002943992615,0.0,0.1500000000000568,0.2000000000000035,2.0,1.0,
2018-09-11,96855,Kab. Sleman,NORMAL,NORMAL,LSTM_AUTOENCODER,0.15587539970874786,5.292897081375118,9.178507280349733,9.473002943992615,0.0,0.0500000000000568,0.2000000000000035,2.0,1.0,
2018-09-12,96855,Kab. Sleman,NORMAL,NORMAL,LSTM_AUTOENCODER,0.16067445278167725,5.292897081375118,9.178507280349733,9.473002943992615,0.0,0.0,0.2000000000000035,2.0,1.0,
2018-09-13,96855,Kab. Sleman,NORMAL,NORMAL,LSTM_AUTOENCODER,0.16138924658298492,5.292897081375118,9.178507280349733,9.473002943992615,0.0,0.0,0.2000000000000035,2.0,1.0,
2018-09-14,96855,Kab. Sleman,NORMAL,NORMAL,LSTM_AUTOENCODER,0.1629597544670105,5.292897081375118,9.178507280349733,9.473002943992615,0.0,0.0,0.1500000000000035,2.0,1.0,
2018-09-15,96855,Kab. Sleman,NORMAL,NORMAL,LSTM_AUTOENCODER,0.16096775233745575,5.292897081375118,9.178507280349733,9.473002943992615,0.0,0.0,0.0500000000000035,3.0,1.0,
2018-09-16,96855,Kab. Sleman,NORMAL,NORMAL,LSTM_AUTOENCODER,0.15555286407470703,5.292897081375118,9.178507280349733,9.473002943992615,0.0,0.0,0.0,2.0,1.0,
2018-09-17,96855,Kab. Sleman,NORMAL,NORMAL,LSTM_AUTOENCODER,0.14752209186553955,5.292897081375118,9.178507280349733,9.473002943992615,0.0,0.0,0.0,2.0,1.0,
2018-09-18,96855,Kab. Sleman,NORMAL,NORMAL,LSTM_AUTOENCODER,0.1408427655696869,5.292897081375118,9.178507280349733,9.473002943992615,0.0,0.0,0.0,2.0,1.0,
2018-09-19,96855,Kab. Sleman,NORMAL,NORMAL,LSTM_AUTOENCODER,0.13785620033740997,5.292897081375118,9.178507280349733,9.473002943992615,0.0,0.0,0.0,2.0,1.0,
2018-09-20,96855,Kab. Sleman,NORMAL,NORMAL,LSTM_AUTOENCODER,0.15432988107204437,5.292897081375118,9.178507280349733,9.473002943992615,8.0,8.000000000000057,8.000000000000004,2.0,1.0,
2018-09-21,96855,Kab. Sleman,NORMAL,NORMAL,LSTM_AUTOENCODER,0.17902331054210663,5.292897081375118,9.178507280349733,9.473002943992615,16.0,24.000000000000057,24.000000000000004,2.0,1.0,
2018-09-22,96855,Kab. Sleman,NORMAL,NORMAL,LSTM_AUTOENCODER,0.20464204251766205,5.292897081375118,9.178507280349733,9.473002943992615,0.0,24.000000000000057,24.000000000000004,2.0,1.0,
2018-09-23,96855,Kab. Sleman,NORMAL,NORMAL,LSTM_AUTOENCODER,0.20576731860637665,5.292897081375118,9.178507280349733,9.473002943992615,0.0,16.000000000000057,24.000000000000004,2.0,1.0,
2018-09-24,96855,Kab. Sleman,NORMAL,NORMAL,LSTM_AUTOENCODER,0.1996336430311203,5.292897081375118,9.178507280349733,9.473002943992615,0.0,0.0,24.000000000000004,2.0,1.0,
2018-09-25,96855,Kab. Sleman,NORMAL,NORMAL,LSTM_AUTOENCODER,0.19008669257164001,5.292897081375118,9.178507280349733,9.473002943992615,0.0,0.0,24.000000000000004,2.0,1.0,
2018-09-26,96855,Kab. Sleman,NORMAL,NORMAL,LSTM_AUTOENCODER,0.18476265668869019,5.292897081375118,9.178507280349733,9.473002943992615,0.0,0.0,24.000000000000004,2.0,1.0,
2018-09-27,96855,Kab. Sleman,NORMAL,NORMAL,LSTM_AUTOENCODER,0.1861841231584549,5.292897081375118,9.178507280349733,9.473002943992615,0.0,0.0,16.000000000000004,3.0,1.0,
2018-09-28,96855,Kab. Sleman,NORMAL,NORMAL,LSTM_AUTOENCODER,0.18923214077949524,5.292897081375118,9.178507280349733,9.473002943992615,0.0,0.0,0.0,3.0,1.0,
2018-09-29,96855,Kab. Sleman,NORMAL,NORMAL,LSTM_AUTOENCODER,0.19022050499916077,5.292897081375118,9.178507280349733,9.473002943992615,0.0,0.0,0.0,2.0,1.0,
2018-09-30,96855,Kab. Sleman,NORMAL,NORMAL,LSTM_AUTOENCODER,0.1929256170988083,5.292897081375118,9.178507280349733,9.473002943992615,0.0,0.0,0.0,2.0,1.0,
2018-10-01,96855,Kab. Sleman,NORMAL,NORMAL,LSTM_AUTOENCODER,0.1862851083278656,5.292897081375118,9.178507280349733,9.473002943992615,0.0,0.0,0.0,2.0,1.0,
2018-10-02,96855,Kab. Sleman,NORMAL,NORMAL,LSTM_AUTOENCODER,0.1819104701280594,5.292897081375118,9.178507280349733,9.473002943992615,0.0,0.0,0.0,2.0,1.0,
2018-10-03,96855,Kab. Sleman,NORMAL,NORMAL,LSTM_AUTOENCODER,0.18224313855171204,5.292897081375118,9.178507280349733,9.473002943992615,0.0,0.0,0.0,2.0,1.0,
2018-10-04,96855,Kab. Sleman,NORMAL,NORMAL,LSTM_AUTOENCODER,0.1799376904964447,5.292897081375118,9.178507280349733,9.473002943992615,0.0,0.0,0.0,2.0,1.0,
2018-10-05,96855,Kab. Sleman,NORMAL,NORMAL,LSTM_AUTOENCODER,0.17995761334896088,5.292897081375118,9.178507280349733,9.473002943992615,0.0,0.0,0.0,2.0,1.0,
2018-10-06,96855,Kab. Sleman,NORMAL,NORMAL,LSTM_AUTOENCODER,0.18052324652671814,5.292897081375118,9.178507280349733,9.473002943992615,0.0,0.0,0.0,2.0,1.0,
2018-10-07,96855,Kab. Sleman,NORMAL,NORMAL,LSTM_AUTOENCODER,0.18339760601520538,5.292897081375118,9.178507280349733,9.473002943992615,0.0,0.0,0.0,2.0,1.0,
2018-10-08,96855,Kab. Sleman,NORMAL,NORMAL,LSTM_AUTOENCODER,0.19083264470100403,5.292897081375118,9.178507280349733,9.473002943992615,0.0,0.0,0.0,3.0,1.0,
2018-10-09,96855,Kab. Sleman,NORMAL,NORMAL,LSTM_AUTOENCODER,0.1938004046678543,5.292897081375118,9.178507280349733,9.473002943992615,0.0,0.0,0.0,2.0,1.0,
2018-10-10,96855,Kab. Sleman,NORMAL,NORMAL,LSTM_AUTOENCODER,0.1931852400302887,5.292897081375118,9.178507280349733,9.473002943992615,0.0,0.0,0.0,2.0,1.0,
2018-10-11,96855,Kab. Sleman,NORMAL,NORMAL,LSTM_AUTOENCODER,0.18954268097877502,5.292897081375118,9.178507280349733,9.473002943992615,0.0,0.0,0.0,2.0,1.0,
2018-10-12,96855,Kab. Sleman,NORMAL,NORMAL,LSTM_AUTOENCODER,0.18916016817092896,5.292897081375118,9.178507280349733,9.473002943992615,0.0,0.0,0.0,2.0,0.0,
2018-10-13,96855,Kab. Sleman,NORMAL,NORMAL,LSTM_AUTOENCODER,0.1853574514389038,5.292897081375118,9.178507280349733,9.473002943992615,0.0,0.0,0.0,2.0,1.0,
2018-10-14,96855,Kab. Sleman,NORMAL,NORMAL,LSTM_AUTOENCODER,0.1862311214208603,5.292897081375118,9.178507280349733,9.473002943992615,0.0,0.0,0.0,3.0,1.0,
2018-10-15,96855,Kab. Sleman,NORMAL,NORMAL,LSTM_AUTOENCODER,0.17856928706169128,5.292897081375118,9.178507280349733,9.473002943992615,0.0,0.0,0.0,2.0,1.0,
2018-10-16,96855,Kab. Sleman,NORMAL,NORMAL,LSTM_AUTOENCODER,0.16730763018131256,5.292897081375118,9.178507280349733,9.473002943992615,0.0,0.0,0.0,2.0,1.0,
2018-10-17,96855,Kab. Sleman,NORMAL,NORMAL,LSTM_AUTOENCODER,0.1605292558670044,5.292897081375118,9.178507280349733,9.473002943992615,0.0,0.0,0.0,2.0,1.0,
2018-10-18,96855,Kab. Sleman,NORMAL,NORMAL,LSTM_AUTOENCODER,0.16340820491313934,5.292897081375118,9.178507280349733,9.473002943992615,0.0,0.0,0.0,2.0,1.0,
2018-10-19,96855,Kab. Sleman,NORMAL,NORMAL,LSTM_AUTOENCODER,0.16143125295639038,5.292897081375118,9.178507280349733,9.473002943992615,0.0,0.0,0.0,2.0,1.0,
2018-10-20,96855,Kab. Sleman,NORMAL,NORMAL,LSTM_AUTOENCODER,0.15158230066299438,5.292897081375118,9.178507280349733,9.473002943992615,0.0,0.0,0.0,2.0,1.0,
2018-10-21,96855,Kab. Sleman,NORMAL,NORMAL,LSTM_AUTOENCODER,0.1341693252325058,5.292897081375118,9.178507280349733,9.473002943992615,0.0,0.0,0.0,2.0,1.0,
2018-10-22,96855,Kab. Sleman,NORMAL,NORMAL,LSTM_AUTOENCODER,0.11028358340263367,5.292897081375118,9.178507280349733,9.473002943992615,0.0,0.0,0.0,2.0,1.0,
2018-10-23,96855,Kab. Sleman,NORMAL,NORMAL,LSTM_AUTOENCODER,0.11167697608470917,5.292897081375118,9.178507280349733,9.473002943992615,0.0,0.0,0.0,2.0,1.0,
2018-10-24,96855,Kab. Sleman,NORMAL,NORMAL,LSTM_AUTOENCODER,0.11226129531860352,5.292897081375118,9.178507280349733,9.473002943992615,0.0,0.0,0.0,2.0,1.0,
2018-10-25,96855,Kab. Sleman,NORMAL,NORMAL,LSTM_AUTOENCODER,0.11641424894332886,5.292897081375118,9.178507280349733,9.473002943992615,0.0,0.0,0.0,2.0,1.0,
2018-10-26,96855,Kab. Sleman,NORMAL,NORMAL,LSTM_AUTOENCODER,0.12075887620449066,5.292897081375118,9.178507280349733,9.473002943992615,0.0,0.0,0.0,2.0,1.0,
2018-10-27,96855,Kab. Sleman,NORMAL,NORMAL,LSTM_AUTOENCODER,0.1173066794872284,5.292897081375118,9.178507280349733,9.473002943992615,0.0,0.0,0.0,2.0,1.0,
2018-10-28,96855,Kab. Sleman,NORMAL,NORMAL,LSTM_AUTOENCODER,0.11411380022764206,5.292897081375118,9.178507280349733,9.473002943992615,0.0,0.0,0.0,2.0,1.0,
2018-10-29,96855,Kab. Sleman,NORMAL,NORMAL,LSTM_AUTOENCODER,0.10888810455799103,5.292897081375118,9.178507280349733,9.473002943992615,0.0,0.0,0.0,2.0,1.0,
2018-10-30,96855,Kab. Sleman,NORMAL,NORMAL,LSTM_AUTOENCODER,0.10919858515262604,5.292897081375118,9.178507280349733,9.473002943992615,0.0,0.0,0.0,2.0,0.0,
2018-10-31,96855,Kab. Sleman,NORMAL,NORMAL,LSTM_AUTOENCODER,0.1096663847565651,5.292897081375118,9.178507280349733,9.473002943992615,0.0,0.0,0.0,2.0,1.0,
2018-11-01,96855,Kab. Sleman,NORMAL,NORMAL,LSTM_AUTOENCODER,0.11441444605588913,5.292897081375118,9.178507280349733,9.473002943992615,0.0,0.0,0.0,3.0,1.0,
2018-11-02,96855,Kab. Sleman,NORMAL,NORMAL,LSTM_AUTOENCODER,0.12125843018293381,5.292897081375118,9.178507280349733,9.473002943992615,0.0,0.0,0.0,2.0,0.0,
2018-11-03,96855,Kab. Sleman,NORMAL,NORMAL,LSTM_AUTOENCODER,0.11649831384420395,5.292897081375118,9.178507280349733,9.473002943992615,0.0,0.0,0.0,2.0,1.0,
2018-11-04,96855,Kab. Sleman,NORMAL,NORMAL,LSTM_AUTOENCODER,0.11428414285182953,5.292897081375118,9.178507280349733,9.473002943992615,0.0,0.0,0.0,2.0,1.0,
2018-11-05,96855,Kab. Sleman,NORMAL,NORMAL,LSTM_AUTOENCODER,0.11429503560066223,5.292897081375118,9.178507280349733,9.473002943992615,0.0,0.0,0.0,2.0,0.0,
2018-11-06,96855,Kab. Sleman,NORMAL,NORMAL,LSTM_AUTOENCODER,0.12211181968450546,5.292897081375118,9.178507280349733,9.473002943992615,4.05,4.050000000000057,4.050000000000003,2.0,0.0,
2018-11-07,96855,Kab. Sleman,NORMAL,NORMAL,LSTM_AUTOENCODER,0.12490580976009369,5.292897081375118,9.178507280349733,9.473002943992615,8.1,12.150000000000055,12.150000000000002,2.0,1.0,
2018-11-08,96855,Kab. Sleman,NORMAL,NORMAL,LSTM_AUTOENCODER,0.1387655884027481,5.292897081375118,9.178507280349733,9.473002943992615,11.2,23.35000000000006,23.35,3.0,1.0,
2018-11-09,96855,Kab. Sleman,NORMAL,NORMAL,LSTM_AUTOENCODER,0.15668752789497375,5.292897081375118,9.178507280349733,9.473002943992615,7.8,27.10000000000005,31.15,2.0,0.0,
2018-11-10,96855,Kab. Sleman,NORMAL,NORMAL,LSTM_AUTOENCODER,0.37916797399520874,5.292897081375118,9.178507280349733,9.473002943992615,44.7,63.70000000000006,75.85000000000001,2.0,0.0,
2018-11-11,96855,Kab. Sleman,NORMAL,NORMAL,LSTM_AUTOENCODER,0.5012398958206177,5.292897081375118,9.178507280349733,9.473002943992615,11.5,64.00000000000006,87.35000000000001,2.0,0.0,
2018-11-12,96855,Kab. Sleman,NORMAL,NORMAL,LSTM_AUTOENCODER,0.5272714495658875,5.292897081375118,9.178507280349733,9.473002943992615,0.1,56.30000000000006,87.45,2.0,0.0,
2018-11-13,96855,Kab. Sleman,NORMAL,NORMAL,LSTM_AUTOENCODER,0.5628607273101807,5.292897081375118,9.178507280349733,9.473002943992615,14.749999999999996,26.35000000000005,98.15,2.0,0.0,
2018-11-14,96855,Kab. Sleman,NORMAL,NORMAL,LSTM_AUTOENCODER,0.6248489022254944,5.292897081375118,9.178507280349733,9.473002943992615,29.4,44.25000000000005,119.45000000000002,2.0,0.0,
2018-11-15,96855,Kab. Sleman,NORMAL,NORMAL,LSTM_AUTOENCODER,0.6534402966499329,5.292897081375118,9.178507280349733,9.473002943992615,19.4,63.55000000000005,127.65,2.0,1.0,
2018-11-16,96855,Kab. Sleman,NORMAL,NORMAL,LSTM_AUTOENCODER,0.6977427005767822,5.292897081375118,9.178507280349733,9.473002943992615,0.0,48.80000000000005,119.85,2.0,1.0,
2018-11-17,96855,Kab. Sleman,NORMAL,NORMAL,LSTM_AUTOENCODER,0.6961001753807068,5.292897081375118,9.178507280349733,9.473002943992615,0.0,19.400000000000052,75.15,2.0,1.0,
2018-11-18,96855,Kab. Sleman,NORMAL,NORMAL,LSTM_AUTOENCODER,0.6956875324249268,5.292897081375118,9.178507280349733,9.473002943992615,0.0,0.0,63.65,2.0,1.0,
2018-11-19,96855,Kab. Sleman,NORMAL,NORMAL,LSTM_AUTOENCODER,0.6966565847396851,5.292897081375118,9.178507280349733,9.473002943992615,0.0,0.0,63.55,2.0,1.0,
2018-11-20,96855,Kab. Sleman,NORMAL,NORMAL,LSTM_AUTOENCODER,0.7011025547981262,5.292897081375118,9.178507280349733,9.473002943992615,0.0,0.0,48.8,2.0,1.0,
2018-11-21,96855,Kab. Sleman,NORMAL,NORMAL,LSTM_AUTOENCODER,0.6994949579238892,5.292897081375118,9.178507280349733,9.473002943992615,0.0,0.0,19.40000000000001,2.0,1.0,
2018-11-22,96855,Kab. Sleman,NORMAL,NORMAL,LSTM_AUTOENCODER,0.8197266459465027,5.292897081375118,9.178507280349733,9.473002943992615,33.0,33.00000000000006,33.00000000000001,2.0,1.0,
2018-11-23,96855,Kab. Sleman,NORMAL,NORMAL,LSTM_AUTOENCODER,0.9091132879257202,5.292897081375118,9.178507280349733,9.473002943992615,1.9,34.900000000000055,34.900000000000006,2.0,1.0,
2018-11-24,96855,Kab. Sleman,NORMAL,NORMAL,LSTM_AUTOENCODER,0.9048349261283875,5.292897081375118,9.178507280349733,9.473002943992615,0.95,35.85000000000006,35.85000000000001,2.0,1.0,
2018-11-25,96855,Kab. Sleman,NORMAL,NORMAL,LSTM_AUTOENCODER,0.9028884172439575,5.292897081375118,9.178507280349733,9.473002943992615,0.0,2.8500000000000565,35.85000000000001,2.0,0.0,
2018-11-26,96855,Kab. Sleman,NORMAL,NORMAL,LSTM_AUTOENCODER,0.9008674621582031,5.292897081375118,9.178507280349733,9.473002943992615,5.900000000000001,6.850000000000058,41.75000000000001,2.0,0.0,
2018-11-27,96855,Kab. Sleman,NORMAL,NORMAL,LSTM_AUTOENCODER,0.9009327292442322,5.292897081375118,9.178507280349733,9.473002943992615,11.8,17.70000000000006,53.55000000000001,2.0,0.0,
2018-11-28,96855,Kab. Sleman,NORMAL,NORMAL,LSTM_AUTOENCODER,1.6700953245162964,5.292897081375118,9.178507280349733,9.473002943992615,85.0,102.70000000000006,138.55,1.0,0.0,
2018-11-29,96855,Kab. Sleman,NORMAL,NORMAL,LSTM_AUTOENCODER,2.3766393661499023,5.292897081375118,9.178507280349733,9.473002943992615,0.0,96.80000000000004,105.55,2.0,0.0,
2018-11-30,96855,Kab. Sleman,NORMAL,NORMAL,LSTM_AUTOENCODER,2.379371166229248,5.292897081375118,9.178507280349733,9.473002943992615,4.5,89.50000000000006,108.15,2.0,1.0,
2018-12-01,96855,Kab. Sleman,NORMAL,NORMAL,LSTM_AUTOENCODER,2.3718457221984863,5.292897081375118,9.178507280349733,9.473002943992615,0.9,5.400000000000057,108.10000000000002,2.0,1.0,
2018-12-02,96855,Kab. Sleman,NORMAL,NORMAL,LSTM_AUTOENCODER,2.366231918334961,5.292897081375118,9.178507280349733,9.473002943992615,0.75,6.150000000000057,108.85000000000002,2.0,1.0,
2018-12-03,96855,Kab. Sleman,NORMAL,NORMAL,LSTM_AUTOENCODER,2.3706932067871094,5.292897081375118,9.178507280349733,9.473002943992615,0.6,2.250000000000057,103.55,2.0,0.0,
2018-12-04,96855,Kab. Sleman,NORMAL,NORMAL,LSTM_AUTOENCODER,2.372924327850342,5.292897081375118,9.178507280349733,9.473002943992615,2.7,4.0500000000000576,94.45000000000002,2.0,1.0,
2018-12-05,96855,Kab. Sleman,NORMAL,NORMAL,LSTM_AUTOENCODER,2.377736806869507,5.292897081375118,9.178507280349733,9.473002943992615,4.2,7.500000000000057,13.650000000000016,2.0,0.0,
2018-12-06,96855,Kab. Sleman,NORMAL,NORMAL,LSTM_AUTOENCODER,2.418318271636963,5.292897081375118,9.178507280349733,9.473002943992615,23.1,30.000000000000057,36.750000000000014,2.0,0.0,
2018-12-07,96855,Kab. Sleman,NORMAL,NORMAL,LSTM_AUTOENCODER,2.468773365020752,5.292897081375118,9.178507280349733,9.473002943992615,37.3,64.60000000000005,69.55000000000001,2.0,1.0,
2018-12-08,96855,Kab. Sleman,NORMAL,NORMAL,LSTM_AUTOENCODER,2.5828354358673096,5.292897081375118,9.178507280349733,9.473002943992615,4.0,64.40000000000005,72.65,1.0,0.0,
2018-12-09,96855,Kab. Sleman,NORMAL,NORMAL,LSTM_AUTOENCODER,2.591230869293213,5.292897081375118,9.178507280349733,9.473002943992615,1.9,43.200000000000045,73.80000000000001,2.0,0.0,
2018-12-10,96855,Kab. Sleman,NORMAL,NORMAL,LSTM_AUTOENCODER,2.386826753616333,5.292897081375118,9.178507280349733,9.473002943992615,0.0,5.90000000000005,73.20000000000002,2.0,1.0,
2018-12-11,96855,Kab. Sleman,NORMAL,NORMAL,LSTM_AUTOENCODER,2.2869598865509033,5.292897081375118,9.178507280349733,9.473002943992615,0.08,1.9800000000000495,70.58000000000001,2.0,1.0,
2018-12-12,96855,Kab. Sleman,NORMAL,NORMAL,LSTM_AUTOENCODER,2.286653995513916,5.292897081375118,9.178507280349733,9.473002943992615,0.16,0.2400000000000497,66.54,3.0,1.0,
2018-12-13,96855,Kab. Sleman,NORMAL,NORMAL,LSTM_AUTOENCODER,2.2678964138031006,5.292897081375118,9.178507280349733,9.473002943992615,0.24,0.4800000000000498,43.680000000000014,2.0,0.0,
2018-12-14,96855,Kab. Sleman,NORMAL,NORMAL,LSTM_AUTOENCODER,2.2193448543548584,5.292897081375118,9.178507280349733,9.473002943992615,0.32,0.7200000000000499,6.700000000000014,2.0,1.0,
2018-12-15,96855,Kab. Sleman,NORMAL,NORMAL,LSTM_AUTOENCODER,2.198976516723633,5.292897081375118,9.178507280349733,9.473002943992615,0.4,0.96000000000005,3.1000000000000143,3.0,1.0,
2018-12-16,96855,Kab. Sleman,NORMAL,NORMAL,LSTM_AUTOENCODER,2.2868847846984863,5.292897081375118,9.178507280349733,9.473002943992615,33.2,33.92000000000005,34.40000000000002,2.0,1.0,
2018-12-17,96855,Kab. Sleman,NORMAL,NORMAL,LSTM_AUTOENCODER,2.3444507122039795,5.292897081375118,9.178507280349733,9.473002943992615,7.2,40.80000000000005,41.60000000000002,2.0,1.0,
2018-12-18,96855,Kab. Sleman,NORMAL,NORMAL,LSTM_AUTOENCODER,2.3431718349456787,5.292897081375118,9.178507280349733,9.473002943992615,5.9,46.30000000000005,47.42000000000002,2.0,1.0,
2018-12-19,96855,Kab. Sleman,NORMAL,NORMAL,LSTM_AUTOENCODER,2.3405842781066895,5.292897081375118,9.178507280349733,9.473002943992615,4.6,17.70000000000005,51.86000000000002,2.0,0.0,
2018-12-20,96855,Kab. Sleman,NORMAL,NORMAL,LSTM_AUTOENCODER,2.345829725265503,5.292897081375118,9.178507280349733,9.473002943992615,0.0,10.50000000000005,51.620000000000026,3.0,1.0,
2018-12-21,96855,Kab. Sleman,NORMAL,NORMAL,LSTM_AUTOENCODER,2.3570396900177,5.292897081375118,9.178507280349733,9.473002943992615,0.5,5.100000000000049,51.800000000000026,2.0,0.0,
2018-12-22,96855,Kab. Sleman,NORMAL,NORMAL,LSTM_AUTOENCODER,2.216916799545288,5.292897081375118,9.178507280349733,9.473002943992615,1.0,1.5000000000000495,52.40000000000002,2.0,1.0,
2018-12-23,96855,Kab. Sleman,NORMAL,NORMAL,LSTM_AUTOENCODER,2.133394479751587,5.292897081375118,9.178507280349733,9.473002943992615,0.7,2.20000000000005,19.900000000000013,2.0,1.0,
2018-12-24,96855,Kab. Sleman,NORMAL,NORMAL,LSTM_AUTOENCODER,2.1435763835906982,5.292897081375118,9.178507280349733,9.473002943992615,7.0,8.700000000000049,19.700000000000017,2.0,0.0,
2018-12-25,96855,Kab. Sleman,NORMAL,NORMAL,LSTM_AUTOENCODER,2.1720528602600098,5.292897081375118,9.178507280349733,9.473002943992615,17.6,25.30000000000005,31.400000000000016,2.0,0.0,
2018-12-26,96855,Kab. Sleman,NORMAL,NORMAL,LSTM_AUTOENCODER,2.18533992767334,5.292897081375118,9.178507280349733,9.473002943992615,12.8,37.40000000000005,39.60000000000002,2.0,1.0,
2018-12-27,96855,Kab. Sleman,NORMAL,NORMAL,LSTM_AUTOENCODER,2.2050058841705322,5.292897081375118,9.178507280349733,9.473002943992615,0.5,30.90000000000005,40.10000000000002,2.0,1.0,
2018-12-28,96855,Kab. Sleman,NORMAL,NORMAL,LSTM_AUTOENCODER,1.3648172616958618,5.292897081375118,9.178507280349733,9.473002943992615,0.0,13.30000000000005,39.60000000000002,2.0,1.0,
2018-12-29,96855,Kab. Sleman,NORMAL,NORMAL,LSTM_AUTOENCODER,0.6637874841690063,5.292897081375118,9.178507280349733,9.473002943992615,0.0,0.5000000000000497,38.60000000000002,2.0,1.0,
2018-12-30,96855,Kab. Sleman,NORMAL,NORMAL,LSTM_AUTOENCODER,0.6527463793754578,5.292897081375118,9.178507280349733,9.473002943992615,0.3,0.3000000000000497,38.20000000000002,3.0,1.0,
2018-12-31,96855,Kab. Sleman,NORMAL,NORMAL,LSTM_AUTOENCODER,0.6673708558082581,5.292897081375118,9.178507280349733,9.473002943992615,11.0,11.30000000000005,42.20000000000002,3.0,1.0,
2019-01-01,96855,Kab. Sleman,NORMAL,NORMAL,LSTM_AUTOENCODER,0.6767368316650391,5.292897081375118,9.178507280349733,9.473002943992615,1.4,12.70000000000005,26.00000000000001,2.0,1.0,
2019-01-02,96855,Kab. Sleman,NORMAL,NORMAL,LSTM_AUTOENCODER,0.6922507286071777,5.292897081375118,9.178507280349733,9.473002943992615,12.0,24.40000000000005,25.200000000000017,2.0,1.0,
2019-01-03,96855,Kab. Sleman,NORMAL,NORMAL,LSTM_AUTOENCODER,0.6994359493255615,5.292897081375118,9.178507280349733,9.473002943992615,15.2,28.60000000000005,39.90000000000001,2.0,1.0,
2019-01-04,96855,Kab. Sleman,NORMAL,NORMAL,LSTM_AUTOENCODER,0.7095397710800171,5.292897081375118,9.178507280349733,9.473002943992615,13.4,40.60000000000005,53.30000000000001,2.0,1.0,
2019-01-05,96855,Kab. Sleman,NORMAL,NORMAL,LSTM_AUTOENCODER,0.6648209095001221,5.292897081375118,9.178507280349733,9.473002943992615,7.7,36.30000000000005,61.000000000000014,2.0,1.0,
2019-01-06,96855,Kab. Sleman,NORMAL,NORMAL,LSTM_AUTOENCODER,0.5898751020431519,5.292897081375118,9.178507280349733,9.473002943992615,0.6,21.70000000000005,61.30000000000002,2.0,1.0,
2019-01-07,96855,Kab. Sleman,NORMAL,NORMAL,LSTM_AUTOENCODER,0.47331303358078003,5.292897081375118,9.178507280349733,9.473002943992615,0.3,8.60000000000005,50.60000000000001,2.0,0.0,
2019-01-08,96855,Kab. Sleman,NORMAL,NORMAL,LSTM_AUTOENCODER,0.47140949964523315,5.292897081375118,9.178507280349733,9.473002943992615,0.0,0.9000000000000496,49.20000000000001,2.0,0.0,
2019-01-09,96855,Kab. Sleman,NORMAL,NORMAL,LSTM_AUTOENCODER,0.47472748160362244,5.292897081375118,9.178507280349733,9.473002943992615,1.6,1.9000000000000496,38.80000000000001,2.0,0.0,
2019-01-10,96855,Kab. Sleman,NORMAL,NORMAL,LSTM_AUTOENCODER,0.47379493713378906,5.292897081375118,9.178507280349733,9.473002943992615,3.2,4.80000000000005,26.80000000000002,2.0,0.0,
2019-01-11,96855,Kab. Sleman,NORMAL,NORMAL,LSTM_AUTOENCODER,0.4701267182826996,5.292897081375118,9.178507280349733,9.473002943992615,0.0,4.80000000000005,13.400000000000016,2.0,1.0,
2019-01-12,96855,Kab. Sleman,NORMAL,NORMAL,LSTM_AUTOENCODER,0.47386854887008667,5.292897081375118,9.178507280349733,9.473002943992615,6.2,9.40000000000005,11.900000000000016,2.0,1.0,
2019-01-13,96855,Kab. Sleman,NORMAL,NORMAL,LSTM_AUTOENCODER,0.47463151812553406,5.292897081375118,9.178507280349733,9.473002943992615,0.0,6.200000000000049,11.300000000000017,2.0,0.0,
2019-01-14,96855,Kab. Sleman,NORMAL,NORMAL,LSTM_AUTOENCODER,0.6552718281745911,5.292897081375118,9.178507280349733,9.473002943992615,37.2,43.40000000000005,48.20000000000002,2.0,0.0,
2019-01-15,96855,Kab. Sleman,NORMAL,NORMAL,LSTM_AUTOENCODER,0.6310537457466125,5.292897081375118,9.178507280349733,9.473002943992615,1.6,38.80000000000005,49.80000000000002,3.0,1.0,
2019-01-16,96855,Kab. Sleman,NORMAL,NORMAL,LSTM_AUTOENCODER,0.605241060256958,5.292897081375118,9.178507280349733,9.473002943992615,16.1,54.90000000000005,64.30000000000001,3.0,1.0,
2019-01-17,96855,Kab. Sleman,NORMAL,NORMAL,LSTM_AUTOENCODER,0.6335382461547852,5.292897081375118,9.178507280349733,9.473002943992615,25.4,43.10000000000005,86.50000000000003,2.0,1.0,
2019-01-18,96855,Kab. Sleman,NORMAL,NORMAL,LSTM_AUTOENCODER,0.6524977087974548,5.292897081375118,9.178507280349733,9.473002943992615,19.8,61.30000000000004,106.30000000000004,3.0,1.0,
2019-01-19,96855,Kab. Sleman,NORMAL,NORMAL,LSTM_AUTOENCODER,0.6546148061752319,5.292897081375118,9.178507280349733,9.473002943992615,15.6,60.80000000000004,115.70000000000002,2.0,1.0,
2019-01-20,96855,Kab. Sleman,NORMAL,NORMAL,LSTM_AUTOENCODER,0.6565887331962585,5.292897081375118,9.178507280349733,9.473002943992615,11.4,46.80000000000005,127.10000000000002,2.0,1.0,
2019-01-21,96855,Kab. Sleman,NORMAL,NORMAL,LSTM_AUTOENCODER,0.7160265445709229,5.292897081375118,9.178507280349733,9.473002943992615,4.2,31.200000000000045,94.10000000000002,5.0,1.0,
2019-01-22,96855,Kab. Sleman,NORMAL,NORMAL,LSTM_AUTOENCODER,0.7758495211601257,5.292897081375118,9.178507280349733,9.473002943992615,20.5,36.10000000000005,113.00000000000004,3.0,0.0,
2019-01-23,96855,Kab. Sleman,NORMAL,NORMAL,LSTM_AUTOENCODER,0.9935330748558044,5.292897081375118,9.178507280349733,9.473002943992615,54.5,79.20000000000005,151.40000000000003,2.0,1.0,
2019-01-24,96855,Kab. Sleman,NORMAL,NORMAL,LSTM_AUTOENCODER,1.2587608098983765,5.292897081375118,9.178507280349733,9.473002943992615,1.0,76.00000000000004,127.0,3.0,1.0,
2019-01-25,96855,Kab. Sleman,NORMAL,NORMAL,LSTM_AUTOENCODER,1.258217692375183,5.292897081375118,9.178507280349733,9.473002943992615,6.4,61.90000000000004,113.60000000000002,2.0,1.0,
2019-01-26,96855,Kab. Sleman,NORMAL,NORMAL,LSTM_AUTOENCODER,1.2681996822357178,5.292897081375118,9.178507280349733,9.473002943992615,17.8,25.200000000000045,115.80000000000004,3.0,2.0,
2019-01-27,96855,Kab. Sleman,NORMAL,NORMAL,LSTM_AUTOENCODER,1.3036900758743286,5.292897081375118,9.178507280349733,9.473002943992615,0.0,24.200000000000045,104.40000000000002,2.0,0.0,
2019-01-28,96855,Kab. Sleman,NORMAL,NORMAL,LSTM_AUTOENCODER,1.306670069694519,5.292897081375118,9.178507280349733,9.473002943992615,5.2,23.00000000000005,105.40000000000002,2.0,0.0,
2019-01-29,96855,Kab. Sleman,NORMAL,NORMAL,LSTM_AUTOENCODER,1.311342716217041,5.292897081375118,9.178507280349733,9.473002943992615,0.0,5.200000000000043,84.90000000000002,2.0,0.0,
2019-01-30,96855,Kab. Sleman,NORMAL,NORMAL,LSTM_AUTOENCODER,1.2920664548873901,5.292897081375118,9.178507280349733,9.473002943992615,6.4,11.600000000000044,36.80000000000002,2.0,1.0,
2019-01-31,96855,Kab. Sleman,NORMAL,NORMAL,LSTM_AUTOENCODER,1.5905249118804932,5.292897081375118,9.178507280349733,9.473002943992615,55.9,62.30000000000004,91.70000000000002,2.0,1.0,
2019-02-01,96855,Kab. Sleman,NORMAL,NORMAL,LSTM_AUTOENCODER,1.825774073600769,5.292897081375118,9.178507280349733,9.473002943992615,4.0,66.30000000000004,89.30000000000001,2.0,1.0,
2019-02-02,96855,Kab. Sleman,NORMAL,NORMAL,LSTM_AUTOENCODER,1.8100382089614868,5.292897081375118,9.178507280349733,9.473002943992615,5.6,65.50000000000004,77.10000000000001,2.0,1.0,
2019-02-03,96855,Kab. Sleman,NORMAL,NORMAL,LSTM_AUTOENCODER,1.804351568222046,5.292897081375118,9.178507280349733,9.473002943992615,0.3,9.900000000000045,77.40000000000002,2.0,1.0,
2019-02-04,96855,Kab. Sleman,NORMAL,NORMAL,LSTM_AUTOENCODER,1.7990552186965942,5.292897081375118,9.178507280349733,9.473002943992615,0.0,5.900000000000042,72.20000000000002,2.0,1.0,
2019-02-05,96855,Kab. Sleman,NORMAL,NORMAL,LSTM_AUTOENCODER,1.7967458963394165,5.292897081375118,9.178507280349733,9.473002943992615,2.1,2.4000000000000425,74.30000000000001,3.0,1.0,
2019-02-06,96855,Kab. Sleman,NORMAL,NORMAL,LSTM_AUTOENCODER,1.834495186805725,5.292897081375118,9.178507280349733,9.473002943992615,1.5,3.6000000000000427,69.40000000000002,5.0,2.0,
2019-02-07,96855,Kab. Sleman,NORMAL,NORMAL,LSTM_AUTOENCODER,1.8580100536346436,5.292897081375118,9.178507280349733,9.473002943992615,6.4,10.000000000000044,19.900000000000013,2.0,1.0,
2019-02-08,96855,Kab. Sleman,NORMAL,NORMAL,LSTM_AUTOENCODER,2.284531831741333,5.292897081375118,9.178507280349733,9.473002943992615,64.0,71.90000000000005,79.9,3.0,1.0,
2019-02-09,96855,Kab. Sleman,NORMAL,NORMAL,LSTM_AUTOENCODER,2.6693663597106934,5.292897081375118,9.178507280349733,9.473002943992615,0.5,70.90000000000005,74.80000000000001,2.0,1.0,
2019-02-10,96855,Kab. Sleman,NORMAL,NORMAL,LSTM_AUTOENCODER,2.6784677505493164,5.292897081375118,9.178507280349733,9.473002943992615,0.0,64.50000000000004,74.5,2.0,1.0,
2019-02-11,96855,Kab. Sleman,NORMAL,NORMAL,LSTM_AUTOENCODER,2.698634624481201,5.292897081375118,9.178507280349733,9.473002943992615,2.4,2.9000000000000496,76.9,3.0,0.0,
2019-02-12,96855,Kab. Sleman,NORMAL,NORMAL,LSTM_AUTOENCODER,2.724368095397949,5.292897081375118,9.178507280349733,9.473002943992615,1.2,3.6000000000000494,76.00000000000001,2.0,0.0,
2019-02-13,96855,Kab. Sleman,NORMAL,NORMAL,LSTM_AUTOENCODER,2.560807704925537,5.292897081375118,9.178507280349733,9.473002943992615,0.0,3.6000000000000494,74.50000000000001,2.0,1.0,
2019-02-14,96855,Kab. Sleman,NORMAL,NORMAL,LSTM_AUTOENCODER,2.467550039291382,5.292897081375118,9.178507280349733,9.473002943992615,14.500000000000002,15.70000000000005,82.60000000000001,2.0,1.0,
2019-02-15,96855,Kab. Sleman,NORMAL,NORMAL,LSTM_AUTOENCODER,2.475653648376465,5.292897081375118,9.178507280349733,9.473002943992615,29.000000000000004,43.50000000000006,47.60000000000002,2.0,1.0,
2019-02-16,96855,Kab. Sleman,NORMAL,NORMAL,LSTM_AUTOENCODER,2.5190682411193848,5.292897081375118,9.178507280349733,9.473002943992615,43.5,87.00000000000006,90.60000000000002,2.0,1.0,
2019-02-17,96855,Kab. Sleman,NORMAL,NORMAL,LSTM_AUTOENCODER,2.6339151859283447,5.292897081375118,9.178507280349733,9.473002943992615,58.0,130.50000000000006,148.60000000000002,2.0,1.0,
2019-02-18,96855,Kab. Sleman,NORMAL,NORMAL,LSTM_AUTOENCODER,2.963186264038086,5.292897081375118,9.178507280349733,9.473002943992615,0.0,101.50000000000006,146.20000000000002,2.0,0.0,
2019-02-19,96855,Kab. Sleman,NORMAL,NORMAL,LSTM_AUTOENCODER,2.9804136753082275,5.292897081375118,9.178507280349733,9.473002943992615,1.0,59.00000000000005,146.00000000000003,2.0,0.0,
2019-02-20,96855,Kab. Sleman,NORMAL,NORMAL,LSTM_AUTOENCODER,2.9603219032287598,5.292897081375118,9.178507280349733,9.473002943992615,1.0,2.0000000000000497,147.00000000000003,2.0,1.0,
2019-02-21,96855,Kab. Sleman,NORMAL,NORMAL,LSTM_AUTOENCODER,3.0773470401763916,5.292897081375118,9.178507280349733,9.473002943992615,38.6,40.60000000000005,171.10000000000002,2.0,1.0,
2019-02-22,96855,Kab. Sleman,NORMAL,NORMAL,LSTM_AUTOENCODER,2.872238874435425,5.292897081375118,9.178507280349733,9.473002943992615,21.0,60.60000000000005,163.10000000000002,2.0,0.0,
2019-02-23,96855,Kab. Sleman,NORMAL,NORMAL,LSTM_AUTOENCODER,2.6421515941619873,5.292897081375118,9.178507280349733,9.473002943992615,0.0,59.60000000000005,119.60000000000002,2.0,0.0,
2019-02-24,96855,Kab. Sleman,NORMAL,NORMAL,LSTM_AUTOENCODER,2.6690235137939453,5.292897081375118,9.178507280349733,9.473002943992615,0.0,21.00000000000005,61.600000000000016,0.0,0.0,
2019-02-25,96855,Kab. Sleman,NORMAL,NORMAL,LSTM_AUTOENCODER,2.6543283462524414,5.292897081375118,9.178507280349733,9.473002943992615,12.0,12.00000000000005,73.60000000000002,2.0,1.0,
2019-02-26,96855,Kab. Sleman,NORMAL,NORMAL,LSTM_AUTOENCODER,2.6297240257263184,5.292897081375118,9.178507280349733,9.473002943992615,13.2,25.20000000000005,85.80000000000001,1.0,0.0,
2019-02-27,96855,Kab. Sleman,NORMAL,NORMAL,LSTM_AUTOENCODER,2.6544365882873535,5.292897081375118,9.178507280349733,9.473002943992615,0.0,25.20000000000005,84.80000000000001,2.0,0.0,
2019-02-28,96855,Kab. Sleman,NORMAL,NORMAL,LSTM_AUTOENCODER,2.667165994644165,5.292897081375118,9.178507280349733,9.473002943992615,9.0,22.20000000000005,55.20000000000002,2.0,0.0,
2019-03-01,96855,Kab. Sleman,NORMAL,NORMAL,LSTM_AUTOENCODER,2.6843488216400146,5.292897081375118,9.178507280349733,9.473002943992615,4.0,13.00000000000005,38.20000000000002,2.0,1.0,
2019-03-02,96855,Kab. Sleman,NORMAL,NORMAL,LSTM_AUTOENCODER,3.5510549545288086,5.292897081375118,9.178507280349733,9.473002943992615,100.6,113.60000000000004,138.8,2.0,0.0,
2019-03-03,96855,Kab. Sleman,NORMAL,NORMAL,LSTM_AUTOENCODER,4.004539966583252,5.292897081375118,9.178507280349733,9.473002943992615,14.2,118.80000000000004,153.0,1.0,0.0,
2019-03-04,96855,Kab. Sleman,NORMAL,NORMAL,LSTM_AUTOENCODER,4.022549629211426,5.292897081375118,9.178507280349733,9.473002943992615,6.6,121.40000000000003,147.60000000000002,2.0,1.0,
2019-03-05,96855,Kab. Sleman,NORMAL,NORMAL,LSTM_AUTOENCODER,4.022459983825684,5.292897081375118,9.178507280349733,9.473002943992615,10.85,31.650000000000052,145.25000000000003,2.0,0.0,
2019-03-06,96855,Kab. Sleman,NORMAL,NORMAL,LSTM_AUTOENCODER,4.031689643859863,5.292897081375118,9.178507280349733,9.473002943992615,15.1,32.550000000000054,160.35000000000002,3.0,1.0,
2019-03-07,96855,Kab. Sleman,NORMAL,NORMAL,LSTM_AUTOENCODER,4.104552268981934,5.292897081375118,9.178507280349733,9.473002943992615,34.9,60.85000000000005,186.25000000000003,1.0,0.0,
2019-03-08,96855,Kab. Sleman,NORMAL,NORMAL,LSTM_AUTOENCODER,4.0964508056640625,5.292897081375118,9.178507280349733,9.473002943992615,23.266666666666666,73.26666666666672,205.51666666666668,2.0,0.0,
2019-03-09,96855,Kab. Sleman,NORMAL,NORMAL,LSTM_AUTOENCODER,4.1043524742126465,5.292897081375118,9.178507280349733,9.473002943992615,11.633333333333336,69.80000000000005,116.55,2.0,1.0,
2019-03-10,96855,Kab. Sleman,NORMAL,NORMAL,LSTM_AUTOENCODER,3.6459033489227295,5.292897081375118,9.178507280349733,9.473002943992615,0.0,34.90000000000006,102.35,2.0,0.0,
2019-03-11,96855,Kab. Sleman,NORMAL,NORMAL,LSTM_AUTOENCODER,3.273130416870117,5.292897081375118,9.178507280349733,9.473002943992615,0.5,12.133333333333391,96.25,2.0,1.0,
2019-03-12,96855,Kab. Sleman,NORMAL,NORMAL,LSTM_AUTOENCODER,3.2829442024230957,5.292897081375118,9.178507280349733,9.473002943992615,1.0,1.5000000000000568,86.4,2.0,0.0,
2019-03-13,96855,Kab. Sleman,NORMAL,NORMAL,LSTM_AUTOENCODER,3.2854528427124023,5.292897081375118,9.178507280349733,9.473002943992615,3.3,4.800000000000057,74.60000000000001,2.0,0.0,
2019-03-14,96855,Kab. Sleman,NORMAL,NORMAL,LSTM_AUTOENCODER,3.302755117416382,5.292897081375118,9.178507280349733,9.473002943992615,6.3500000000000005,10.650000000000055,46.05000000000002,2.0,1.0,
2019-03-15,96855,Kab. Sleman,NORMAL,NORMAL,LSTM_AUTOENCODER,3.332273244857788,5.292897081375118,9.178507280349733,9.473002943992615,9.4,19.050000000000058,32.18333333333335,2.0,0.0,
2019-03-16,96855,Kab. Sleman,NORMAL,NORMAL,LSTM_AUTOENCODER,3.4600977897644043,5.292897081375118,9.178507280349733,9.473002943992615,40.1,55.85000000000006,60.65000000000002,2.0,0.0,
2019-03-17,96855,Kab. Sleman,NORMAL,NORMAL,LSTM_AUTOENCODER,3.511306047439575,5.292897081375118,9.178507280349733,9.473002943992615,17.6,67.10000000000005,78.25000000000001,2.0,0.0,
2019-03-18,96855,Kab. Sleman,WASPADA,CURAH_HUJAN_EKSTREM,LSTM_AUTOENCODER,6.782949924468994,5.292897081375118,9.178507280349733,9.473002943992615,170.6,228.30000000000004,248.35,2.0,1.0,Anomaly score above WASPADA threshold; Rainfall above local percentile threshold
2019-03-19,96855,Kab. Sleman,SIAGA,CURAH_HUJAN_EKSTREM,LSTM_AUTOENCODER,9.370359420776367,5.292897081375118,9.178507280349733,9.473002943992615,0.0,188.20000000000005,247.35,2.0,0.0,Anomaly score above SIAGA threshold; Rainfall above local percentile threshold
2019-03-20,96855,Kab. Sleman,WASPADA,CURAH_HUJAN_EKSTREM,LSTM_AUTOENCODER,9.12592601776123,5.292897081375118,9.178507280349733,9.473002943992615,16.4,187.00000000000003,260.45,3.0,1.0,Anomaly score above WASPADA threshold; Rainfall above local percentile threshold
2019-03-21,96855,Kab. Sleman,WASPADA,ANOMALI_CUACA,LSTM_AUTOENCODER,9.148810386657715,5.292897081375118,9.178507280349733,9.473002943992615,11.6,28.000000000000057,265.7,2.0,1.0,Anomaly score above WASPADA threshold
2019-03-22,96855,Kab. Sleman,SIAGA,ANOMALI_CUACA,LSTM_AUTOENCODER,9.187430381774902,5.292897081375118,9.178507280349733,9.473002943992615,6.8,34.800000000000054,263.1,3.0,1.0,Anomaly score above SIAGA threshold
2019-03-23,96855,Kab. Sleman,WASPADA,CURAH_HUJAN_EKSTREM,LSTM_AUTOENCODER,9.174112319946289,5.292897081375118,9.178507280349733,9.473002943992615,45.5,63.900000000000055,268.5,2.0,1.0,Anomaly score above WASPADA threshold; Rainfall above local percentile threshold
2019-03-24,96855,Kab. Sleman,SIAGA,CURAH_HUJAN_EKSTREM,LSTM_AUTOENCODER,9.303138732910156,5.292897081375118,9.178507280349733,9.473002943992615,68.0,120.30000000000004,318.9,0.0,0.0,Anomaly score above SIAGA threshold; Rainfall above local percentile threshold
2019-03-25,96855,Kab. Sleman,AWAS,CURAH_HUJAN_EKSTREM,LSTM_AUTOENCODER,9.482064247131348,5.292897081375118,9.178507280349733,9.473002943992615,18.4,131.90000000000006,166.7,2.0,1.0,Anomaly score above AWAS threshold; Rainfall above local percentile threshold
2019-03-26,96855,Kab. Sleman,SIAGA,CURAH_HUJAN_EKSTREM,LSTM_AUTOENCODER,9.463241577148438,5.292897081375118,9.178507280349733,9.473002943992615,31.9,118.30000000000004,198.6,2.0,1.0,Anomaly score above SIAGA threshold; Rainfall above local percentile threshold
2019-03-27,96855,Kab. Sleman,SIAGA,CURAH_HUJAN_EKSTREM,LSTM_AUTOENCODER,9.471212387084961,5.292897081375118,9.178507280349733,9.473002943992615,45.4,95.70000000000005,227.6,2.0,0.0,Anomaly score above SIAGA threshold; Rainfall above local percentile threshold
2019-03-28,96855,Kab. Sleman,AWAS,CURAH_HUJAN_EKSTREM,LSTM_AUTOENCODER,9.498758316040039,5.292897081375118,9.178507280349733,9.473002943992615,22.7,100.00000000000004,238.7,2.0,1.0,Anomaly score above AWAS threshold; Rainfall above local percentile threshold
2019-03-29,96855,Kab. Sleman,AWAS,ANOMALI_CUACA,LSTM_AUTOENCODER,9.563688278198242,5.292897081375118,9.178507280349733,9.473002943992615,0.0,68.10000000000005,231.9,3.0,1.0,Anomaly score above AWAS threshold
2019-03-30,96855,Kab. Sleman,AWAS,ANOMALI_CUACA,LSTM_AUTOENCODER,9.62521743774414,5.292897081375118,9.178507280349733,9.473002943992615,0.0,22.700000000000056,186.4,2.0,1.0,Anomaly score above AWAS threshold
2019-03-31,96855,Kab. Sleman,AWAS,ANOMALI_CUACA,LSTM_AUTOENCODER,9.719162940979004,5.292897081375118,9.178507280349733,9.473002943992615,0.0,0.0,118.4,2.0,1.0,Anomaly score above AWAS threshold
2019-04-01,96855,Kab. Sleman,WASPADA,ANOMALI_CUACA,LSTM_AUTOENCODER,8.478299140930176,5.292897081375118,9.178507280349733,9.473002943992615,0.0,0.0,100.0,3.0,1.0,Anomaly score above WASPADA threshold
2019-04-02,96855,Kab. Sleman,WASPADA,ANOMALI_CUACA,LSTM_AUTOENCODER,7.855511665344238,5.292897081375118,9.178507280349733,9.473002943992615,31.6,31.60000000000006,99.7,2.0,0.0,Anomaly score above WASPADA threshold
2019-04-03,96855,Kab. Sleman,WASPADA,ANOMALI_CUACA,LSTM_AUTOENCODER,7.843564987182617,5.292897081375118,9.178507280349733,9.473002943992615,16.900000000000002,48.50000000000006,71.2,2.0,0.0,Anomaly score above WASPADA threshold
2019-04-04,96855,Kab. Sleman,WASPADA,ANOMALI_CUACA,LSTM_AUTOENCODER,7.893675804138184,5.292897081375118,9.178507280349733,9.473002943992615,2.2,50.70000000000006,50.7,2.0,1.0,Anomaly score above WASPADA threshold
2019-04-05,96855,Kab. Sleman,WASPADA,ANOMALI_CUACA,LSTM_AUTOENCODER,7.922281742095947,5.292897081375118,9.178507280349733,9.473002943992615,0.5,19.60000000000006,51.2,2.0,0.0,Anomaly score above WASPADA threshold
2019-04-06,96855,Kab. Sleman,WASPADA,ANOMALI_CUACA,LSTM_AUTOENCODER,7.928894519805908,5.292897081375118,9.178507280349733,9.473002943992615,33.4,36.10000000000005,84.6,2.0,0.0,Anomaly score above WASPADA threshold
2019-04-07,96855,Kab. Sleman,WASPADA,ANOMALI_CUACA,LSTM_AUTOENCODER,7.995818614959717,5.292897081375118,9.178507280349733,9.473002943992615,0.0,33.900000000000055,84.6,2.0,1.0,Anomaly score above WASPADA threshold
2019-04-08,96855,Kab. Sleman,WASPADA,ANOMALI_CUACA,LSTM_AUTOENCODER,7.9736714363098145,5.292897081375118,9.178507280349733,9.473002943992615,0.0,33.400000000000055,84.6,2.0,0.0,Anomaly score above WASPADA threshold
2019-04-09,96855,Kab. Sleman,WASPADA,ANOMALI_CUACA,LSTM_AUTOENCODER,7.971855163574219,5.292897081375118,9.178507280349733,9.473002943992615,0.0,0.0,53.00000000000001,2.0,1.0,Anomaly score above WASPADA threshold
2019-04-10,96855,Kab. Sleman,WASPADA,ANOMALI_CUACA,LSTM_AUTOENCODER,7.992518424987793,5.292897081375118,9.178507280349733,9.473002943992615,0.0,0.0,36.1,2.0,1.0,Anomaly score above WASPADA threshold
2019-04-11,96855,Kab. Sleman,WASPADA,ANOMALI_CUACA,LSTM_AUTOENCODER,8.020574569702148,5.292897081375118,9.178507280349733,9.473002943992615,0.0,0.0,33.9,2.0,1.0,Anomaly score above WASPADA threshold
2019-04-12,96855,Kab. Sleman,WASPADA,ANOMALI_CUACA,LSTM_AUTOENCODER,8.080018997192383,5.292897081375118,9.178507280349733,9.473002943992615,0.0,0.0,33.4,2.0,1.0,Anomaly score above WASPADA threshold
2019-04-13,96855,Kab. Sleman,WASPADA,ANOMALI_CUACA,LSTM_AUTOENCODER,8.152042388916016,5.292897081375118,9.178507280349733,9.473002943992615,0.0,0.0,0.0,2.0,0.0,Anomaly score above WASPADA threshold
2019-04-14,96855,Kab. Sleman,WASPADA,ANOMALI_CUACA,LSTM_AUTOENCODER,8.253378868103027,5.292897081375118,9.178507280349733,9.473002943992615,0.0,0.0,0.0,2.0,1.0,Anomaly score above WASPADA threshold
2019-04-15,96855,Kab. Sleman,WASPADA,ANOMALI_CUACA,LSTM_AUTOENCODER,8.205462455749512,5.292897081375118,9.178507280349733,9.473002943992615,0.0,0.0,0.0,2.0,1.0,Anomaly score above WASPADA threshold
2019-04-16,96855,Kab. Sleman,WASPADA,ANOMALI_CUACA,LSTM_AUTOENCODER,8.220691680908203,5.292897081375118,9.178507280349733,9.473002943992615,2.7,2.700000000000057,2.7,2.0,1.0,Anomaly score above WASPADA threshold
2019-04-17,96855,Kab. Sleman,NORMAL,NORMAL,LSTM_AUTOENCODER,4.672762870788574,5.292897081375118,9.178507280349733,9.473002943992615,15.8,18.500000000000057,18.5,2.0,0.0,
2019-04-18,96855,Kab. Sleman,NORMAL,NORMAL,LSTM_AUTOENCODER,1.8812165260314941,5.292897081375118,9.178507280349733,9.473002943992615,11.9,30.400000000000052,30.4,2.0,0.0,
2019-04-19,96855,Kab. Sleman,NORMAL,NORMAL,LSTM_AUTOENCODER,1.780185580253601,5.292897081375118,9.178507280349733,9.473002943992615,7.933333333333334,35.63333333333339,38.333333333333336,2.0,0.0,
2019-04-20,96855,Kab. Sleman,NORMAL,NORMAL,LSTM_AUTOENCODER,1.7919037342071533,5.292897081375118,9.178507280349733,9.473002943992615,3.966666666666667,23.800000000000058,42.3,2.0,1.0,
2019-04-21,96855,Kab. Sleman,NORMAL,NORMAL,LSTM_AUTOENCODER,1.8181474208831787,5.292897081375118,9.178507280349733,9.473002943992615,0.0,11.900000000000055,42.3,2.0,2.0,
2019-04-22,96855,Kab. Sleman,NORMAL,NORMAL,LSTM_AUTOENCODER,1.601319670677185,5.292897081375118,9.178507280349733,9.473002943992615,0.0,3.966666666666724,42.3,2.0,1.0,
2019-04-23,96855,Kab. Sleman,NORMAL,NORMAL,LSTM_AUTOENCODER,1.2891323566436768,5.292897081375118,9.178507280349733,9.473002943992615,0.0,0.0,39.6,2.0,1.0,
2019-04-24,96855,Kab. Sleman,NORMAL,NORMAL,LSTM_AUTOENCODER,1.0109226703643799,5.292897081375118,9.178507280349733,9.473002943992615,0.0,0.0,23.8,2.0,0.0,
2019-04-25,96855,Kab. Sleman,NORMAL,NORMAL,LSTM_AUTOENCODER,0.9301953911781311,5.292897081375118,9.178507280349733,9.473002943992615,1.0,1.0000000000000568,12.9,2.0,1.0,
2019-04-26,96855,Kab. Sleman,NORMAL,NORMAL,LSTM_AUTOENCODER,0.8048790097236633,5.292897081375118,9.178507280349733,9.473002943992615,0.0,1.0000000000000568,4.966666666666667,2.0,0.0,
2019-04-27,96855,Kab. Sleman,NORMAL,NORMAL,LSTM_AUTOENCODER,0.7046502232551575,5.292897081375118,9.178507280349733,9.473002943992615,0.0,1.0000000000000568,1.0,2.0,0.0,
2019-04-28,96855,Kab. Sleman,NORMAL,NORMAL,LSTM_AUTOENCODER,0.6290706992149353,5.292897081375118,9.178507280349733,9.473002943992615,0.0,0.0,1.0,2.0,0.0,
2019-04-29,96855,Kab. Sleman,NORMAL,NORMAL,LSTM_AUTOENCODER,0.6192811131477356,5.292897081375118,9.178507280349733,9.473002943992615,0.2,0.2000000000000568,1.2,2.0,1.0,
2019-04-30,96855,Kab. Sleman,NORMAL,NORMAL,LSTM_AUTOENCODER,0.624496579170227,5.292897081375118,9.178507280349733,9.473002943992615,0.1,0.3000000000000569,1.3,2.0,1.0,
2019-05-01,96855,Kab. Sleman,NORMAL,NORMAL,LSTM_AUTOENCODER,0.6213093996047974,5.292897081375118,9.178507280349733,9.473002943992615,0.0,0.3000000000000569,1.3,2.0,1.0,
2019-05-02,96855,Kab. Sleman,NORMAL,NORMAL,LSTM_AUTOENCODER,0.487231582403183,5.292897081375118,9.178507280349733,9.473002943992615,0.0,0.1000000000000568,0.3,2.0,1.0,
2019-05-03,96855,Kab. Sleman,NORMAL,NORMAL,LSTM_AUTOENCODER,0.45775845646858215,5.292897081375118,9.178507280349733,9.473002943992615,0.0,0.0,0.3,2.0,1.0,
2019-05-04,96855,Kab. Sleman,NORMAL,NORMAL,LSTM_AUTOENCODER,0.4348241984844208,5.292897081375118,9.178507280349733,9.473002943992615,0.0,0.0,0.3,2.0,1.0,
2019-05-05,96855,Kab. Sleman,NORMAL,NORMAL,LSTM_AUTOENCODER,0.4381043314933777,5.292897081375118,9.178507280349733,9.473002943992615,0.0,0.0,0.3,2.0,1.0,
2019-05-06,96855,Kab. Sleman,NORMAL,NORMAL,LSTM_AUTOENCODER,0.30117863416671753,5.292897081375118,9.178507280349733,9.473002943992615,0.0,0.0,0.1,3.0,1.0,
2019-05-07,96855,Kab. Sleman,NORMAL,NORMAL,LSTM_AUTOENCODER,0.19884620606899261,5.292897081375118,9.178507280349733,9.473002943992615,0.0,0.0,0.0,2.0,1.0,
2019-05-08,96855,Kab. Sleman,NORMAL,NORMAL,LSTM_AUTOENCODER,0.1990153193473816,5.292897081375118,9.178507280349733,9.473002943992615,0.0,0.0,0.0,2.0,1.0,
2019-05-09,96855,Kab. Sleman,NORMAL,NORMAL,LSTM_AUTOENCODER,0.2022024393081665,5.292897081375118,9.178507280349733,9.473002943992615,0.0,0.0,0.0,2.0,1.0,
2019-05-10,96855,Kab. Sleman,NORMAL,NORMAL,LSTM_AUTOENCODER,0.20532898604869843,5.292897081375118,9.178507280349733,9.473002943992615,0.0,0.0,0.0,2.0,0.0,
2019-05-11,96855,Kab. Sleman,NORMAL,NORMAL,LSTM_AUTOENCODER,0.20348848402500153,5.292897081375118,9.178507280349733,9.473002943992615,0.0,0.0,0.0,2.0,1.0,
2019-05-12,96855,Kab. Sleman,NORMAL,NORMAL,LSTM_AUTOENCODER,0.19358834624290466,5.292897081375118,9.178507280349733,9.473002943992615,0.0,0.0,0.0,2.0,0.0,
2019-05-13,96855,Kab. Sleman,NORMAL,NORMAL,LSTM_AUTOENCODER,0.19200974702835083,5.292897081375118,9.178507280349733,9.473002943992615,0.0,0.0,0.0,2.0,1.0,
2019-05-14,96855,Kab. Sleman,NORMAL,NORMAL,LSTM_AUTOENCODER,0.18898895382881165,5.292897081375118,9.178507280349733,9.473002943992615,0.0,0.0,0.0,2.0,1.0,
2019-05-15,96855,Kab. Sleman,NORMAL,NORMAL,LSTM_AUTOENCODER,0.18799126148223877,5.292897081375118,9.178507280349733,9.473002943992615,0.0,0.0,0.0,2.0,0.0,
2019-05-16,96855,Kab. Sleman,NORMAL,NORMAL,LSTM_AUTOENCODER,0.18769264221191406,5.292897081375118,9.178507280349733,9.473002943992615,0.0,0.0,0.0,2.0,1.0,
2019-05-17,96855,Kab. Sleman,NORMAL,NORMAL,LSTM_AUTOENCODER,0.16412310302257538,5.292897081375118,9.178507280349733,9.473002943992615,0.0,0.0,0.0,2.0,1.0,
2019-05-18,96855,Kab. Sleman,NORMAL,NORMAL,LSTM_AUTOENCODER,0.1580696851015091,5.292897081375118,9.178507280349733,9.473002943992615,0.0,0.0,0.0,2.0,1.0,
2019-05-19,96855,Kab. Sleman,NORMAL,NORMAL,LSTM_AUTOENCODER,0.15211331844329834,5.292897081375118,9.178507280349733,9.473002943992615,0.0,0.0,0.0,2.0,1.0,
2019-05-20,96855,Kab. Sleman,NORMAL,NORMAL,LSTM_AUTOENCODER,0.1463639736175537,5.292897081375118,9.178507280349733,9.473002943992615,0.0,0.0,0.0,2.0,1.0,
2019-05-21,96855,Kab. Sleman,NORMAL,NORMAL,LSTM_AUTOENCODER,0.132171630859375,5.292897081375118,9.178507280349733,9.473002943992615,0.0,0.0,0.0,2.0,1.0,
2019-05-22,96855,Kab. Sleman,NORMAL,NORMAL,LSTM_AUTOENCODER,0.13950137794017792,5.292897081375118,9.178507280349733,9.473002943992615,0.0,0.0,0.0,2.0,1.0,
2019-05-23,96855,Kab. Sleman,NORMAL,NORMAL,LSTM_AUTOENCODER,0.14022046327590942,5.292897081375118,9.178507280349733,9.473002943992615,0.0,0.0,0.0,2.0,1.0,
2019-05-24,96855,Kab. Sleman,NORMAL,NORMAL,LSTM_AUTOENCODER,0.1425475776195526,5.292897081375118,9.178507280349733,9.473002943992615,0.0,0.0,0.0,2.0,1.0,
2019-05-25,96855,Kab. Sleman,NORMAL,NORMAL,LSTM_AUTOENCODER,0.1438395231962204,5.292897081375118,9.178507280349733,9.473002943992615,0.0,0.0,0.0,2.0,1.0,
2019-05-26,96855,Kab. Sleman,NORMAL,NORMAL,LSTM_AUTOENCODER,0.14933913946151733,5.292897081375118,9.178507280349733,9.473002943992615,0.0,0.0,0.0,3.0,1.0,
2019-05-27,96855,Kab. Sleman,NORMAL,NORMAL,LSTM_AUTOENCODER,0.15433892607688904,5.292897081375118,9.178507280349733,9.473002943992615,0.4,0.4000000000000568,0.4,2.0,0.0,
2019-05-28,96855,Kab. Sleman,NORMAL,NORMAL,LSTM_AUTOENCODER,0.16316251456737518,5.292897081375118,9.178507280349733,9.473002943992615,0.8,1.200000000000057,1.2000000000000002,1.0,0.0,
2019-05-29,96855,Kab. Sleman,NORMAL,NORMAL,LSTM_AUTOENCODER,0.16493579745292664,5.292897081375118,9.178507280349733,9.473002943992615,0.0,1.200000000000057,1.2000000000000002,2.0,1.0,
2019-05-30,96855,Kab. Sleman,NORMAL,NORMAL,LSTM_AUTOENCODER,0.16137640178203583,5.292897081375118,9.178507280349733,9.473002943992615,0.0,0.8000000000000569,1.2000000000000002,3.0,1.0,
2019-05-31,96855,Kab. Sleman,NORMAL,NORMAL,LSTM_AUTOENCODER,0.16371488571166992,5.292897081375118,9.178507280349733,9.473002943992615,0.0,0.0,1.2000000000000002,2.0,1.0,
2019-06-01,96855,Kab. Sleman,NORMAL,NORMAL,LSTM_AUTOENCODER,0.16737103462219238,5.292897081375118,9.178507280349733,9.473002943992615,0.0,0.0,1.2000000000000002,2.0,1.0,
2019-06-02,96855,Kab. Sleman,NORMAL,NORMAL,LSTM_AUTOENCODER,0.1666676551103592,5.292897081375118,9.178507280349733,9.473002943992615,0.0,0.0,1.2000000000000002,2.0,1.0,
2019-06-03,96855,Kab. Sleman,NORMAL,NORMAL,LSTM_AUTOENCODER,0.17286215722560883,5.292897081375118,9.178507280349733,9.473002943992615,0.0,0.0,0.8,2.0,0.0,
2019-06-04,96855,Kab. Sleman,NORMAL,NORMAL,LSTM_AUTOENCODER,0.18084265291690826,5.292897081375118,9.178507280349733,9.473002943992615,0.0,0.0,0.0,2.0,0.0,
2019-06-05,96855,Kab. Sleman,NORMAL,NORMAL,LSTM_AUTOENCODER,0.17471717298030853,5.292897081375118,9.178507280349733,9.473002943992615,0.0,0.0,0.0,2.0,1.0,
2019-06-06,96855,Kab. Sleman,NORMAL,NORMAL,LSTM_AUTOENCODER,0.17410819232463837,5.292897081375118,9.178507280349733,9.473002943992615,0.0,0.0,0.0,2.0,1.0,
2019-06-07,96855,Kab. Sleman,NORMAL,NORMAL,LSTM_AUTOENCODER,0.18006578087806702,5.292897081375118,9.178507280349733,9.473002943992615,0.0,0.0,0.0,2.0,1.0,
2019-06-08,96855,Kab. Sleman,NORMAL,NORMAL,LSTM_AUTOENCODER,0.18272551894187927,5.292897081375118,9.178507280349733,9.473002943992615,0.0,0.0,0.0,3.0,1.0,
2019-06-09,96855,Kab. Sleman,NORMAL,NORMAL,LSTM_AUTOENCODER,0.18491479754447937,5.292897081375118,9.178507280349733,9.473002943992615,0.0,0.0,0.0,3.0,1.0,
2019-06-10,96855,Kab. Sleman,NORMAL,NORMAL,LSTM_AUTOENCODER,0.1865825355052948,5.292897081375118,9.178507280349733,9.473002943992615,0.0,0.0,0.0,2.0,0.0,
2019-06-11,96855,Kab. Sleman,NORMAL,NORMAL,LSTM_AUTOENCODER,0.18938010931015015,5.292897081375118,9.178507280349733,9.473002943992615,0.0,0.0,0.0,2.0,1.0,
2019-06-12,96855,Kab. Sleman,NORMAL,NORMAL,LSTM_AUTOENCODER,0.18903954327106476,5.292897081375118,9.178507280349733,9.473002943992615,0.0,0.0,0.0,2.0,1.0,
2019-06-13,96855,Kab. Sleman,NORMAL,NORMAL,LSTM_AUTOENCODER,0.180324524641037,5.292897081375118,9.178507280349733,9.473002943992615,0.0,0.0,0.0,2.0,1.0,
2019-06-14,96855,Kab. Sleman,NORMAL,NORMAL,LSTM_AUTOENCODER,0.18258634209632874,5.292897081375118,9.178507280349733,9.473002943992615,0.0,0.0,0.0,2.0,1.0,
2019-06-15,96855,Kab. Sleman,NORMAL,NORMAL,LSTM_AUTOENCODER,0.18490369617938995,5.292897081375118,9.178507280349733,9.473002943992615,1.0,1.0000000000000568,1.0,2.0,1.0,
2019-06-16,96855,Kab. Sleman,NORMAL,NORMAL,LSTM_AUTOENCODER,0.1854400783777237,5.292897081375118,9.178507280349733,9.473002943992615,0.0,1.0000000000000568,1.0,2.0,0.0,
2019-06-17,96855,Kab. Sleman,NORMAL,NORMAL,LSTM_AUTOENCODER,0.18795159459114075,5.292897081375118,9.178507280349733,9.473002943992615,0.0,1.0000000000000568,1.0,2.0,0.0,
2019-06-18,96855,Kab. Sleman,NORMAL,NORMAL,LSTM_AUTOENCODER,0.1878020167350769,5.292897081375118,9.178507280349733,9.473002943992615,0.0,0.0,1.0,2.0,1.0,
2019-06-19,96855,Kab. Sleman,NORMAL,NORMAL,LSTM_AUTOENCODER,0.18933933973312378,5.292897081375118,9.178507280349733,9.473002943992615,0.0,0.0,1.0,2.0,1.0,
2019-06-20,96855,Kab. Sleman,NORMAL,NORMAL,LSTM_AUTOENCODER,0.19631223380565643,5.292897081375118,9.178507280349733,9.473002943992615,0.0,0.0,1.0,2.0,1.0,
2019-06-21,96855,Kab. Sleman,NORMAL,NORMAL,LSTM_AUTOENCODER,0.1970503181219101,5.292897081375118,9.178507280349733,9.473002943992615,0.0,0.0,1.0,2.0,1.0,
2019-06-22,96855,Kab. Sleman,NORMAL,NORMAL,LSTM_AUTOENCODER,0.1995684802532196,5.292897081375118,9.178507280349733,9.473002943992615,0.0,0.0,0.0,2.0,1.0,
2019-06-23,96855,Kab. Sleman,NORMAL,NORMAL,LSTM_AUTOENCODER,0.19747638702392578,5.292897081375118,9.178507280349733,9.473002943992615,0.0,0.0,0.0,2.0,1.0,
2019-06-24,96855,Kab. Sleman,NORMAL,NORMAL,LSTM_AUTOENCODER,0.19595982134342194,5.292897081375118,9.178507280349733,9.473002943992615,0.0,0.0,0.0,2.0,1.0,
2019-06-25,96855,Kab. Sleman,NORMAL,NORMAL,LSTM_AUTOENCODER,0.20109063386917114,5.292897081375118,9.178507280349733,9.473002943992615,0.0,0.0,0.0,3.0,1.0,
2019-06-26,96855,Kab. Sleman,NORMAL,NORMAL,LSTM_AUTOENCODER,0.20720157027244568,5.292897081375118,9.178507280349733,9.473002943992615,0.0,0.0,0.0,3.0,1.0,
2019-06-27,96855,Kab. Sleman,NORMAL,NORMAL,LSTM_AUTOENCODER,0.20396628975868225,5.292897081375118,9.178507280349733,9.473002943992615,0.0,0.0,0.0,2.0,1.0,
2019-06-28,96855,Kab. Sleman,NORMAL,NORMAL,LSTM_AUTOENCODER,0.20168523490428925,5.292897081375118,9.178507280349733,9.473002943992615,0.0,0.0,0.0,2.0,1.0,
2019-06-29,96855,Kab. Sleman,NORMAL,NORMAL,LSTM_AUTOENCODER,0.20387913286685944,5.292897081375118,9.178507280349733,9.473002943992615,0.0,0.0,0.0,2.0,1.0,
2019-06-30,96855,Kab. Sleman,NORMAL,NORMAL,LSTM_AUTOENCODER,0.20326663553714752,5.292897081375118,9.178507280349733,9.473002943992615,0.0,0.0,0.0,2.0,1.0,
2019-07-01,96855,Kab. Sleman,NORMAL,NORMAL,LSTM_AUTOENCODER,0.20538075268268585,5.292897081375118,9.178507280349733,9.473002943992615,0.0,0.0,0.0,2.0,1.0,
2019-07-02,96855,Kab. Sleman,NORMAL,NORMAL,LSTM_AUTOENCODER,0.20689581334590912,5.292897081375118,9.178507280349733,9.473002943992615,0.0,0.0,0.0,2.0,1.0,
2019-07-03,96855,Kab. Sleman,NORMAL,NORMAL,LSTM_AUTOENCODER,0.21205838024616241,5.292897081375118,9.178507280349733,9.473002943992615,0.0,0.0,0.0,2.0,1.0,
2019-07-04,96855,Kab. Sleman,NORMAL,NORMAL,LSTM_AUTOENCODER,0.21230797469615936,5.292897081375118,9.178507280349733,9.473002943992615,0.0,0.0,0.0,2.0,0.0,
2019-07-05,96855,Kab. Sleman,NORMAL,NORMAL,LSTM_AUTOENCODER,0.21353764832019806,5.292897081375118,9.178507280349733,9.473002943992615,0.0,0.0,0.0,2.0,1.0,
2019-07-06,96855,Kab. Sleman,NORMAL,NORMAL,LSTM_AUTOENCODER,0.2132239192724228,5.292897081375118,9.178507280349733,9.473002943992615,0.0,0.0,0.0,2.0,1.0,
2019-07-07,96855,Kab. Sleman,NORMAL,NORMAL,LSTM_AUTOENCODER,0.21108655631542206,5.292897081375118,9.178507280349733,9.473002943992615,0.0,0.0,0.0,2.0,1.0,
2019-07-08,96855,Kab. Sleman,NORMAL,NORMAL,LSTM_AUTOENCODER,0.20658622682094574,5.292897081375118,9.178507280349733,9.473002943992615,0.0,0.0,0.0,2.0,1.0,
2019-07-09,96855,Kab. Sleman,NORMAL,NORMAL,LSTM_AUTOENCODER,0.22871193289756775,5.292897081375118,9.178507280349733,9.473002943992615,0.0,0.0,0.0,4.0,1.0,
2019-07-10,96855,Kab. Sleman,NORMAL,NORMAL,LSTM_AUTOENCODER,0.24956415593624115,5.292897081375118,9.178507280349733,9.473002943992615,0.0,0.0,0.0,2.0,1.0,
2019-07-11,96855,Kab. Sleman,NORMAL,NORMAL,LSTM_AUTOENCODER,0.25199180841445923,5.292897081375118,9.178507280349733,9.473002943992615,0.0,0.0,0.0,2.0,0.0,
2019-07-12,96855,Kab. Sleman,NORMAL,NORMAL,LSTM_AUTOENCODER,0.2516164481639862,5.292897081375118,9.178507280349733,9.473002943992615,0.0,0.0,0.0,2.0,1.0,
2019-07-13,96855,Kab. Sleman,NORMAL,NORMAL,LSTM_AUTOENCODER,0.25777295231819153,5.292897081375118,9.178507280349733,9.473002943992615,0.0,0.0,0.0,2.0,1.0,
2019-07-14,96855,Kab. Sleman,NORMAL,NORMAL,LSTM_AUTOENCODER,0.26743677258491516,5.292897081375118,9.178507280349733,9.473002943992615,0.0,0.0,0.0,3.0,1.0,
2019-07-15,96855,Kab. Sleman,NORMAL,NORMAL,LSTM_AUTOENCODER,0.27782341837882996,5.292897081375118,9.178507280349733,9.473002943992615,0.0,0.0,0.0,2.0,1.0,
2019-07-16,96855,Kab. Sleman,NORMAL,NORMAL,LSTM_AUTOENCODER,0.2902089059352875,5.292897081375118,9.178507280349733,9.473002943992615,0.0,0.0,0.0,2.0,1.0,
2019-07-17,96855,Kab. Sleman,NORMAL,NORMAL,LSTM_AUTOENCODER,0.29284682869911194,5.292897081375118,9.178507280349733,9.473002943992615,0.0,0.0,0.0,2.0,1.0,
2019-07-18,96855,Kab. Sleman,NORMAL,NORMAL,LSTM_AUTOENCODER,0.29309895634651184,5.292897081375118,9.178507280349733,9.473002943992615,0.0,0.0,0.0,2.0,1.0,
2019-07-19,96855,Kab. Sleman,NORMAL,NORMAL,LSTM_AUTOENCODER,0.2929452657699585,5.292897081375118,9.178507280349733,9.473002943992615,0.0,0.0,0.0,2.0,1.0,
2019-07-20,96855,Kab. Sleman,NORMAL,NORMAL,LSTM_AUTOENCODER,0.29459482431411743,5.292897081375118,9.178507280349733,9.473002943992615,0.0,0.0,0.0,2.0,1.0,
2019-07-21,96855,Kab. Sleman,NORMAL,NORMAL,LSTM_AUTOENCODER,0.288627952337265,5.292897081375118,9.178507280349733,9.473002943992615,0.0,0.0,0.0,2.0,1.0,
2019-07-22,96855,Kab. Sleman,NORMAL,NORMAL,LSTM_AUTOENCODER,0.27896350622177124,5.292897081375118,9.178507280349733,9.473002943992615,0.0,0.0,0.0,2.0,1.0,
2019-07-23,96855,Kab. Sleman,NORMAL,NORMAL,LSTM_AUTOENCODER,0.2757299244403839,5.292897081375118,9.178507280349733,9.473002943992615,0.0,0.0,0.0,2.0,1.0,
2019-07-24,96855,Kab. Sleman,NORMAL,NORMAL,LSTM_AUTOENCODER,0.2706846296787262,5.292897081375118,9.178507280349733,9.473002943992615,0.0,0.0,0.0,2.0,1.0,
2019-07-25,96855,Kab. Sleman,NORMAL,NORMAL,LSTM_AUTOENCODER,0.26098090410232544,5.292897081375118,9.178507280349733,9.473002943992615,0.0,0.0,0.0,2.0,1.0,
2019-07-26,96855,Kab. Sleman,NORMAL,NORMAL,LSTM_AUTOENCODER,0.25262877345085144,5.292897081375118,9.178507280349733,9.473002943992615,0.0,0.0,0.0,2.0,1.0,
2019-07-27,96855,Kab. Sleman,NORMAL,NORMAL,LSTM_AUTOENCODER,0.2512036859989166,5.292897081375118,9.178507280349733,9.473002943992615,0.0,0.0,0.0,2.0,1.0,
2019-07-28,96855,Kab. Sleman,NORMAL,NORMAL,LSTM_AUTOENCODER,0.24725212156772614,5.292897081375118,9.178507280349733,9.473002943992615,0.0,0.0,0.0,2.0,1.0,
2019-07-29,96855,Kab. Sleman,NORMAL,NORMAL,LSTM_AUTOENCODER,0.24237920343875885,5.292897081375118,9.178507280349733,9.473002943992615,0.0,0.0,0.0,2.0,1.0,
2019-07-30,96855,Kab. Sleman,NORMAL,NORMAL,LSTM_AUTOENCODER,0.23540635406970978,5.292897081375118,9.178507280349733,9.473002943992615,0.0,0.0,0.0,2.0,1.0,
2019-07-31,96855,Kab. Sleman,NORMAL,NORMAL,LSTM_AUTOENCODER,0.23102444410324097,5.292897081375118,9.178507280349733,9.473002943992615,0.0,0.0,0.0,3.0,2.0,
2019-08-01,96855,Kab. Sleman,NORMAL,NORMAL,LSTM_AUTOENCODER,0.2305980771780014,5.292897081375118,9.178507280349733,9.473002943992615,0.0,0.0,0.0,2.0,1.0,
2019-08-02,96855,Kab. Sleman,NORMAL,NORMAL,LSTM_AUTOENCODER,0.22081661224365234,5.292897081375118,9.178507280349733,9.473002943992615,0.0,0.0,0.0,2.0,1.0,
2019-08-03,96855,Kab. Sleman,NORMAL,NORMAL,LSTM_AUTOENCODER,0.22626377642154694,5.292897081375118,9.178507280349733,9.473002943992615,0.0,0.0,0.0,2.0,1.0,
2019-08-04,96855,Kab. Sleman,NORMAL,NORMAL,LSTM_AUTOENCODER,0.23119446635246277,5.292897081375118,9.178507280349733,9.473002943992615,0.0,0.0,0.0,2.0,1.0,
2019-08-05,96855,Kab. Sleman,NORMAL,NORMAL,LSTM_AUTOENCODER,0.2358768880367279,5.292897081375118,9.178507280349733,9.473002943992615,0.0,0.0,0.0,2.0,1.0,
2019-08-06,96855,Kab. Sleman,NORMAL,NORMAL,LSTM_AUTOENCODER,0.24734215438365936,5.292897081375118,9.178507280349733,9.473002943992615,0.0,0.0,0.0,3.0,1.0,
2019-08-07,96855,Kab. Sleman,NORMAL,NORMAL,LSTM_AUTOENCODER,0.25315988063812256,5.292897081375118,9.178507280349733,9.473002943992615,0.0,0.0,0.0,3.0,1.0,
2019-08-08,96855,Kab. Sleman,NORMAL,NORMAL,LSTM_AUTOENCODER,0.23753352463245392,5.292897081375118,9.178507280349733,9.473002943992615,0.0,0.0,0.0,2.0,1.0,
2019-08-09,96855,Kab. Sleman,NORMAL,NORMAL,LSTM_AUTOENCODER,0.2209271937608719,5.292897081375118,9.178507280349733,9.473002943992615,0.0,0.0,0.0,2.0,1.0,
2019-08-10,96855,Kab. Sleman,NORMAL,NORMAL,LSTM_AUTOENCODER,0.2198840081691742,5.292897081375118,9.178507280349733,9.473002943992615,0.0,0.0,0.0,2.0,1.0,
2019-08-11,96855,Kab. Sleman,NORMAL,NORMAL,LSTM_AUTOENCODER,0.22591640055179596,5.292897081375118,9.178507280349733,9.473002943992615,0.0,0.0,0.0,3.0,1.0,
2019-08-12,96855,Kab. Sleman,NORMAL,NORMAL,LSTM_AUTOENCODER,0.22394686937332153,5.292897081375118,9.178507280349733,9.473002943992615,0.0,0.0,0.0,2.0,1.0,
2019-08-13,96855,Kab. Sleman,NORMAL,NORMAL,LSTM_AUTOENCODER,0.2080293595790863,5.292897081375118,9.178507280349733,9.473002943992615,0.0,0.0,0.0,2.0,1.0,
2019-08-14,96855,Kab. Sleman,NORMAL,NORMAL,LSTM_AUTOENCODER,0.1942465603351593,5.292897081375118,9.178507280349733,9.473002943992615,0.0,0.0,0.0,2.0,1.0,
2019-08-15,96855,Kab. Sleman,NORMAL,NORMAL,LSTM_AUTOENCODER,0.18175819516181946,5.292897081375118,9.178507280349733,9.473002943992615,0.0,0.0,0.0,2.0,1.0,
2019-08-16,96855,Kab. Sleman,NORMAL,NORMAL,LSTM_AUTOENCODER,0.1806960552930832,5.292897081375118,9.178507280349733,9.473002943992615,0.0,0.0,0.0,3.0,2.0,
2019-08-17,96855,Kab. Sleman,NORMAL,NORMAL,LSTM_AUTOENCODER,0.18072810769081116,5.292897081375118,9.178507280349733,9.473002943992615,0.0,0.0,0.0,2.0,1.0,
2019-08-18,96855,Kab. Sleman,NORMAL,NORMAL,LSTM_AUTOENCODER,0.18660622835159302,5.292897081375118,9.178507280349733,9.473002943992615,0.0,0.0,0.0,2.0,1.0,
2019-08-19,96855,Kab. Sleman,NORMAL,NORMAL,LSTM_AUTOENCODER,0.19528868794441223,5.292897081375118,9.178507280349733,9.473002943992615,0.0,0.0,0.0,3.0,2.0,
2019-08-20,96855,Kab. Sleman,NORMAL,NORMAL,LSTM_AUTOENCODER,0.19941329956054688,5.292897081375118,9.178507280349733,9.473002943992615,0.0,0.0,0.0,2.0,1.0,
2019-08-21,96855,Kab. Sleman,NORMAL,NORMAL,LSTM_AUTOENCODER,0.20292127132415771,5.292897081375118,9.178507280349733,9.473002943992615,0.0,0.0,0.0,2.0,1.0,
2019-08-22,96855,Kab. Sleman,NORMAL,NORMAL,LSTM_AUTOENCODER,0.2121260166168213,5.292897081375118,9.178507280349733,9.473002943992615,0.0,0.0,0.0,3.0,1.0,
2019-08-23,96855,Kab. Sleman,NORMAL,NORMAL,LSTM_AUTOENCODER,0.21573467552661896,5.292897081375118,9.178507280349733,9.473002943992615,0.0,0.0,0.0,3.0,1.0,
2019-08-24,96855,Kab. Sleman,NORMAL,NORMAL,LSTM_AUTOENCODER,0.2171953171491623,5.292897081375118,9.178507280349733,9.473002943992615,0.0,0.0,0.0,3.0,1.0,
2019-08-25,96855,Kab. Sleman,NORMAL,NORMAL,LSTM_AUTOENCODER,0.22669082880020142,5.292897081375118,9.178507280349733,9.473002943992615,0.0,0.0,0.0,3.0,2.0,
2019-08-26,96855,Kab. Sleman,NORMAL,NORMAL,LSTM_AUTOENCODER,0.23818404972553253,5.292897081375118,9.178507280349733,9.473002943992615,0.0,0.0,0.0,2.0,0.0,
2019-08-27,96855,Kab. Sleman,NORMAL,NORMAL,LSTM_AUTOENCODER,0.24156512320041656,5.292897081375118,9.178507280349733,9.473002943992615,0.0,0.0,0.0,2.0,1.0,
2019-08-28,96855,Kab. Sleman,NORMAL,NORMAL,LSTM_AUTOENCODER,0.23977887630462646,5.292897081375118,9.178507280349733,9.473002943992615,0.0,0.0,0.0,2.0,1.0,
2019-08-29,96855,Kab. Sleman,NORMAL,NORMAL,LSTM_AUTOENCODER,0.24609483778476715,5.292897081375118,9.178507280349733,9.473002943992615,0.0,0.0,0.0,2.0,1.0,
2019-08-30,96855,Kab. Sleman,NORMAL,NORMAL,LSTM_AUTOENCODER,0.24265561997890472,5.292897081375118,9.178507280349733,9.473002943992615,0.0,0.0,0.0,3.0,1.0,
2019-08-31,96855,Kab. Sleman,NORMAL,NORMAL,LSTM_AUTOENCODER,0.2467503845691681,5.292897081375118,9.178507280349733,9.473002943992615,0.0,0.0,0.0,2.0,1.0,
2019-09-01,96855,Kab. Sleman,NORMAL,NORMAL,LSTM_AUTOENCODER,0.26110807061195374,5.292897081375118,9.178507280349733,9.473002943992615,0.0,0.0,0.0,2.0,1.0,
2019-09-02,96855,Kab. Sleman,NORMAL,NORMAL,LSTM_AUTOENCODER,0.2557907700538635,5.292897081375118,9.178507280349733,9.473002943992615,0.0,0.0,0.0,2.0,1.0,
2019-09-03,96855,Kab. Sleman,NORMAL,NORMAL,LSTM_AUTOENCODER,0.24953009188175201,5.292897081375118,9.178507280349733,9.473002943992615,0.0,0.0,0.0,2.0,1.0,
2019-09-04,96855,Kab. Sleman,NORMAL,NORMAL,LSTM_AUTOENCODER,0.24797384440898895,5.292897081375118,9.178507280349733,9.473002943992615,0.0,0.0,0.0,2.0,1.0,
2019-09-05,96855,Kab. Sleman,NORMAL,NORMAL,LSTM_AUTOENCODER,0.23907651007175446,5.292897081375118,9.178507280349733,9.473002943992615,0.0,0.0,0.0,2.0,1.0,
2019-09-06,96855,Kab. Sleman,NORMAL,NORMAL,LSTM_AUTOENCODER,0.23605456948280334,5.292897081375118,9.178507280349733,9.473002943992615,0.0,0.0,0.0,3.0,1.0,
2019-09-07,96855,Kab. Sleman,NORMAL,NORMAL,LSTM_AUTOENCODER,0.22789210081100464,5.292897081375118,9.178507280349733,9.473002943992615,0.0,0.0,0.0,2.0,1.0,
2019-09-08,96855,Kab. Sleman,NORMAL,NORMAL,LSTM_AUTOENCODER,0.2238369584083557,5.292897081375118,9.178507280349733,9.473002943992615,0.0,0.0,0.0,2.0,1.0,
2019-09-09,96855,Kab. Sleman,NORMAL,NORMAL,LSTM_AUTOENCODER,0.2361048310995102,5.292897081375118,9.178507280349733,9.473002943992615,0.0,0.0,0.0,2.0,1.0,
2019-09-10,96855,Kab. Sleman,NORMAL,NORMAL,LSTM_AUTOENCODER,0.2323431521654129,5.292897081375118,9.178507280349733,9.473002943992615,0.0,0.0,0.0,3.0,1.0,
2019-09-11,96855,Kab. Sleman,NORMAL,NORMAL,LSTM_AUTOENCODER,0.2299448847770691,5.292897081375118,9.178507280349733,9.473002943992615,0.0,0.0,0.0,2.0,1.0,
2019-09-12,96855,Kab. Sleman,NORMAL,NORMAL,LSTM_AUTOENCODER,0.2344634085893631,5.292897081375118,9.178507280349733,9.473002943992615,0.0,0.0,0.0,2.0,1.0,
2019-09-13,96855,Kab. Sleman,NORMAL,NORMAL,LSTM_AUTOENCODER,0.23715399205684662,5.292897081375118,9.178507280349733,9.473002943992615,0.0,0.0,0.0,2.0,1.0,
2019-09-14,96855,Kab. Sleman,NORMAL,NORMAL,LSTM_AUTOENCODER,0.24374721944332123,5.292897081375118,9.178507280349733,9.473002943992615,0.0,0.0,0.0,2.0,1.0,
2019-09-15,96855,Kab. Sleman,NORMAL,NORMAL,LSTM_AUTOENCODER,0.23599913716316223,5.292897081375118,9.178507280349733,9.473002943992615,0.0,0.0,0.0,2.0,1.0,
2019-09-16,96855,Kab. Sleman,NORMAL,NORMAL,LSTM_AUTOENCODER,0.23218800127506256,5.292897081375118,9.178507280349733,9.473002943992615,0.0,0.0,0.0,2.0,1.0,
2019-09-17,96855,Kab. Sleman,NORMAL,NORMAL,LSTM_AUTOENCODER,0.22427326440811157,5.292897081375118,9.178507280349733,9.473002943992615,0.0,0.0,0.0,2.0,1.0,
2019-09-18,96855,Kab. Sleman,NORMAL,NORMAL,LSTM_AUTOENCODER,0.20551684498786926,5.292897081375118,9.178507280349733,9.473002943992615,0.0,0.0,0.0,2.0,1.0,
2019-09-19,96855,Kab. Sleman,NORMAL,NORMAL,LSTM_AUTOENCODER,0.19704169034957886,5.292897081375118,9.178507280349733,9.473002943992615,0.0,0.0,0.0,2.0,1.0,
2019-09-20,96855,Kab. Sleman,NORMAL,NORMAL,LSTM_AUTOENCODER,0.2008606493473053,5.292897081375118,9.178507280349733,9.473002943992615,0.0,0.0,0.0,2.0,1.0,
2019-09-21,96855,Kab. Sleman,NORMAL,NORMAL,LSTM_AUTOENCODER,0.1989721655845642,5.292897081375118,9.178507280349733,9.473002943992615,0.0,0.0,0.0,2.0,0.0,
2019-09-22,96855,Kab. Sleman,NORMAL,NORMAL,LSTM_AUTOENCODER,0.19563646614551544,5.292897081375118,9.178507280349733,9.473002943992615,0.0,0.0,0.0,2.0,1.0,
2019-09-23,96855,Kab. Sleman,NORMAL,NORMAL,LSTM_AUTOENCODER,0.18978069722652435,5.292897081375118,9.178507280349733,9.473002943992615,0.0,0.0,0.0,2.0,1.0,
2019-09-24,96855,Kab. Sleman,NORMAL,NORMAL,LSTM_AUTOENCODER,0.17675748467445374,5.292897081375118,9.178507280349733,9.473002943992615,0.0,0.0,0.0,2.0,1.0,
2019-09-25,96855,Kab. Sleman,NORMAL,NORMAL,LSTM_AUTOENCODER,0.17194323241710663,5.292897081375118,9.178507280349733,9.473002943992615,0.0,0.0,0.0,2.0,1.0,
2019-09-26,96855,Kab. Sleman,NORMAL,NORMAL,LSTM_AUTOENCODER,0.17276282608509064,5.292897081375118,9.178507280349733,9.473002943992615,0.0,0.0,0.0,2.0,1.0,
2019-09-27,96855,Kab. Sleman,NORMAL,NORMAL,LSTM_AUTOENCODER,0.17006324231624603,5.292897081375118,9.178507280349733,9.473002943992615,0.0,0.0,0.0,2.0,1.0,
2019-09-28,96855,Kab. Sleman,NORMAL,NORMAL,LSTM_AUTOENCODER,0.16717840731143951,5.292897081375118,9.178507280349733,9.473002943992615,0.0,0.0,0.0,2.0,1.0,
2019-09-29,96855,Kab. Sleman,NORMAL,NORMAL,LSTM_AUTOENCODER,0.16242080926895142,5.292897081375118,9.178507280349733,9.473002943992615,0.0,0.0,0.0,2.0,1.0,
2019-09-30,96855,Kab. Sleman,NORMAL,NORMAL,LSTM_AUTOENCODER,0.15729622542858124,5.292897081375118,9.178507280349733,9.473002943992615,0.0,0.0,0.0,3.0,1.0,
2019-10-01,96855,Kab. Sleman,NORMAL,NORMAL,LSTM_AUTOENCODER,0.155098557472229,5.292897081375118,9.178507280349733,9.473002943992615,0.0,0.0,0.0,2.0,1.0,
2019-10-02,96855,Kab. Sleman,NORMAL,NORMAL,LSTM_AUTOENCODER,0.15983296930789948,5.292897081375118,9.178507280349733,9.473002943992615,0.0,0.0,0.0,3.0,1.0,
2019-10-03,96855,Kab. Sleman,NORMAL,NORMAL,LSTM_AUTOENCODER,0.1642431616783142,5.292897081375118,9.178507280349733,9.473002943992615,0.0,0.0,0.0,3.0,1.0,
2019-10-04,96855,Kab. Sleman,NORMAL,NORMAL,LSTM_AUTOENCODER,0.1680569052696228,5.292897081375118,9.178507280349733,9.473002943992615,0.0,0.0,0.0,3.0,1.0,
2019-10-05,96855,Kab. Sleman,NORMAL,NORMAL,LSTM_AUTOENCODER,0.1604512482881546,5.292897081375118,9.178507280349733,9.473002943992615,0.0,0.0,0.0,3.0,1.0,
2019-10-06,96855,Kab. Sleman,NORMAL,NORMAL,LSTM_AUTOENCODER,0.15471714735031128,5.292897081375118,9.178507280349733,9.473002943992615,0.0,0.0,0.0,2.0,1.0,
2019-10-07,96855,Kab. Sleman,NORMAL,NORMAL,LSTM_AUTOENCODER,0.1577000766992569,5.292897081375118,9.178507280349733,9.473002943992615,0.0,0.0,0.0,2.0,1.0,
2019-10-08,96855,Kab. Sleman,NORMAL,NORMAL,LSTM_AUTOENCODER,0.1608305722475052,5.292897081375118,9.178507280349733,9.473002943992615,0.0,0.0,0.0,2.0,1.0,
2019-10-09,96855,Kab. Sleman,NORMAL,NORMAL,LSTM_AUTOENCODER,0.1588360220193863,5.292897081375118,9.178507280349733,9.473002943992615,0.0,0.0,0.0,2.0,1.0,
2019-10-10,96855,Kab. Sleman,NORMAL,NORMAL,LSTM_AUTOENCODER,0.15568722784519196,5.292897081375118,9.178507280349733,9.473002943992615,0.0,0.0,0.0,2.0,1.0,
2019-10-11,96855,Kab. Sleman,NORMAL,NORMAL,LSTM_AUTOENCODER,0.15920759737491608,5.292897081375118,9.178507280349733,9.473002943992615,0.0,0.0,0.0,2.0,1.0,
2019-10-12,96855,Kab. Sleman,NORMAL,NORMAL,LSTM_AUTOENCODER,0.1493658572435379,5.292897081375118,9.178507280349733,9.473002943992615,0.0,0.0,0.0,2.0,1.0,
2019-10-13,96855,Kab. Sleman,NORMAL,NORMAL,LSTM_AUTOENCODER,0.1392752230167389,5.292897081375118,9.178507280349733,9.473002943992615,0.0,0.0,0.0,2.0,1.0,
2019-10-14,96855,Kab. Sleman,NORMAL,NORMAL,LSTM_AUTOENCODER,0.13425131142139435,5.292897081375118,9.178507280349733,9.473002943992615,0.0,0.0,0.0,2.0,1.0,
2019-10-15,96855,Kab. Sleman,NORMAL,NORMAL,LSTM_AUTOENCODER,0.12905040383338928,5.292897081375118,9.178507280349733,9.473002943992615,0.0,0.0,0.0,2.0,1.0,
2019-10-16,96855,Kab. Sleman,NORMAL,NORMAL,LSTM_AUTOENCODER,0.12927395105361938,5.292897081375118,9.178507280349733,9.473002943992615,0.0,0.0,0.0,2.0,1.0,
2019-10-17,96855,Kab. Sleman,NORMAL,NORMAL,LSTM_AUTOENCODER,0.12801675498485565,5.292897081375118,9.178507280349733,9.473002943992615,0.0,0.0,0.0,2.0,1.0,
2019-10-18,96855,Kab. Sleman,NORMAL,NORMAL,LSTM_AUTOENCODER,0.1269606202840805,5.292897081375118,9.178507280349733,9.473002943992615,0.0,0.0,0.0,3.0,1.0,
2019-10-19,96855,Kab. Sleman,NORMAL,NORMAL,LSTM_AUTOENCODER,0.12739533185958862,5.292897081375118,9.178507280349733,9.473002943992615,0.0,0.0,0.0,2.0,1.0,
2019-10-20,96855,Kab. Sleman,NORMAL,NORMAL,LSTM_AUTOENCODER,0.11711809784173965,5.292897081375118,9.178507280349733,9.473002943992615,0.0,0.0,0.0,2.0,1.0,
2019-10-21,96855,Kab. Sleman,NORMAL,NORMAL,LSTM_AUTOENCODER,0.11728359758853912,5.292897081375118,9.178507280349733,9.473002943992615,0.0,0.0,0.0,2.0,1.0,
2019-10-22,96855,Kab. Sleman,NORMAL,NORMAL,LSTM_AUTOENCODER,0.11754138767719269,5.292897081375118,9.178507280349733,9.473002943992615,0.0,0.0,0.0,3.0,1.0,
2019-10-23,96855,Kab. Sleman,NORMAL,NORMAL,LSTM_AUTOENCODER,0.11918789148330688,5.292897081375118,9.178507280349733,9.473002943992615,0.0,0.0,0.0,2.0,1.0,
2019-10-24,96855,Kab. Sleman,NORMAL,NORMAL,LSTM_AUTOENCODER,0.12387459725141525,5.292897081375118,9.178507280349733,9.473002943992615,0.0,0.0,0.0,2.0,1.0,
2019-10-25,96855,Kab. Sleman,NORMAL,NORMAL,LSTM_AUTOENCODER,0.11901367455720901,5.292897081375118,9.178507280349733,9.473002943992615,0.0,0.0,0.0,2.0,1.0,
2019-10-26,96855,Kab. Sleman,NORMAL,NORMAL,LSTM_AUTOENCODER,0.11759798228740692,5.292897081375118,9.178507280349733,9.473002943992615,0.0,0.0,0.0,2.0,0.0,
2019-10-27,96855,Kab. Sleman,NORMAL,NORMAL,LSTM_AUTOENCODER,0.1182689517736435,5.292897081375118,9.178507280349733,9.473002943992615,0.0,0.0,0.0,2.0,1.0,
2019-10-28,96855,Kab. Sleman,NORMAL,NORMAL,LSTM_AUTOENCODER,0.12332867830991745,5.292897081375118,9.178507280349733,9.473002943992615,0.0,0.0,0.0,3.0,1.0,
2019-10-29,96855,Kab. Sleman,NORMAL,NORMAL,LSTM_AUTOENCODER,0.1331496238708496,5.292897081375118,9.178507280349733,9.473002943992615,0.0,0.0,0.0,2.0,1.0,
2019-10-30,96855,Kab. Sleman,NORMAL,NORMAL,LSTM_AUTOENCODER,0.13879458606243134,5.292897081375118,9.178507280349733,9.473002943992615,0.0,0.0,0.0,2.0,1.0,
2019-10-31,96855,Kab. Sleman,NORMAL,NORMAL,LSTM_AUTOENCODER,0.13490991294384003,5.292897081375118,9.178507280349733,9.473002943992615,0.0,0.0,0.0,2.0,1.0,
2019-11-01,96855,Kab. Sleman,NORMAL,NORMAL,LSTM_AUTOENCODER,0.13706602156162262,5.292897081375118,9.178507280349733,9.473002943992615,4.0,4.000000000000057,4.0,2.0,0.0,
2019-11-02,96855,Kab. Sleman,NORMAL,NORMAL,LSTM_AUTOENCODER,0.1593233048915863,5.292897081375118,9.178507280349733,9.473002943992615,1.0,5.000000000000057,5.0,2.0,1.0,
2019-11-03,96855,Kab. Sleman,NORMAL,NORMAL,LSTM_AUTOENCODER,0.1719810515642166,5.292897081375118,9.178507280349733,9.473002943992615,0.6,5.6000000000000565,5.6,2.0,1.0,
2019-11-04,96855,Kab. Sleman,NORMAL,NORMAL,LSTM_AUTOENCODER,0.18280692398548126,5.292897081375118,9.178507280349733,9.473002943992615,0.2,1.8000000000000569,5.8,2.0,0.0,
2019-11-05,96855,Kab. Sleman,NORMAL,NORMAL,LSTM_AUTOENCODER,0.1813681572675705,5.292897081375118,9.178507280349733,9.473002943992615,0.2,1.0000000000000568,6.0,2.0,1.0,
2019-11-06,96855,Kab. Sleman,NORMAL,NORMAL,LSTM_AUTOENCODER,0.18697674572467804,5.292897081375118,9.178507280349733,9.473002943992615,0.0,0.4000000000000568,6.0,2.0,1.0,
2019-11-07,96855,Kab. Sleman,NORMAL,NORMAL,LSTM_AUTOENCODER,0.1880098134279251,5.292897081375118,9.178507280349733,9.473002943992615,0.0,0.2000000000000568,6.0,2.0,1.0,
2019-11-08,96855,Kab. Sleman,NORMAL,NORMAL,LSTM_AUTOENCODER,0.19140441715717316,5.292897081375118,9.178507280349733,9.473002943992615,0.0,0.0,2.0,2.0,1.0,
2019-11-09,96855,Kab. Sleman,NORMAL,NORMAL,LSTM_AUTOENCODER,0.18979693949222565,5.292897081375118,9.178507280349733,9.473002943992615,0.0,0.0,1.0,2.0,1.0,
2019-11-10,96855,Kab. Sleman,NORMAL,NORMAL,LSTM_AUTOENCODER,0.18505911529064178,5.292897081375118,9.178507280349733,9.473002943992615,0.0,0.0,0.4,2.0,1.0,
2019-11-11,96855,Kab. Sleman,NORMAL,NORMAL,LSTM_AUTOENCODER,0.18453148007392883,5.292897081375118,9.178507280349733,9.473002943992615,0.0,0.0,0.2,2.0,1.0,
2019-11-12,96855,Kab. Sleman,NORMAL,NORMAL,LSTM_AUTOENCODER,0.18906117975711823,5.292897081375118,9.178507280349733,9.473002943992615,0.0,0.0,0.0,3.0,1.0,
2019-11-13,96855,Kab. Sleman,NORMAL,NORMAL,LSTM_AUTOENCODER,0.1923704594373703,5.292897081375118,9.178507280349733,9.473002943992615,0.0,0.0,0.0,2.0,1.0,
2019-11-14,96855,Kab. Sleman,NORMAL,NORMAL,LSTM_AUTOENCODER,0.22393400967121124,5.292897081375118,9.178507280349733,9.473002943992615,13.2,13.200000000000056,13.2,2.0,1.0,
2019-11-15,96855,Kab. Sleman,NORMAL,NORMAL,LSTM_AUTOENCODER,0.23794026672840118,5.292897081375118,9.178507280349733,9.473002943992615,0.0,13.200000000000056,13.2,2.0,1.0,
2019-11-16,96855,Kab. Sleman,NORMAL,NORMAL,LSTM_AUTOENCODER,0.2399844080209732,5.292897081375118,9.178507280349733,9.473002943992615,0.0,13.200000000000056,13.2,2.0,1.0,
2019-11-17,96855,Kab. Sleman,NORMAL,NORMAL,LSTM_AUTOENCODER,0.23954549431800842,5.292897081375118,9.178507280349733,9.473002943992615,0.0,0.0,13.2,2.0,1.0,
2019-11-18,96855,Kab. Sleman,NORMAL,NORMAL,LSTM_AUTOENCODER,0.2403472363948822,5.292897081375118,9.178507280349733,9.473002943992615,0.0,0.0,13.2,2.0,2.0,
2019-11-19,96855,Kab. Sleman,NORMAL,NORMAL,LSTM_AUTOENCODER,0.24060918390750885,5.292897081375118,9.178507280349733,9.473002943992615,1.6,1.600000000000057,14.8,2.0,1.0,
2019-11-20,96855,Kab. Sleman,NORMAL,NORMAL,LSTM_AUTOENCODER,0.23343640565872192,5.292897081375118,9.178507280349733,9.473002943992615,0.0,1.600000000000057,14.8,2.0,1.0,
2019-11-21,96855,Kab. Sleman,NORMAL,NORMAL,LSTM_AUTOENCODER,0.23177896440029144,5.292897081375118,9.178507280349733,9.473002943992615,0.0,1.600000000000057,1.6,2.0,1.0,
2019-11-22,96855,Kab. Sleman,NORMAL,NORMAL,LSTM_AUTOENCODER,0.22752079367637634,5.292897081375118,9.178507280349733,9.473002943992615,0.0,0.0,1.6,2.0,1.0,
2019-11-23,96855,Kab. Sleman,NORMAL,NORMAL,LSTM_AUTOENCODER,0.22131606936454773,5.292897081375118,9.178507280349733,9.473002943992615,1.0,1.0000000000000568,2.6,2.0,1.0,
2019-11-24,96855,Kab. Sleman,NORMAL,NORMAL,LSTM_AUTOENCODER,0.21803350746631622,5.292897081375118,9.178507280349733,9.473002943992615,2.0,3.000000000000057,4.6,2.0,1.0,
2019-11-25,96855,Kab. Sleman,NORMAL,NORMAL,LSTM_AUTOENCODER,0.21970807015895844,5.292897081375118,9.178507280349733,9.473002943992615,1.3333333333333337,4.333333333333391,5.933333333333334,2.0,1.0,
2019-11-26,96855,Kab. Sleman,NORMAL,NORMAL,LSTM_AUTOENCODER,0.22082161903381348,5.292897081375118,9.178507280349733,9.473002943992615,0.6666666666666667,4.000000000000057,5.000000000000001,2.0,1.0,
2019-11-27,96855,Kab. Sleman,NORMAL,NORMAL,LSTM_AUTOENCODER,0.2128317654132843,5.292897081375118,9.178507280349733,9.473002943992615,0.0,2.000000000000057,5.0,2.0,1.0,
2019-11-28,96855,Kab. Sleman,NORMAL,NORMAL,LSTM_AUTOENCODER,0.20006883144378662,5.292897081375118,9.178507280349733,9.473002943992615,0.0,0.6666666666667236,5.0,2.0,1.0,
2019-11-29,96855,Kab. Sleman,NORMAL,NORMAL,LSTM_AUTOENCODER,0.18880383670330048,5.292897081375118,9.178507280349733,9.473002943992615,0.0,0.0,5.0,2.0,1.0,
2019-11-30,96855,Kab. Sleman,NORMAL,NORMAL,LSTM_AUTOENCODER,0.18214207887649536,5.292897081375118,9.178507280349733,9.473002943992615,0.0,0.0,4.0,2.0,1.0,
2019-12-01,96855,Kab. Sleman,NORMAL,NORMAL,LSTM_AUTOENCODER,0.18268626928329468,5.292897081375118,9.178507280349733,9.473002943992615,7.0,7.000000000000057,9.0,2.0,1.0,
2019-12-02,96855,Kab. Sleman,NORMAL,NORMAL,LSTM_AUTOENCODER,0.1743052899837494,5.292897081375118,9.178507280349733,9.473002943992615,0.0,7.000000000000057,7.666666666666666,2.0,1.0,
2019-12-03,96855,Kab. Sleman,NORMAL,NORMAL,LSTM_AUTOENCODER,0.16857393085956573,5.292897081375118,9.178507280349733,9.473002943992615,0.0,7.000000000000057,7.0,2.0,1.0,
2019-12-04,96855,Kab. Sleman,NORMAL,NORMAL,LSTM_AUTOENCODER,0.1645168513059616,5.292897081375118,9.178507280349733,9.473002943992615,0.0,0.0,7.0,2.0,1.0,
2019-12-05,96855,Kab. Sleman,NORMAL,NORMAL,LSTM_AUTOENCODER,0.17466703057289124,5.292897081375118,9.178507280349733,9.473002943992615,0.0,0.0,7.0,2.0,1.0,
2019-12-06,96855,Kab. Sleman,NORMAL,NORMAL,LSTM_AUTOENCODER,0.1708873063325882,5.292897081375118,9.178507280349733,9.473002943992615,0.0,0.0,7.0,2.0,1.0,
2019-12-07,96855,Kab. Sleman,NORMAL,NORMAL,LSTM_AUTOENCODER,1.1001981496810913,5.292897081375118,9.178507280349733,9.473002943992615,82.3,82.30000000000005,89.3,2.0,1.0,
2019-12-08,96855,Kab. Sleman,NORMAL,NORMAL,LSTM_AUTOENCODER,1.4531112909317017,5.292897081375118,9.178507280349733,9.473002943992615,24.8,107.10000000000004,107.1,2.0,0.0,
2019-12-09,96855,Kab. Sleman,NORMAL,NORMAL,LSTM_AUTOENCODER,1.505004644393921,5.292897081375118,9.178507280349733,9.473002943992615,11.1,118.20000000000006,118.2,2.0,1.0,
2019-12-10,96855,Kab. Sleman,NORMAL,NORMAL,LSTM_AUTOENCODER,1.5329445600509644,5.292897081375118,9.178507280349733,9.473002943992615,0.0,35.900000000000055,118.2,3.0,1.0,
2019-12-11,96855,Kab. Sleman,NORMAL,NORMAL,LSTM_AUTOENCODER,1.5390880107879639,5.292897081375118,9.178507280349733,9.473002943992615,1.4,12.500000000000057,119.6,3.0,1.0,
2019-12-12,96855,Kab. Sleman,NORMAL,NORMAL,LSTM_AUTOENCODER,1.5437748432159424,5.292897081375118,9.178507280349733,9.473002943992615,2.7,4.1000000000000565,122.3,2.0,1.0,
2019-12-13,96855,Kab. Sleman,NORMAL,NORMAL,LSTM_AUTOENCODER,1.5488678216934204,5.292897081375118,9.178507280349733,9.473002943992615,1.0,5.1000000000000565,123.3,2.0,1.0,
2019-12-14,96855,Kab. Sleman,NORMAL,NORMAL,LSTM_AUTOENCODER,1.5280615091323853,5.292897081375118,9.178507280349733,9.473002943992615,0.0,3.700000000000057,41.0,3.0,1.0,
2019-12-15,96855,Kab. Sleman,NORMAL,NORMAL,LSTM_AUTOENCODER,1.6213804483413696,5.292897081375118,9.178507280349733,9.473002943992615,28.5,29.500000000000057,44.7,2.0,0.0,
2019-12-16,96855,Kab. Sleman,NORMAL,NORMAL,LSTM_AUTOENCODER,1.7056328058242798,5.292897081375118,9.178507280349733,9.473002943992615,0.0,28.500000000000057,33.599999999999994,2.0,0.0,
2019-12-17,96855,Kab. Sleman,NORMAL,NORMAL,LSTM_AUTOENCODER,1.7040830850601196,5.292897081375118,9.178507280349733,9.473002943992615,0.7,29.200000000000056,34.3,2.0,1.0,
2019-12-18,96855,Kab. Sleman,NORMAL,NORMAL,LSTM_AUTOENCODER,1.6955773830413818,5.292897081375118,9.178507280349733,9.473002943992615,7.4,8.100000000000058,40.3,2.0,1.0,
2019-12-19,96855,Kab. Sleman,NORMAL,NORMAL,LSTM_AUTOENCODER,1.697231411933899,5.292897081375118,9.178507280349733,9.473002943992615,13.500000000000002,21.60000000000006,51.1,2.0,1.0,
2019-12-20,96855,Kab. Sleman,NORMAL,NORMAL,LSTM_AUTOENCODER,1.7041820287704468,5.292897081375118,9.178507280349733,9.473002943992615,19.6,40.50000000000006,69.7,2.0,1.0,
2019-12-21,96855,Kab. Sleman,NORMAL,NORMAL,LSTM_AUTOENCODER,1.7470672130584717,5.292897081375118,9.178507280349733,9.473002943992615,0.0,33.100000000000065,69.7,3.0,1.0,
2019-12-22,96855,Kab. Sleman,NORMAL,NORMAL,LSTM_AUTOENCODER,1.7483664751052856,5.292897081375118,9.178507280349733,9.473002943992615,0.0,19.60000000000006,41.2,2.0,1.0,
2019-12-23,96855,Kab. Sleman,NORMAL,NORMAL,LSTM_AUTOENCODER,1.7517038583755493,5.292897081375118,9.178507280349733,9.473002943992615,1.1,1.100000000000057,42.3,2.0,1.0,
2019-12-24,96855,Kab. Sleman,NORMAL,NORMAL,LSTM_AUTOENCODER,1.755482792854309,5.292897081375118,9.178507280349733,9.473002943992615,1.4500000000000002,2.550000000000057,43.05,2.0,1.0,
2019-12-25,96855,Kab. Sleman,NORMAL,NORMAL,LSTM_AUTOENCODER,1.7898670434951782,5.292897081375118,9.178507280349733,9.473002943992615,1.8,4.350000000000057,37.45,0.0,0.0,
2019-12-26,96855,Kab. Sleman,NORMAL,NORMAL,LSTM_AUTOENCODER,1.8030338287353516,5.292897081375118,9.178507280349733,9.473002943992615,1.7,4.950000000000057,25.65,2.0,0.0,
2019-12-27,96855,Kab. Sleman,NORMAL,NORMAL,LSTM_AUTOENCODER,1.8149290084838867,5.292897081375118,9.178507280349733,9.473002943992615,0.0,3.500000000000057,6.050000000000001,2.0,1.0,
2019-12-28,96855,Kab. Sleman,NORMAL,NORMAL,LSTM_AUTOENCODER,1.868904948234558,5.292897081375118,9.178507280349733,9.473002943992615,20.4,22.10000000000005,26.45,2.0,1.0,
2019-12-29,96855,Kab. Sleman,NORMAL,NORMAL,LSTM_AUTOENCODER,1.905349612236023,5.292897081375118,9.178507280349733,9.473002943992615,2.0,22.400000000000052,28.45,2.0,0.0,
2019-12-30,96855,Kab. Sleman,NORMAL,NORMAL,LSTM_AUTOENCODER,1.9085880517959595,5.292897081375118,9.178507280349733,9.473002943992615,1.5,23.900000000000052,28.85,2.0,0.0,
2019-12-31,96855,Kab. Sleman,NORMAL,NORMAL,LSTM_AUTOENCODER,1.9109060764312744,5.292897081375118,9.178507280349733,9.473002943992615,1.0,4.500000000000057,28.4,2.0,0.0,
2020-01-01,96855,Kab. Sleman,NORMAL,NORMAL,LSTM_AUTOENCODER,1.9176461696624756,5.292897081375118,9.178507280349733,9.473002943992615,2.4,4.900000000000057,29.0,2.0,1.0,
2020-01-02,96855,Kab. Sleman,NORMAL,NORMAL,LSTM_AUTOENCODER,2.008408308029175,5.292897081375118,9.178507280349733,9.473002943992615,29.9,33.300000000000054,57.2,2.0,1.0,
2020-01-03,96855,Kab. Sleman,NORMAL,NORMAL,LSTM_AUTOENCODER,2.053654432296753,5.292897081375118,9.178507280349733,9.473002943992615,9.2,41.50000000000006,66.39999999999999,3.0,1.0,
2020-01-04,96855,Kab. Sleman,NORMAL,NORMAL,LSTM_AUTOENCODER,2.5486130714416504,5.292897081375118,9.178507280349733,9.473002943992615,67.2,106.30000000000008,113.2,4.0,2.0,
2020-01-05,96855,Kab. Sleman,NORMAL,NORMAL,LSTM_AUTOENCODER,2.979461193084717,5.292897081375118,9.178507280349733,9.473002943992615,3.0,79.40000000000005,114.2,3.0,1.0,
2020-01-06,96855,Kab. Sleman,NORMAL,NORMAL,LSTM_AUTOENCODER,2.071054458618164,5.292897081375118,9.178507280349733,9.473002943992615,11.4,81.60000000000007,124.1,2.0,2.0,
2020-01-07,96855,Kab. Sleman,NORMAL,NORMAL,LSTM_AUTOENCODER,1.8734829425811768,5.292897081375118,9.178507280349733,9.473002943992615,42.8,57.20000000000005,165.9,2.0,1.0,
2020-01-08,96855,Kab. Sleman,NORMAL,NORMAL,LSTM_AUTOENCODER,2.0294628143310547,5.292897081375118,9.178507280349733,9.473002943992615,0.6,54.80000000000005,164.1,4.0,1.0,
2020-01-09,96855,Kab. Sleman,NORMAL,NORMAL,LSTM_AUTOENCODER,2.0323574542999268,5.292897081375118,9.178507280349733,9.473002943992615,6.0,49.400000000000055,140.2,2.0,1.0,
2020-01-10,96855,Kab. Sleman,NORMAL,NORMAL,LSTM_AUTOENCODER,2.125178337097168,5.292897081375118,9.178507280349733,9.473002943992615,33.2,39.80000000000006,164.2,3.0,1.0,
2020-01-11,96855,Kab. Sleman,NORMAL,NORMAL,LSTM_AUTOENCODER,2.153686285018921,5.292897081375118,9.178507280349733,9.473002943992615,35.2,74.40000000000006,132.2,2.0,2.0,
2020-01-12,96855,Kab. Sleman,NORMAL,NORMAL,LSTM_AUTOENCODER,2.207036018371582,5.292897081375118,9.178507280349733,9.473002943992615,16.8,85.20000000000006,146.0,3.0,2.0,
2020-01-13,96855,Kab. Sleman,NORMAL,NORMAL,LSTM_AUTOENCODER,2.2566893100738525,5.292897081375118,9.178507280349733,9.473002943992615,0.0,52.00000000000006,134.6,3.0,2.0,
2020-01-14,96855,Kab. Sleman,NORMAL,NORMAL,LSTM_AUTOENCODER,2.1498820781707764,5.292897081375118,9.178507280349733,9.473002943992615,1.0,17.800000000000058,92.8,2.0,1.0,
2020-01-15,96855,Kab. Sleman,NORMAL,NORMAL,LSTM_AUTOENCODER,2.074664831161499,5.292897081375118,9.178507280349733,9.473002943992615,2.6,3.600000000000057,94.8,2.0,1.0,
2020-01-16,96855,Kab. Sleman,NORMAL,NORMAL,LSTM_AUTOENCODER,2.077139377593994,5.292897081375118,9.178507280349733,9.473002943992615,0.4,4.000000000000057,89.2,2.0,1.0,
2020-01-17,96855,Kab. Sleman,NORMAL,NORMAL,LSTM_AUTOENCODER,2.082864999771118,5.292897081375118,9.178507280349733,9.473002943992615,0.0,3.000000000000057,56.00000000000001,3.0,1.0,
2020-01-18,96855,Kab. Sleman,NORMAL,NORMAL,LSTM_AUTOENCODER,2.086458444595337,5.292897081375118,9.178507280349733,9.473002943992615,0.0,0.4000000000000568,20.8,2.0,1.0,
2020-01-19,96855,Kab. Sleman,NORMAL,NORMAL,LSTM_AUTOENCODER,2.074739694595337,5.292897081375118,9.178507280349733,9.473002943992615,0.0,0.0,4.0,2.0,1.0,
2020-01-20,96855,Kab. Sleman,NORMAL,NORMAL,LSTM_AUTOENCODER,2.038644790649414,5.292897081375118,9.178507280349733,9.473002943992615,0.0,0.0,4.0,3.0,1.0,
2020-01-21,96855,Kab. Sleman,NORMAL,NORMAL,LSTM_AUTOENCODER,2.042207956314087,5.292897081375118,9.178507280349733,9.473002943992615,0.0,0.0,3.0,2.0,1.0,
2020-01-22,96855,Kab. Sleman,NORMAL,NORMAL,LSTM_AUTOENCODER,2.0575945377349854,5.292897081375118,9.178507280349733,9.473002943992615,0.0,0.0,0.4,3.0,1.0,
2020-01-23,96855,Kab. Sleman,NORMAL,NORMAL,LSTM_AUTOENCODER,2.0643322467803955,5.292897081375118,9.178507280349733,9.473002943992615,0.0,0.0,0.0,2.0,0.0,
2020-01-24,96855,Kab. Sleman,NORMAL,NORMAL,LSTM_AUTOENCODER,2.040825605392456,5.292897081375118,9.178507280349733,9.473002943992615,1.2,1.2000000000000568,1.2,2.0,1.0,
2020-01-25,96855,Kab. Sleman,NORMAL,NORMAL,LSTM_AUTOENCODER,2.0479283332824707,5.292897081375118,9.178507280349733,9.473002943992615,2.4,3.6000000000000565,3.6,3.0,1.0,
2020-01-26,96855,Kab. Sleman,NORMAL,NORMAL,LSTM_AUTOENCODER,2.044130563735962,5.292897081375118,9.178507280349733,9.473002943992615,3.6,7.200000000000057,7.2,2.0,1.0,
2020-01-27,96855,Kab. Sleman,NORMAL,NORMAL,LSTM_AUTOENCODER,2.0685956478118896,5.292897081375118,9.178507280349733,9.473002943992615,29.0,35.00000000000006,36.2,2.0,1.0,
2020-01-28,96855,Kab. Sleman,NORMAL,NORMAL,LSTM_AUTOENCODER,2.071143388748169,5.292897081375118,9.178507280349733,9.473002943992615,9.4,42.00000000000006,45.6,2.0,1.0,
2020-01-29,96855,Kab. Sleman,NORMAL,NORMAL,LSTM_AUTOENCODER,2.081423044204712,5.292897081375118,9.178507280349733,9.473002943992615,2.8,41.20000000000006,48.4,2.0,1.0,
2020-01-30,96855,Kab. Sleman,NORMAL,NORMAL,LSTM_AUTOENCODER,2.1190669536590576,5.292897081375118,9.178507280349733,9.473002943992615,2.25,14.450000000000056,50.65,4.0,1.0,
2020-01-31,96855,Kab. Sleman,NORMAL,NORMAL,LSTM_AUTOENCODER,2.140362501144409,5.292897081375118,9.178507280349733,9.473002943992615,1.7,6.750000000000057,51.15,2.0,1.0,
2020-02-01,96855,Kab. Sleman,NORMAL,NORMAL,LSTM_AUTOENCODER,2.0570337772369385,5.292897081375118,9.178507280349733,9.473002943992615,7.5,11.450000000000056,56.25,2.0,1.0,
2020-02-02,96855,Kab. Sleman,NORMAL,NORMAL,LSTM_AUTOENCODER,2.0328011512756348,5.292897081375118,9.178507280349733,9.473002943992615,13.3,22.500000000000057,65.94999999999999,2.0,1.0,
2020-02-03,96855,Kab. Sleman,NORMAL,NORMAL,LSTM_AUTOENCODER,1.5024464130401611,5.292897081375118,9.178507280349733,9.473002943992615,19.1,39.90000000000006,56.05,2.0,1.0,
2020-02-04,96855,Kab. Sleman,NORMAL,NORMAL,LSTM_AUTOENCODER,1.125929355621338,5.292897081375118,9.178507280349733,9.473002943992615,1.0,33.40000000000006,47.65,2.0,1.0,
2020-02-05,96855,Kab. Sleman,NORMAL,NORMAL,LSTM_AUTOENCODER,1.1014798879623413,5.292897081375118,9.178507280349733,9.473002943992615,0.5,20.60000000000006,45.35,2.0,1.0,
2020-02-06,96855,Kab. Sleman,NORMAL,NORMAL,LSTM_AUTOENCODER,0.9311476945877075,5.292897081375118,9.178507280349733,9.473002943992615,0.0,1.5000000000000568,43.1,2.0,1.0,
2020-02-07,96855,Kab. Sleman,NORMAL,NORMAL,LSTM_AUTOENCODER,0.74591463804245,5.292897081375118,9.178507280349733,9.473002943992615,0.0,0.5000000000000568,41.4,3.0,1.0,
2020-02-08,96855,Kab. Sleman,NORMAL,NORMAL,LSTM_AUTOENCODER,0.7434608936309814,5.292897081375118,9.178507280349733,9.473002943992615,7.7,7.700000000000057,41.6,2.0,0.0,
2020-02-09,96855,Kab. Sleman,NORMAL,NORMAL,LSTM_AUTOENCODER,0.6424188613891602,5.292897081375118,9.178507280349733,9.473002943992615,15.4,23.10000000000006,43.7,2.0,1.0,
2020-02-10,96855,Kab. Sleman,NORMAL,NORMAL,LSTM_AUTOENCODER,0.5964598655700684,5.292897081375118,9.178507280349733,9.473002943992615,20.0,43.10000000000006,44.6,3.0,1.0,
2020-02-11,96855,Kab. Sleman,NORMAL,NORMAL,LSTM_AUTOENCODER,0.5609886646270752,5.292897081375118,9.178507280349733,9.473002943992615,1.2,36.60000000000006,44.8,3.0,1.0,
2020-02-12,96855,Kab. Sleman,NORMAL,NORMAL,LSTM_AUTOENCODER,0.5234629511833191,5.292897081375118,9.178507280349733,9.473002943992615,0.0,21.200000000000056,44.3,2.0,0.0,
2020-02-13,96855,Kab. Sleman,NORMAL,NORMAL,LSTM_AUTOENCODER,0.5209576487541199,5.292897081375118,9.178507280349733,9.473002943992615,6.2,7.400000000000057,50.5,2.0,0.0,
2020-02-14,96855,Kab. Sleman,NORMAL,NORMAL,LSTM_AUTOENCODER,0.5470377802848816,5.292897081375118,9.178507280349733,9.473002943992615,18.2,24.400000000000052,68.7,3.0,1.0,
2020-02-15,96855,Kab. Sleman,NORMAL,NORMAL,LSTM_AUTOENCODER,0.6725678443908691,5.292897081375118,9.178507280349733,9.473002943992615,43.0,67.40000000000006,104.0,2.0,1.0,
2020-02-16,96855,Kab. Sleman,NORMAL,NORMAL,LSTM_AUTOENCODER,0.7958189845085144,5.292897081375118,9.178507280349733,9.473002943992615,6.0,67.20000000000005,94.6,2.0,1.0,
2020-02-17,96855,Kab. Sleman,NORMAL,NORMAL,LSTM_AUTOENCODER,0.8174046277999878,5.292897081375118,9.178507280349733,9.473002943992615,3.2,52.20000000000006,77.8,4.0,2.0,
2020-02-18,96855,Kab. Sleman,NORMAL,NORMAL,LSTM_AUTOENCODER,0.8200685381889343,5.292897081375118,9.178507280349733,9.473002943992615,0.4,9.600000000000056,77.0,2.0,1.0,
2020-02-19,96855,Kab. Sleman,NORMAL,NORMAL,LSTM_AUTOENCODER,0.8587474226951599,5.292897081375118,9.178507280349733,9.473002943992615,22.1,25.70000000000006,99.1,2.0,1.0,
2020-02-20,96855,Kab. Sleman,NORMAL,NORMAL,LSTM_AUTOENCODER,0.9049860239028931,5.292897081375118,9.178507280349733,9.473002943992615,34.7,57.20000000000006,127.6,2.0,1.0,
2020-02-21,96855,Kab. Sleman,NORMAL,NORMAL,LSTM_AUTOENCODER,1.1978996992111206,5.292897081375118,9.178507280349733,9.473002943992615,70.5,127.30000000000008,179.9,2.0,1.0,
2020-02-22,96855,Kab. Sleman,NORMAL,NORMAL,LSTM_AUTOENCODER,1.351309895515442,5.292897081375118,9.178507280349733,9.473002943992615,58.3,163.50000000000006,195.2,2.0,1.0,
2020-02-23,96855,Kab. Sleman,NORMAL,NORMAL,LSTM_AUTOENCODER,1.4780246019363403,5.292897081375118,9.178507280349733,9.473002943992615,29.15,157.95000000000007,218.35,2.0,1.0,
2020-02-24,96855,Kab. Sleman,NORMAL,NORMAL,LSTM_AUTOENCODER,1.5660605430603027,5.292897081375118,9.178507280349733,9.473002943992615,0.0,87.45000000000005,215.15,2.0,0.0,
2020-02-25,96855,Kab. Sleman,NORMAL,NORMAL,LSTM_AUTOENCODER,1.9789609909057617,5.292897081375118,9.178507280349733,9.473002943992615,58.2,87.35000000000005,272.95,2.0,1.0,
2020-02-26,96855,Kab. Sleman,NORMAL,NORMAL,LSTM_AUTOENCODER,2.064239740371704,5.292897081375118,9.178507280349733,9.473002943992615,14.1,72.30000000000005,264.95,2.0,1.0,
2020-02-27,96855,Kab. Sleman,NORMAL,NORMAL,LSTM_AUTOENCODER,2.0398659706115723,5.292897081375118,9.178507280349733,9.473002943992615,5.0,77.30000000000005,235.25,2.0,1.0,
2020-02-28,96855,Kab. Sleman,NORMAL,NORMAL,LSTM_AUTOENCODER,2.0334229469299316,5.292897081375118,9.178507280349733,9.473002943992615,5.0,24.10000000000006,169.75,2.0,1.0,
2020-02-29,96855,Kab. Sleman,NORMAL,NORMAL,LSTM_AUTOENCODER,2.011765718460083,5.292897081375118,9.178507280349733,9.473002943992615,3.4,13.400000000000055,114.85,2.0,1.0,
2020-03-01,96855,Kab. Sleman,NORMAL,NORMAL,LSTM_AUTOENCODER,2.014594793319702,5.292897081375118,9.178507280349733,9.473002943992615,1.8,10.200000000000056,87.5,2.0,0.0,
2020-03-02,96855,Kab. Sleman,NORMAL,NORMAL,LSTM_AUTOENCODER,2.028140068054199,5.292897081375118,9.178507280349733,9.473002943992615,14.0,19.200000000000056,101.5,1.0,0.0,
2020-03-03,96855,Kab. Sleman,NORMAL,NORMAL,LSTM_AUTOENCODER,2.08327579498291,5.292897081375118,9.178507280349733,9.473002943992615,37.2,53.00000000000006,80.5,2.0,1.0,
2020-03-04,96855,Kab. Sleman,NORMAL,NORMAL,LSTM_AUTOENCODER,2.3092029094696045,5.292897081375118,9.178507280349733,9.473002943992615,71.4,122.60000000000008,137.8,2.0,1.0,
2020-03-05,96855,Kab. Sleman,NORMAL,NORMAL,LSTM_AUTOENCODER,2.7982945442199707,5.292897081375118,9.178507280349733,9.473002943992615,105.6,214.20000000000005,238.4,2.0,0.0,
2020-03-06,96855,Kab. Sleman,NORMAL,NORMAL,LSTM_AUTOENCODER,3.816816806793213,5.292897081375118,9.178507280349733,9.473002943992615,3.3,180.30000000000007,236.7,3.0,1.0,
2020-03-07,96855,Kab. Sleman,NORMAL,NORMAL,LSTM_AUTOENCODER,3.8249425888061523,5.292897081375118,9.178507280349733,9.473002943992615,1.6,110.50000000000006,234.9,2.0,1.0,
2020-03-08,96855,Kab. Sleman,NORMAL,NORMAL,LSTM_AUTOENCODER,3.8368659019470215,5.292897081375118,9.178507280349733,9.473002943992615,18.3,23.200000000000056,251.4,2.0,1.0,
2020-03-09,96855,Kab. Sleman,NORMAL,NORMAL,LSTM_AUTOENCODER,3.8318936824798584,5.292897081375118,9.178507280349733,9.473002943992615,13.0,32.900000000000055,250.4,3.0,1.0,
2020-03-10,96855,Kab. Sleman,NORMAL,NORMAL,LSTM_AUTOENCODER,3.849681854248047,5.292897081375118,9.178507280349733,9.473002943992615,33.1,64.40000000000006,246.3,2.0,1.0,
2020-03-11,96855,Kab. Sleman,NORMAL,NORMAL,LSTM_AUTOENCODER,3.934997081756592,5.292897081375118,9.178507280349733,9.473002943992615,0.2,46.30000000000006,175.1,2.0,0.0,
2020-03-12,96855,Kab. Sleman,NORMAL,NORMAL,LSTM_AUTOENCODER,4.117922782897949,5.292897081375118,9.178507280349733,9.473002943992615,47.0,80.30000000000005,116.5,2.0,1.0,
2020-03-13,96855,Kab. Sleman,NORMAL,NORMAL,LSTM_AUTOENCODER,4.3164167404174805,5.292897081375118,9.178507280349733,9.473002943992615,1.8,49.00000000000006,115.0,2.0,1.0,
2020-03-14,96855,Kab. Sleman,NORMAL,NORMAL,LSTM_AUTOENCODER,4.3504414558410645,5.292897081375118,9.178507280349733,9.473002943992615,0.9,49.70000000000006,114.3,2.0,1.0,
2020-03-15,96855,Kab. Sleman,NORMAL,NORMAL,LSTM_AUTOENCODER,4.374300003051758,5.292897081375118,9.178507280349733,9.473002943992615,0.0,2.700000000000057,96.0,2.0,1.0,
2020-03-16,96855,Kab. Sleman,NORMAL,NORMAL,LSTM_AUTOENCODER,4.282084941864014,5.292897081375118,9.178507280349733,9.473002943992615,0.0,0.9000000000000569,83.0,2.0,1.0,
2020-03-17,96855,Kab. Sleman,NORMAL,NORMAL,LSTM_AUTOENCODER,4.200430393218994,5.292897081375118,9.178507280349733,9.473002943992615,0.0,0.0,49.900000000000006,2.0,1.0,
2020-03-18,96855,Kab. Sleman,NORMAL,NORMAL,LSTM_AUTOENCODER,4.229616165161133,5.292897081375118,9.178507280349733,9.473002943992615,0.0,0.0,49.7,2.0,1.0,
2020-03-19,96855,Kab. Sleman,NORMAL,NORMAL,LSTM_AUTOENCODER,4.299778938293457,5.292897081375118,9.178507280349733,9.473002943992615,8.6,8.600000000000056,11.3,2.0,1.0,
2020-03-20,96855,Kab. Sleman,NORMAL,NORMAL,LSTM_AUTOENCODER,4.678193092346191,5.292897081375118,9.178507280349733,9.473002943992615,62.4,71.00000000000006,71.89999999999999,2.0,0.0,
2020-03-21,96855,Kab. Sleman,NORMAL,NORMAL,LSTM_AUTOENCODER,4.754507064819336,5.292897081375118,9.178507280349733,9.473002943992615,42.0,113.00000000000006,113.0,2.0,0.0,
2020-03-22,96855,Kab. Sleman,NORMAL,NORMAL,LSTM_AUTOENCODER,4.4914045333862305,5.292897081375118,9.178507280349733,9.473002943992615,30.6,135.00000000000006,143.6,2.0,1.0,
2020-03-23,96855,Kab. Sleman,NORMAL,NORMAL,LSTM_AUTOENCODER,4.334961414337158,5.292897081375118,9.178507280349733,9.473002943992615,19.2,91.80000000000004,162.79999999999998,2.0,0.0,
2020-03-24,96855,Kab. Sleman,NORMAL,NORMAL,LSTM_AUTOENCODER,4.218652725219727,5.292897081375118,9.178507280349733,9.473002943992615,4.6,54.400000000000055,167.39999999999998,2.0,1.0,
2020-03-25,96855,Kab. Sleman,NORMAL,NORMAL,LSTM_AUTOENCODER,5.0752854347229,5.292897081375118,9.178507280349733,9.473002943992615,90.3,114.10000000000004,257.7,2.0,0.0,
2020-03-26,96855,Kab. Sleman,WASPADA,CURAH_HUJAN_EKSTREM,LSTM_AUTOENCODER,5.322474002838135,5.292897081375118,9.178507280349733,9.473002943992615,3.9,98.80000000000004,253.0,2.0,0.0,Anomaly score above WASPADA threshold; Rainfall above local percentile threshold
2020-03-27,96855,Kab. Sleman,NORMAL,NORMAL,LSTM_AUTOENCODER,5.129384994506836,5.292897081375118,9.178507280349733,9.473002943992615,2.2,96.40000000000003,192.8,2.0,1.0,
2020-03-28,96855,Kab. Sleman,NORMAL,NORMAL,LSTM_AUTOENCODER,5.126587867736816,5.292897081375118,9.178507280349733,9.473002943992615,0.5,6.6000000000000565,151.29999999999998,2.0,1.0,
2020-03-29,96855,Kab. Sleman,NORMAL,NORMAL,LSTM_AUTOENCODER,5.162603855133057,5.292897081375118,9.178507280349733,9.473002943992615,4.3,7.000000000000057,125.0,2.0,0.0,
2020-03-30,96855,Kab. Sleman,NORMAL,NORMAL,LSTM_AUTOENCODER,5.2011799812316895,5.292897081375118,9.178507280349733,9.473002943992615,4.1,8.900000000000055,109.9,2.0,1.0,
2020-03-31,96855,Kab. Sleman,NORMAL,NORMAL,LSTM_AUTOENCODER,5.287271976470947,5.292897081375118,9.178507280349733,9.473002943992615,24.15,32.550000000000054,129.45,2.0,1.0,
2020-04-01,96855,Kab. Sleman,WASPADA,CURAH_HUJAN_EKSTREM,LSTM_AUTOENCODER,5.4091877937316895,5.292897081375118,9.178507280349733,9.473002943992615,44.2,72.45000000000006,83.35,2.0,0.0,Anomaly score above WASPADA threshold; Rainfall above local percentile threshold
2020-04-02,96855,Kab. Sleman,WASPADA,ANOMALI_CUACA,LSTM_AUTOENCODER,5.422918796539307,5.292897081375118,9.178507280349733,9.473002943992615,27.450000000000003,95.80000000000008,106.9,2.0,0.0,Anomaly score above WASPADA threshold
2020-04-03,96855,Kab. Sleman,NORMAL,NORMAL,LSTM_AUTOENCODER,5.16934061050415,5.292897081375118,9.178507280349733,9.473002943992615,10.7,82.35000000000007,115.4,2.0,0.0,
2020-04-04,96855,Kab. Sleman,NORMAL,NORMAL,LSTM_AUTOENCODER,4.490847587585449,5.292897081375118,9.178507280349733,9.473002943992615,14.0,52.15000000000006,128.9,2.0,0.0,
2020-04-05,96855,Kab. Sleman,NORMAL,NORMAL,LSTM_AUTOENCODER,3.44183087348938,5.292897081375118,9.178507280349733,9.473002943992615,7.7,32.400000000000055,132.3,2.0,1.0,
2020-04-06,96855,Kab. Sleman,NORMAL,NORMAL,LSTM_AUTOENCODER,3.5096383094787598,5.292897081375118,9.178507280349733,9.473002943992615,35.4,57.10000000000005,163.6,2.0,0.0,
2020-04-07,96855,Kab. Sleman,NORMAL,NORMAL,LSTM_AUTOENCODER,3.5550220012664795,5.292897081375118,9.178507280349733,9.473002943992615,6.2,49.30000000000006,145.65,2.0,1.0,
2020-04-08,96855,Kab. Sleman,NORMAL,NORMAL,LSTM_AUTOENCODER,3.5571441650390625,5.292897081375118,9.178507280349733,9.473002943992615,0.0,41.60000000000006,101.45,2.0,1.0,
2020-04-09,96855,Kab. Sleman,NORMAL,NORMAL,LSTM_AUTOENCODER,3.4818053245544434,5.292897081375118,9.178507280349733,9.473002943992615,0.0,6.200000000000057,74.0,2.0,1.0,
2020-04-10,96855,Kab. Sleman,NORMAL,NORMAL,LSTM_AUTOENCODER,3.4032726287841797,5.292897081375118,9.178507280349733,9.473002943992615,0.0,0.0,63.3,3.0,1.0,
2020-04-11,96855,Kab. Sleman,NORMAL,NORMAL,LSTM_AUTOENCODER,3.1180105209350586,5.292897081375118,9.178507280349733,9.473002943992615,1.4,1.4000000000000568,50.7,3.0,1.0,
2020-04-12,96855,Kab. Sleman,NORMAL,NORMAL,LSTM_AUTOENCODER,2.932981491088867,5.292897081375118,9.178507280349733,9.473002943992615,0.0,1.4000000000000568,43.0,2.0,1.0,
2020-04-13,96855,Kab. Sleman,NORMAL,NORMAL,LSTM_AUTOENCODER,2.948925733566284,5.292897081375118,9.178507280349733,9.473002943992615,0.0,1.4000000000000568,7.6,2.0,1.0,
2020-04-14,96855,Kab. Sleman,NORMAL,NORMAL,LSTM_AUTOENCODER,2.967526912689209,5.292897081375118,9.178507280349733,9.473002943992615,0.25,0.2500000000000568,1.65,2.0,1.0,
2020-04-15,96855,Kab. Sleman,NORMAL,NORMAL,LSTM_AUTOENCODER,2.9983325004577637,5.292897081375118,9.178507280349733,9.473002943992615,0.5,0.7500000000000568,2.15,2.0,1.0,
2020-04-16,96855,Kab. Sleman,NORMAL,NORMAL,LSTM_AUTOENCODER,3.0364139080047607,5.292897081375118,9.178507280349733,9.473002943992615,13.3,14.050000000000058,15.45,2.0,0.0,
2020-04-17,96855,Kab. Sleman,NORMAL,NORMAL,LSTM_AUTOENCODER,3.1005027294158936,5.292897081375118,9.178507280349733,9.473002943992615,27.1,40.90000000000006,42.55,2.0,1.0,
2020-04-18,96855,Kab. Sleman,NORMAL,NORMAL,LSTM_AUTOENCODER,3.196819543838501,5.292897081375118,9.178507280349733,9.473002943992615,40.9,81.30000000000005,82.05000000000001,2.0,1.0,
2020-04-19,96855,Kab. Sleman,NORMAL,NORMAL,LSTM_AUTOENCODER,2.957751512527466,5.292897081375118,9.178507280349733,9.473002943992615,0.0,68.00000000000006,82.05000000000001,2.0,0.0,
2020-04-20,96855,Kab. Sleman,NORMAL,NORMAL,LSTM_AUTOENCODER,2.855093002319336,5.292897081375118,9.178507280349733,9.473002943992615,1.4,42.30000000000005,83.45,2.0,0.0,
2020-04-21,96855,Kab. Sleman,NORMAL,NORMAL,LSTM_AUTOENCODER,2.8021883964538574,5.292897081375118,9.178507280349733,9.473002943992615,2.8,4.200000000000056,86.0,2.0,1.0,
2020-04-22,96855,Kab. Sleman,NORMAL,NORMAL,LSTM_AUTOENCODER,2.7960145473480225,5.292897081375118,9.178507280349733,9.473002943992615,0.0,4.200000000000056,85.5,2.0,1.0,
2020-04-23,96855,Kab. Sleman,NORMAL,NORMAL,LSTM_AUTOENCODER,2.8012728691101074,5.292897081375118,9.178507280349733,9.473002943992615,0.1,2.9000000000000568,72.30000000000001,2.0,1.0,
2020-04-24,96855,Kab. Sleman,NORMAL,NORMAL,LSTM_AUTOENCODER,1.7488055229187012,5.292897081375118,9.178507280349733,9.473002943992615,9.1,9.200000000000056,54.3,2.0,1.0,
2020-04-25,96855,Kab. Sleman,NORMAL,NORMAL,LSTM_AUTOENCODER,1.0258574485778809,5.292897081375118,9.178507280349733,9.473002943992615,0.0,9.200000000000056,13.4,2.0,1.0,
2020-04-26,96855,Kab. Sleman,NORMAL,NORMAL,LSTM_AUTOENCODER,1.0129454135894775,5.292897081375118,9.178507280349733,9.473002943992615,7.1,16.200000000000056,20.5,2.0,1.0,
2020-04-27,96855,Kab. Sleman,NORMAL,NORMAL,LSTM_AUTOENCODER,1.026951789855957,5.292897081375118,9.178507280349733,9.473002943992615,0.0,7.1000000000000565,19.1,2.0,1.0,
2020-04-28,96855,Kab. Sleman,NORMAL,NORMAL,LSTM_AUTOENCODER,1.0502140522003174,5.292897081375118,9.178507280349733,9.473002943992615,12.4,19.500000000000057,28.7,2.0,0.0,
2020-04-29,96855,Kab. Sleman,NORMAL,NORMAL,LSTM_AUTOENCODER,1.0666134357452393,5.292897081375118,9.178507280349733,9.473002943992615,6.800000000000001,19.20000000000006,35.5,2.0,1.0,
2020-04-30,96855,Kab. Sleman,NORMAL,NORMAL,LSTM_AUTOENCODER,1.0193947553634644,5.292897081375118,9.178507280349733,9.473002943992615,1.2,20.40000000000006,36.6,2.0,1.0,
2020-05-01,96855,Kab. Sleman,NORMAL,NORMAL,LSTM_AUTOENCODER,0.902126133441925,5.292897081375118,9.178507280349733,9.473002943992615,0.0,8.000000000000057,27.5,2.0,0.0,
2020-05-02,96855,Kab. Sleman,NORMAL,NORMAL,LSTM_AUTOENCODER,0.830093264579773,5.292897081375118,9.178507280349733,9.473002943992615,0.0,1.2000000000000568,27.5,2.0,1.0,
2020-05-03,96855,Kab. Sleman,NORMAL,NORMAL,LSTM_AUTOENCODER,0.7954269647598267,5.292897081375118,9.178507280349733,9.473002943992615,0.0,0.0,20.4,2.0,0.0,
2020-05-04,96855,Kab. Sleman,NORMAL,NORMAL,LSTM_AUTOENCODER,0.7920284271240234,5.292897081375118,9.178507280349733,9.473002943992615,0.0,0.0,20.4,2.0,1.0,
2020-05-05,96855,Kab. Sleman,NORMAL,NORMAL,LSTM_AUTOENCODER,0.7853400707244873,5.292897081375118,9.178507280349733,9.473002943992615,0.0,0.0,8.0,2.0,1.0,
2020-05-06,96855,Kab. Sleman,NORMAL,NORMAL,LSTM_AUTOENCODER,0.7504393458366394,5.292897081375118,9.178507280349733,9.473002943992615,28.0,28.000000000000057,29.2,2.0,1.0,
2020-05-07,96855,Kab. Sleman,NORMAL,NORMAL,LSTM_AUTOENCODER,0.6798480153083801,5.292897081375118,9.178507280349733,9.473002943992615,20.5,48.50000000000006,48.5,2.0,1.0,
2020-05-08,96855,Kab. Sleman,NORMAL,NORMAL,LSTM_AUTOENCODER,0.7068965435028076,5.292897081375118,9.178507280349733,9.473002943992615,0.0,48.50000000000006,48.5,2.0,1.0,
2020-05-09,96855,Kab. Sleman,NORMAL,NORMAL,LSTM_AUTOENCODER,0.8278633952140808,5.292897081375118,9.178507280349733,9.473002943992615,31.2,51.70000000000006,79.7,2.0,0.0,
2020-05-10,96855,Kab. Sleman,NORMAL,NORMAL,LSTM_AUTOENCODER,0.8496397733688354,5.292897081375118,9.178507280349733,9.473002943992615,29.6,60.80000000000005,109.3,2.0,0.0,
2020-05-11,96855,Kab. Sleman,NORMAL,NORMAL,LSTM_AUTOENCODER,0.9289928078651428,5.292897081375118,9.178507280349733,9.473002943992615,1.8,62.60000000000006,111.1,2.0,1.0,
2020-05-12,96855,Kab. Sleman,NORMAL,NORMAL,LSTM_AUTOENCODER,1.5917162895202637,5.292897081375118,9.178507280349733,9.473002943992615,72.0,103.40000000000006,183.1,2.0,1.0,
2020-05-13,96855,Kab. Sleman,NORMAL,NORMAL,LSTM_AUTOENCODER,2.092799425125122,5.292897081375118,9.178507280349733,9.473002943992615,0.0,73.80000000000007,155.1,2.0,1.0,
2020-05-14,96855,Kab. Sleman,NORMAL,NORMAL,LSTM_AUTOENCODER,2.1102454662323,5.292897081375118,9.178507280349733,9.473002943992615,0.0,72.00000000000006,134.6,2.0,1.0,
2020-05-15,96855,Kab. Sleman,NORMAL,NORMAL,LSTM_AUTOENCODER,2.126859188079834,5.292897081375118,9.178507280349733,9.473002943992615,0.0,0.0,134.6,2.0,1.0,
2020-05-16,96855,Kab. Sleman,NORMAL,NORMAL,LSTM_AUTOENCODER,2.1259522438049316,5.292897081375118,9.178507280349733,9.473002943992615,0.0,0.0,103.4,2.0,1.0,
2020-05-17,96855,Kab. Sleman,NORMAL,NORMAL,LSTM_AUTOENCODER,2.0834577083587646,5.292897081375118,9.178507280349733,9.473002943992615,0.0,0.0,73.8,2.0,1.0,
2020-05-18,96855,Kab. Sleman,NORMAL,NORMAL,LSTM_AUTOENCODER,1.9883966445922852,5.292897081375118,9.178507280349733,9.473002943992615,0.0,0.0,72.0,2.0,1.0,
2020-05-19,96855,Kab. Sleman,NORMAL,NORMAL,LSTM_AUTOENCODER,2.1185684204101562,5.292897081375118,9.178507280349733,9.473002943992615,49.0,49.00000000000006,49.0,2.0,1.0,
2020-05-20,96855,Kab. Sleman,NORMAL,NORMAL,LSTM_AUTOENCODER,2.2681493759155273,5.292897081375118,9.178507280349733,9.473002943992615,9.0,58.00000000000006,58.0,2.0,0.0,
2020-05-21,96855,Kab. Sleman,NORMAL,NORMAL,LSTM_AUTOENCODER,2.280252456665039,5.292897081375118,9.178507280349733,9.473002943992615,19.9,77.90000000000006,77.9,2.0,1.0,
2020-05-22,96855,Kab. Sleman,NORMAL,NORMAL,LSTM_AUTOENCODER,2.318814992904663,5.292897081375118,9.178507280349733,9.473002943992615,0.0,28.900000000000052,77.9,3.0,1.0,
2020-05-23,96855,Kab. Sleman,NORMAL,NORMAL,LSTM_AUTOENCODER,2.320948362350464,5.292897081375118,9.178507280349733,9.473002943992615,0.0,19.900000000000052,77.9,2.0,1.0,
2020-05-24,96855,Kab. Sleman,NORMAL,NORMAL,LSTM_AUTOENCODER,2.3100409507751465,5.292897081375118,9.178507280349733,9.473002943992615,0.0,0.0,77.9,2.0,1.0,
2020-05-25,96855,Kab. Sleman,NORMAL,NORMAL,LSTM_AUTOENCODER,2.3115525245666504,5.292897081375118,9.178507280349733,9.473002943992615,0.0,0.0,77.9,2.0,1.0,
2020-05-26,96855,Kab. Sleman,NORMAL,NORMAL,LSTM_AUTOENCODER,2.323284387588501,5.292897081375118,9.178507280349733,9.473002943992615,0.8,0.8000000000000569,29.7,2.0,0.0,
2020-05-27,96855,Kab. Sleman,NORMAL,NORMAL,LSTM_AUTOENCODER,2.3233869075775146,5.292897081375118,9.178507280349733,9.473002943992615,0.3,1.100000000000057,21.0,2.0,1.0,
2020-05-28,96855,Kab. Sleman,NORMAL,NORMAL,LSTM_AUTOENCODER,2.309868812561035,5.292897081375118,9.178507280349733,9.473002943992615,0.2,1.3000000000000569,1.3,2.0,1.0,
2020-05-29,96855,Kab. Sleman,NORMAL,NORMAL,LSTM_AUTOENCODER,2.308070182800293,5.292897081375118,9.178507280349733,9.473002943992615,2.4,2.9000000000000568,3.7,2.0,1.0,
2020-05-30,96855,Kab. Sleman,NORMAL,NORMAL,LSTM_AUTOENCODER,2.309865713119507,5.292897081375118,9.178507280349733,9.473002943992615,0.0,2.600000000000057,3.7,2.0,1.0,
2020-05-31,96855,Kab. Sleman,NORMAL,NORMAL,LSTM_AUTOENCODER,2.3215293884277344,5.292897081375118,9.178507280349733,9.473002943992615,11.2,13.600000000000056,14.9,2.0,1.0,
2020-06-01,96855,Kab. Sleman,NORMAL,NORMAL,LSTM_AUTOENCODER,2.3423588275909424,5.292897081375118,9.178507280349733,9.473002943992615,0.0,11.200000000000056,14.9,2.0,1.0,
2020-06-02,96855,Kab. Sleman,NORMAL,NORMAL,LSTM_AUTOENCODER,2.3465850353240967,5.292897081375118,9.178507280349733,9.473002943992615,0.0,11.200000000000056,14.099999999999998,2.0,0.0,
2020-06-03,96855,Kab. Sleman,NORMAL,NORMAL,LSTM_AUTOENCODER,2.3587770462036133,5.292897081375118,9.178507280349733,9.473002943992615,0.0,0.0,13.8,3.0,1.0,
2020-06-04,96855,Kab. Sleman,NORMAL,NORMAL,LSTM_AUTOENCODER,2.3732566833496094,5.292897081375118,9.178507280349733,9.473002943992615,0.0,0.0,13.599999999999998,2.0,1.0,
2020-06-05,96855,Kab. Sleman,NORMAL,NORMAL,LSTM_AUTOENCODER,2.2863216400146484,5.292897081375118,9.178507280349733,9.473002943992615,0.0,0.0,11.2,2.0,1.0,
2020-06-06,96855,Kab. Sleman,NORMAL,NORMAL,LSTM_AUTOENCODER,2.277346611022949,5.292897081375118,9.178507280349733,9.473002943992615,2.4,2.4000000000000568,13.6,3.0,1.0,
2020-06-07,96855,Kab. Sleman,NORMAL,NORMAL,LSTM_AUTOENCODER,2.250814437866211,5.292897081375118,9.178507280349733,9.473002943992615,0.2,2.600000000000057,2.6,2.0,0.0,
2020-06-08,96855,Kab. Sleman,NORMAL,NORMAL,LSTM_AUTOENCODER,2.1298229694366455,5.292897081375118,9.178507280349733,9.473002943992615,0.0,2.600000000000057,2.6,2.0,1.0,
2020-06-09,96855,Kab. Sleman,NORMAL,NORMAL,LSTM_AUTOENCODER,2.100170850753784,5.292897081375118,9.178507280349733,9.473002943992615,0.0,0.2000000000000568,2.6,2.0,0.0,
2020-06-10,96855,Kab. Sleman,NORMAL,NORMAL,LSTM_AUTOENCODER,2.025371551513672,5.292897081375118,9.178507280349733,9.473002943992615,0.0,0.0,2.6,2.0,1.0,
2020-06-11,96855,Kab. Sleman,NORMAL,NORMAL,LSTM_AUTOENCODER,1.3171688318252563,5.292897081375118,9.178507280349733,9.473002943992615,0.0,0.0,2.6,2.0,1.0,
2020-06-12,96855,Kab. Sleman,NORMAL,NORMAL,LSTM_AUTOENCODER,0.8147569894790649,5.292897081375118,9.178507280349733,9.473002943992615,0.0,0.0,2.6,2.0,0.0,
2020-06-13,96855,Kab. Sleman,NORMAL,NORMAL,LSTM_AUTOENCODER,0.8008726835250854,5.292897081375118,9.178507280349733,9.473002943992615,0.0,0.0,0.2,2.0,1.0,
2020-06-14,96855,Kab. Sleman,NORMAL,NORMAL,LSTM_AUTOENCODER,0.791547954082489,5.292897081375118,9.178507280349733,9.473002943992615,0.0,0.0,0.0,2.0,1.0,
2020-06-15,96855,Kab. Sleman,NORMAL,NORMAL,LSTM_AUTOENCODER,0.7899964451789856,5.292897081375118,9.178507280349733,9.473002943992615,0.0,0.0,0.0,3.0,1.0,
2020-06-16,96855,Kab. Sleman,NORMAL,NORMAL,LSTM_AUTOENCODER,0.7939714193344116,5.292897081375118,9.178507280349733,9.473002943992615,0.0,0.0,0.0,2.0,1.0,
2020-06-17,96855,Kab. Sleman,NORMAL,NORMAL,LSTM_AUTOENCODER,0.7889754772186279,5.292897081375118,9.178507280349733,9.473002943992615,0.0,0.0,0.0,2.0,1.0,
2020-06-18,96855,Kab. Sleman,NORMAL,NORMAL,LSTM_AUTOENCODER,0.4611017405986786,5.292897081375118,9.178507280349733,9.473002943992615,0.0,0.0,0.0,2.0,1.0,
2020-06-19,96855,Kab. Sleman,NORMAL,NORMAL,LSTM_AUTOENCODER,0.31100499629974365,5.292897081375118,9.178507280349733,9.473002943992615,0.0,0.0,0.0,2.0,1.0,
2020-06-20,96855,Kab. Sleman,NORMAL,NORMAL,LSTM_AUTOENCODER,0.27080410718917847,5.292897081375118,9.178507280349733,9.473002943992615,0.3333333333333333,0.3333333333333901,0.3333333333333333,2.0,0.0,
2020-06-21,96855,Kab. Sleman,NORMAL,NORMAL,LSTM_AUTOENCODER,0.2266184687614441,5.292897081375118,9.178507280349733,9.473002943992615,0.6666666666666666,1.0000000000000568,1.0,2.0,0.0,
2020-06-22,96855,Kab. Sleman,NORMAL,NORMAL,LSTM_AUTOENCODER,0.2206890732049942,5.292897081375118,9.178507280349733,9.473002943992615,1.0,2.000000000000057,2.0,2.0,1.0,
2020-06-23,96855,Kab. Sleman,NORMAL,NORMAL,LSTM_AUTOENCODER,0.2172413021326065,5.292897081375118,9.178507280349733,9.473002943992615,0.0,1.6666666666667234,2.0,2.0,1.0,
2020-06-24,96855,Kab. Sleman,NORMAL,NORMAL,LSTM_AUTOENCODER,0.21128970384597778,5.292897081375118,9.178507280349733,9.473002943992615,0.1,1.1000000000000567,2.1,2.0,1.0,
2020-06-25,96855,Kab. Sleman,NORMAL,NORMAL,LSTM_AUTOENCODER,0.2058066874742508,5.292897081375118,9.178507280349733,9.473002943992615,0.0,0.1000000000000567,2.1,3.0,1.0,
2020-06-26,96855,Kab. Sleman,NORMAL,NORMAL,LSTM_AUTOENCODER,0.206722229719162,5.292897081375118,9.178507280349733,9.473002943992615,0.0,0.1000000000000567,2.1,2.0,1.0,
2020-06-27,96855,Kab. Sleman,NORMAL,NORMAL,LSTM_AUTOENCODER,0.20934736728668213,5.292897081375118,9.178507280349733,9.473002943992615,0.0,0.0,1.7666666666666666,2.0,1.0,
2020-06-28,96855,Kab. Sleman,NORMAL,NORMAL,LSTM_AUTOENCODER,0.20381860435009003,5.292897081375118,9.178507280349733,9.473002943992615,0.0,0.0,1.1,2.0,1.0,
2020-06-29,96855,Kab. Sleman,NORMAL,NORMAL,LSTM_AUTOENCODER,0.19707997143268585,5.292897081375118,9.178507280349733,9.473002943992615,0.0,0.0,0.0999999999999999,2.0,1.0,
2020-06-30,96855,Kab. Sleman,NORMAL,NORMAL,LSTM_AUTOENCODER,0.1796535700559616,5.292897081375118,9.178507280349733,9.473002943992615,0.0,0.0,0.0999999999999999,2.0,1.0,
2020-07-01,96855,Kab. Sleman,NORMAL,NORMAL,LSTM_AUTOENCODER,0.16020828485488892,5.292897081375118,9.178507280349733,9.473002943992615,0.0,0.0,0.0,2.0,1.0,
2020-07-02,96855,Kab. Sleman,NORMAL,NORMAL,LSTM_AUTOENCODER,0.16216601431369781,5.292897081375118,9.178507280349733,9.473002943992615,0.0,0.0,0.0,2.0,1.0,
2020-07-03,96855,Kab. Sleman,NORMAL,NORMAL,LSTM_AUTOENCODER,0.15347038209438324,5.292897081375118,9.178507280349733,9.473002943992615,0.0,0.0,0.0,2.0,1.0,
2020-07-04,96855,Kab. Sleman,NORMAL,NORMAL,LSTM_AUTOENCODER,0.1513383984565735,5.292897081375118,9.178507280349733,9.473002943992615,0.0,0.0,0.0,2.0,1.0,
2020-07-05,96855,Kab. Sleman,NORMAL,NORMAL,LSTM_AUTOENCODER,0.14131207764148712,5.292897081375118,9.178507280349733,9.473002943992615,0.0,0.0,0.0,2.0,1.0,
2020-07-06,96855,Kab. Sleman,NORMAL,NORMAL,LSTM_AUTOENCODER,0.13722358644008636,5.292897081375118,9.178507280349733,9.473002943992615,0.05,0.0500000000000567,0.0499999999999998,2.0,1.0,
2020-07-07,96855,Kab. Sleman,NORMAL,NORMAL,LSTM_AUTOENCODER,0.13995516300201416,5.292897081375118,9.178507280349733,9.473002943992615,0.1,0.1500000000000567,0.1499999999999999,2.0,1.0,
2020-07-08,96855,Kab. Sleman,NORMAL,NORMAL,LSTM_AUTOENCODER,0.13896183669567108,5.292897081375118,9.178507280349733,9.473002943992615,0.0,0.1500000000000567,0.1499999999999999,2.0,1.0,
2020-07-09,96855,Kab. Sleman,NORMAL,NORMAL,LSTM_AUTOENCODER,0.14252570271492004,5.292897081375118,9.178507280349733,9.473002943992615,0.0,0.1000000000000567,0.1499999999999999,2.0,1.0,
2020-07-10,96855,Kab. Sleman,NORMAL,NORMAL,LSTM_AUTOENCODER,0.14129139482975006,5.292897081375118,9.178507280349733,9.473002943992615,0.0,0.0,0.1499999999999999,2.0,1.0,
2020-07-11,96855,Kab. Sleman,NORMAL,NORMAL,LSTM_AUTOENCODER,0.13426586985588074,5.292897081375118,9.178507280349733,9.473002943992615,0.0,0.0,0.1499999999999999,2.0,1.0,
2020-07-12,96855,Kab. Sleman,NORMAL,NORMAL,LSTM_AUTOENCODER,0.13520413637161255,5.292897081375118,9.178507280349733,9.473002943992615,0.0,0.0,0.1499999999999999,2.0,1.0,
2020-07-13,96855,Kab. Sleman,NORMAL,NORMAL,LSTM_AUTOENCODER,0.13277530670166016,5.292897081375118,9.178507280349733,9.473002943992615,0.0,0.0,0.0999999999999999,2.0,1.0,
2020-07-14,96855,Kab. Sleman,NORMAL,NORMAL,LSTM_AUTOENCODER,0.13239888846874237,5.292897081375118,9.178507280349733,9.473002943992615,0.0,0.0,0.0,2.0,1.0,
2020-07-15,96855,Kab. Sleman,NORMAL,NORMAL,LSTM_AUTOENCODER,0.1325480341911316,5.292897081375118,9.178507280349733,9.473002943992615,3.2,3.200000000000057,3.2,2.0,1.0,
2020-07-16,96855,Kab. Sleman,NORMAL,NORMAL,LSTM_AUTOENCODER,0.12503884732723236,5.292897081375118,9.178507280349733,9.473002943992615,2.4000000000000004,5.600000000000057,5.6000000000000005,2.0,1.0,
2020-07-17,96855,Kab. Sleman,NORMAL,NORMAL,LSTM_AUTOENCODER,0.12280745059251785,5.292897081375118,9.178507280349733,9.473002943992615,1.6,7.200000000000058,7.200000000000001,2.0,1.0,
2020-07-18,96855,Kab. Sleman,NORMAL,NORMAL,LSTM_AUTOENCODER,0.11937549710273743,5.292897081375118,9.178507280349733,9.473002943992615,0.7999999999999998,4.8000000000000576,8.0,2.0,1.0,
2020-07-19,96855,Kab. Sleman,NORMAL,NORMAL,LSTM_AUTOENCODER,0.11780969798564911,5.292897081375118,9.178507280349733,9.473002943992615,0.0,2.4000000000000568,8.0,3.0,1.0,
2020-07-20,96855,Kab. Sleman,NORMAL,NORMAL,LSTM_AUTOENCODER,0.12118452787399292,5.292897081375118,9.178507280349733,9.473002943992615,0.0,0.8000000000000567,8.0,2.0,1.0,
2020-07-21,96855,Kab. Sleman,NORMAL,NORMAL,LSTM_AUTOENCODER,0.12540026009082794,5.292897081375118,9.178507280349733,9.473002943992615,0.0,0.0,8.0,2.0,1.0,
2020-07-22,96855,Kab. Sleman,NORMAL,NORMAL,LSTM_AUTOENCODER,0.12493523955345154,5.292897081375118,9.178507280349733,9.473002943992615,0.0,0.0,4.800000000000001,2.0,1.0,
2020-07-23,96855,Kab. Sleman,NORMAL,NORMAL,LSTM_AUTOENCODER,0.13096240162849426,5.292897081375118,9.178507280349733,9.473002943992615,0.0,0.0,2.4,2.0,1.0,
2020-07-24,96855,Kab. Sleman,NORMAL,NORMAL,LSTM_AUTOENCODER,0.13140004873275757,5.292897081375118,9.178507280349733,9.473002943992615,0.0,0.0,0.7999999999999998,2.0,0.0,
2020-07-25,96855,Kab. Sleman,NORMAL,NORMAL,LSTM_AUTOENCODER,0.13032475113868713,5.292897081375118,9.178507280349733,9.473002943992615,0.0,0.0,0.0,2.0,1.0,
2020-07-26,96855,Kab. Sleman,NORMAL,NORMAL,LSTM_AUTOENCODER,0.13272452354431152,5.292897081375118,9.178507280349733,9.473002943992615,0.0,0.0,0.0,2.0,1.0,
2020-07-27,96855,Kab. Sleman,NORMAL,NORMAL,LSTM_AUTOENCODER,0.13212083280086517,5.292897081375118,9.178507280349733,9.473002943992615,0.0,0.0,0.0,2.0,1.0,
2020-07-28,96855,Kab. Sleman,NORMAL,NORMAL,LSTM_AUTOENCODER,0.14094661176204681,5.292897081375118,9.178507280349733,9.473002943992615,0.0,0.0,0.0,3.0,1.0,
2020-07-29,96855,Kab. Sleman,NORMAL,NORMAL,LSTM_AUTOENCODER,0.14417237043380737,5.292897081375118,9.178507280349733,9.473002943992615,0.0,0.0,0.0,2.0,1.0,
2020-07-30,96855,Kab. Sleman,NORMAL,NORMAL,LSTM_AUTOENCODER,0.15180987119674683,5.292897081375118,9.178507280349733,9.473002943992615,0.0,0.0,0.0,2.0,1.0,
2020-07-31,96855,Kab. Sleman,NORMAL,NORMAL,LSTM_AUTOENCODER,0.16371943056583405,5.292897081375118,9.178507280349733,9.473002943992615,0.0,0.0,0.0,3.0,1.0,
2020-08-01,96855,Kab. Sleman,NORMAL,NORMAL,LSTM_AUTOENCODER,0.16647015511989594,5.292897081375118,9.178507280349733,9.473002943992615,0.0,0.0,0.0,3.0,1.0,
2020-08-02,96855,Kab. Sleman,NORMAL,NORMAL,LSTM_AUTOENCODER,0.16778366267681122,5.292897081375118,9.178507280349733,9.473002943992615,0.0,0.0,0.0,3.0,1.0,
2020-08-03,96855,Kab. Sleman,NORMAL,NORMAL,LSTM_AUTOENCODER,0.1733066737651825,5.292897081375118,9.178507280349733,9.473002943992615,0.0,0.0,0.0,2.0,1.0,
2020-08-04,96855,Kab. Sleman,NORMAL,NORMAL,LSTM_AUTOENCODER,0.1693696826696396,5.292897081375118,9.178507280349733,9.473002943992615,0.0,0.0,0.0,2.0,1.0,
2020-08-05,96855,Kab. Sleman,NORMAL,NORMAL,LSTM_AUTOENCODER,0.1728772670030594,5.292897081375118,9.178507280349733,9.473002943992615,0.0,0.0,0.0,2.0,1.0,
2020-08-06,96855,Kab. Sleman,NORMAL,NORMAL,LSTM_AUTOENCODER,0.1700514405965805,5.292897081375118,9.178507280349733,9.473002943992615,0.0,0.0,0.0,2.0,0.0,
2020-08-07,96855,Kab. Sleman,NORMAL,NORMAL,LSTM_AUTOENCODER,0.16766862571239471,5.292897081375118,9.178507280349733,9.473002943992615,0.0,0.0,0.0,2.0,1.0,
2020-08-08,96855,Kab. Sleman,NORMAL,NORMAL,LSTM_AUTOENCODER,0.16928870975971222,5.292897081375118,9.178507280349733,9.473002943992615,2.2,2.200000000000057,2.2,3.0,1.0,
2020-08-09,96855,Kab. Sleman,NORMAL,NORMAL,LSTM_AUTOENCODER,0.1715504676103592,5.292897081375118,9.178507280349733,9.473002943992615,4.4,6.600000000000057,6.6000000000000005,3.0,1.0,
2020-08-10,96855,Kab. Sleman,NORMAL,NORMAL,LSTM_AUTOENCODER,0.17582757771015167,5.292897081375118,9.178507280349733,9.473002943992615,6.6000000000000005,13.200000000000058,13.2,2.0,1.0,
2020-08-11,96855,Kab. Sleman,NORMAL,NORMAL,LSTM_AUTOENCODER,0.18367674946784973,5.292897081375118,9.178507280349733,9.473002943992615,8.8,19.800000000000058,22.0,2.0,1.0,
2020-08-12,96855,Kab. Sleman,NORMAL,NORMAL,LSTM_AUTOENCODER,0.20033863186836243,5.292897081375118,9.178507280349733,9.473002943992615,11.0,26.40000000000006,33.0,2.0,1.0,
2020-08-13,96855,Kab. Sleman,NORMAL,NORMAL,LSTM_AUTOENCODER,0.22183766961097717,5.292897081375118,9.178507280349733,9.473002943992615,0.1,19.90000000000006,33.1,2.0,1.0,
2020-08-14,96855,Kab. Sleman,NORMAL,NORMAL,LSTM_AUTOENCODER,0.22064082324504852,5.292897081375118,9.178507280349733,9.473002943992615,0.0,11.100000000000056,33.1,2.0,1.0,
2020-08-15,96855,Kab. Sleman,NORMAL,NORMAL,LSTM_AUTOENCODER,0.23571211099624634,5.292897081375118,9.178507280349733,9.473002943992615,2.4,2.500000000000057,33.300000000000004,3.0,1.0,
2020-08-16,96855,Kab. Sleman,NORMAL,NORMAL,LSTM_AUTOENCODER,0.2463703453540802,5.292897081375118,9.178507280349733,9.473002943992615,0.0,2.4000000000000568,28.9,2.0,1.0,
2020-08-17,96855,Kab. Sleman,NORMAL,NORMAL,LSTM_AUTOENCODER,0.2583933174610138,5.292897081375118,9.178507280349733,9.473002943992615,0.2,2.600000000000057,22.5,2.0,1.0,
2020-08-18,96855,Kab. Sleman,NORMAL,NORMAL,LSTM_AUTOENCODER,0.2556845545768738,5.292897081375118,9.178507280349733,9.473002943992615,0.1,0.3000000000000569,13.8,2.0,1.0,
2020-08-19,96855,Kab. Sleman,NORMAL,NORMAL,LSTM_AUTOENCODER,0.2662166357040405,5.292897081375118,9.178507280349733,9.473002943992615,0.0,0.3000000000000569,2.8,3.0,2.0,
2020-08-20,96855,Kab. Sleman,NORMAL,NORMAL,LSTM_AUTOENCODER,0.2717817723751068,5.292897081375118,9.178507280349733,9.473002943992615,0.0,0.1000000000000568,2.7,3.0,1.0,
2020-08-21,96855,Kab. Sleman,NORMAL,NORMAL,LSTM_AUTOENCODER,0.306176096200943,5.292897081375118,9.178507280349733,9.473002943992615,0.0,0.0,2.7,4.0,2.0,
2020-08-22,96855,Kab. Sleman,NORMAL,NORMAL,LSTM_AUTOENCODER,0.3142815828323364,5.292897081375118,9.178507280349733,9.473002943992615,0.0,0.0,0.3,2.0,1.0,
2020-08-23,96855,Kab. Sleman,NORMAL,NORMAL,LSTM_AUTOENCODER,0.31633731722831726,5.292897081375118,9.178507280349733,9.473002943992615,0.0,0.0,0.3,2.0,1.0,
2020-08-24,96855,Kab. Sleman,NORMAL,NORMAL,LSTM_AUTOENCODER,0.31567978858947754,5.292897081375118,9.178507280349733,9.473002943992615,0.0,0.0,0.1,2.0,1.0,
2020-08-25,96855,Kab. Sleman,NORMAL,NORMAL,LSTM_AUTOENCODER,0.3079095482826233,5.292897081375118,9.178507280349733,9.473002943992615,0.0,0.0,0.0,2.0,1.0,
2020-08-26,96855,Kab. Sleman,NORMAL,NORMAL,LSTM_AUTOENCODER,0.3303648829460144,5.292897081375118,9.178507280349733,9.473002943992615,0.0,0.0,0.0,4.0,2.0,
2020-08-27,96855,Kab. Sleman,NORMAL,NORMAL,LSTM_AUTOENCODER,0.33692219853401184,5.292897081375118,9.178507280349733,9.473002943992615,0.0,0.0,0.0,2.0,1.0,
2020-08-28,96855,Kab. Sleman,NORMAL,NORMAL,LSTM_AUTOENCODER,0.3363810181617737,5.292897081375118,9.178507280349733,9.473002943992615,0.0,0.0,0.0,2.0,1.0,
2020-08-29,96855,Kab. Sleman,NORMAL,NORMAL,LSTM_AUTOENCODER,0.32892775535583496,5.292897081375118,9.178507280349733,9.473002943992615,0.0,0.0,0.0,2.0,1.0,
2020-08-30,96855,Kab. Sleman,NORMAL,NORMAL,LSTM_AUTOENCODER,0.3177408277988434,5.292897081375118,9.178507280349733,9.473002943992615,0.0,0.0,0.0,3.0,1.0,
2020-08-31,96855,Kab. Sleman,NORMAL,NORMAL,LSTM_AUTOENCODER,0.3143172860145569,5.292897081375118,9.178507280349733,9.473002943992615,0.0,0.0,0.0,2.0,1.0,
2020-09-01,96855,Kab. Sleman,NORMAL,NORMAL,LSTM_AUTOENCODER,0.3183515965938568,5.292897081375118,9.178507280349733,9.473002943992615,0.0,0.0,0.0,3.0,2.0,
2020-09-02,96855,Kab. Sleman,NORMAL,NORMAL,LSTM_AUTOENCODER,0.3133341372013092,5.292897081375118,9.178507280349733,9.473002943992615,0.0,0.0,0.0,3.0,1.0,
2020-09-03,96855,Kab. Sleman,NORMAL,NORMAL,LSTM_AUTOENCODER,0.31436586380004883,5.292897081375118,9.178507280349733,9.473002943992615,0.8,0.8000000000000569,0.8,3.0,2.0,
2020-09-04,96855,Kab. Sleman,NORMAL,NORMAL,LSTM_AUTOENCODER,0.30851611495018005,5.292897081375118,9.178507280349733,9.473002943992615,5.8,6.6000000000000565,6.6,2.0,1.0,
2020-09-05,96855,Kab. Sleman,NORMAL,NORMAL,LSTM_AUTOENCODER,0.3044068217277527,5.292897081375118,9.178507280349733,9.473002943992615,4.35,10.950000000000056,10.95,2.0,1.0,
2020-09-06,96855,Kab. Sleman,NORMAL,NORMAL,LSTM_AUTOENCODER,0.297836035490036,5.292897081375118,9.178507280349733,9.473002943992615,2.9,13.050000000000056,13.85,2.0,1.0,
2020-09-07,96855,Kab. Sleman,NORMAL,NORMAL,LSTM_AUTOENCODER,0.28710106015205383,5.292897081375118,9.178507280349733,9.473002943992615,1.4499999999999993,8.700000000000056,15.3,2.0,2.0,
2020-09-08,96855,Kab. Sleman,NORMAL,NORMAL,LSTM_AUTOENCODER,0.2865023910999298,5.292897081375118,9.178507280349733,9.473002943992615,0.0,4.3500000000000565,15.3,3.0,2.0,
2020-09-09,96855,Kab. Sleman,NORMAL,NORMAL,LSTM_AUTOENCODER,0.28197765350341797,5.292897081375118,9.178507280349733,9.473002943992615,0.0,1.450000000000056,15.3,2.0,1.0,
2020-09-10,96855,Kab. Sleman,NORMAL,NORMAL,LSTM_AUTOENCODER,0.28116703033447266,5.292897081375118,9.178507280349733,9.473002943992615,0.0,0.0,14.499999999999998,3.0,2.0,
2020-09-11,96855,Kab. Sleman,NORMAL,NORMAL,LSTM_AUTOENCODER,0.27315211296081543,5.292897081375118,9.178507280349733,9.473002943992615,0.0,0.0,8.7,3.0,2.0,
2020-09-12,96855,Kab. Sleman,NORMAL,NORMAL,LSTM_AUTOENCODER,0.2594257593154907,5.292897081375118,9.178507280349733,9.473002943992615,0.0,0.0,4.35,3.0,1.0,
2020-09-13,96855,Kab. Sleman,NORMAL,NORMAL,LSTM_AUTOENCODER,0.26814764738082886,5.292897081375118,9.178507280349733,9.473002943992615,0.0,0.0,1.4499999999999993,3.0,2.0,
2020-09-14,96855,Kab. Sleman,NORMAL,NORMAL,LSTM_AUTOENCODER,0.2684437930583954,5.292897081375118,9.178507280349733,9.473002943992615,0.0,0.0,0.0,2.0,1.0,
2020-10-27,96855,Kab. Sleman,NORMAL,NORMAL,LSTM_AUTOENCODER,0.4688665270805359,5.292897081375118,9.178507280349733,9.473002943992615,17.1,45.90000000000006,66.9,2.0,1.0,
2020-10-28,96855,Kab. Sleman,NORMAL,NORMAL,LSTM_AUTOENCODER,0.4909437596797943,5.292897081375118,9.178507280349733,9.473002943992615,5.6,51.30000000000005,55.7,3.0,1.0,
2020-10-29,96855,Kab. Sleman,NORMAL,NORMAL,LSTM_AUTOENCODER,0.49058833718299866,5.292897081375118,9.178507280349733,9.473002943992615,2.8,25.500000000000057,58.5,2.0,2.0,
2020-10-30,96855,Kab. Sleman,NORMAL,NORMAL,LSTM_AUTOENCODER,0.5264777541160583,5.292897081375118,9.178507280349733,9.473002943992615,0.0,8.400000000000055,57.8,4.0,2.0,
2020-10-31,96855,Kab. Sleman,NORMAL,NORMAL,LSTM_AUTOENCODER,0.5303991436958313,5.292897081375118,9.178507280349733,9.473002943992615,8.5,11.300000000000056,62.8,3.0,1.0,
2020-11-01,96855,Kab. Sleman,NORMAL,NORMAL,LSTM_AUTOENCODER,0.5450401306152344,5.292897081375118,9.178507280349733,9.473002943992615,20.0,28.500000000000057,82.6,2.0,1.0,
2020-11-02,96855,Kab. Sleman,NORMAL,NORMAL,LSTM_AUTOENCODER,0.5488440990447998,5.292897081375118,9.178507280349733,9.473002943992615,9.8,38.30000000000005,63.8,3.0,1.0,
2020-11-03,96855,Kab. Sleman,NORMAL,NORMAL,LSTM_AUTOENCODER,0.5655445456504822,5.292897081375118,9.178507280349733,9.473002943992615,0.0,29.800000000000058,46.7,4.0,2.0,
2020-11-04,96855,Kab. Sleman,NORMAL,NORMAL,LSTM_AUTOENCODER,0.66397625207901,5.292897081375118,9.178507280349733,9.473002943992615,30.3,40.10000000000006,71.39999999999999,3.0,1.0,
2020-11-05,96855,Kab. Sleman,NORMAL,NORMAL,LSTM_AUTOENCODER,0.6752471923828125,5.292897081375118,9.178507280349733,9.473002943992615,19.65,49.95000000000006,88.25,3.0,1.0,
2020-11-06,96855,Kab. Sleman,NORMAL,NORMAL,LSTM_AUTOENCODER,0.6848545074462891,5.292897081375118,9.178507280349733,9.473002943992615,9.0,58.95000000000006,97.25,2.0,1.0,
2020-11-07,96855,Kab. Sleman,NORMAL,NORMAL,LSTM_AUTOENCODER,0.685697078704834,5.292897081375118,9.178507280349733,9.473002943992615,6.0,34.650000000000055,94.75,2.0,1.0,
2020-11-08,96855,Kab. Sleman,NORMAL,NORMAL,LSTM_AUTOENCODER,0.6910772323608398,5.292897081375118,9.178507280349733,9.473002943992615,3.0,18.000000000000057,77.75,2.0,1.0,
2020-11-09,96855,Kab. Sleman,NORMAL,NORMAL,LSTM_AUTOENCODER,0.7064639925956726,5.292897081375118,9.178507280349733,9.473002943992615,0.0,9.000000000000057,67.95,3.0,2.0,
2020-11-10,96855,Kab. Sleman,NORMAL,NORMAL,LSTM_AUTOENCODER,0.7032771706581116,5.292897081375118,9.178507280349733,9.473002943992615,0.0,3.000000000000057,67.95,3.0,2.0,
2020-11-11,96855,Kab. Sleman,NORMAL,NORMAL,LSTM_AUTOENCODER,0.7086818218231201,5.292897081375118,9.178507280349733,9.473002943992615,0.0,0.0,37.64999999999999,2.0,1.0,
2020-11-12,96855,Kab. Sleman,NORMAL,NORMAL,LSTM_AUTOENCODER,0.7089454531669617,5.292897081375118,9.178507280349733,9.473002943992615,0.0,0.0,17.999999999999996,2.0,1.0,
2020-11-13,96855,Kab. Sleman,NORMAL,NORMAL,LSTM_AUTOENCODER,0.7221603989601135,5.292897081375118,9.178507280349733,9.473002943992615,0.0,0.0,8.999999999999996,3.0,1.0,
2020-11-14,96855,Kab. Sleman,NORMAL,NORMAL,LSTM_AUTOENCODER,0.7346483469009399,5.292897081375118,9.178507280349733,9.473002943992615,0.0,0.0,2.9999999999999964,2.0,1.0,
2020-11-15,96855,Kab. Sleman,NORMAL,NORMAL,LSTM_AUTOENCODER,0.7450424432754517,5.292897081375118,9.178507280349733,9.473002943992615,8.2,8.200000000000056,8.199999999999996,2.0,1.0,
2020-11-16,96855,Kab. Sleman,NORMAL,NORMAL,LSTM_AUTOENCODER,0.759290874004364,5.292897081375118,9.178507280349733,9.473002943992615,19.6,27.800000000000058,27.8,2.0,1.0,
2020-11-17,96855,Kab. Sleman,NORMAL,NORMAL,LSTM_AUTOENCODER,0.8054724335670471,5.292897081375118,9.178507280349733,9.473002943992615,0.0,27.800000000000058,27.8,2.0,2.0,
2020-11-18,96855,Kab. Sleman,NORMAL,NORMAL,LSTM_AUTOENCODER,0.8006452918052673,5.292897081375118,9.178507280349733,9.473002943992615,0.0,19.60000000000006,27.8,2.0,1.0,
2020-11-19,96855,Kab. Sleman,NORMAL,NORMAL,LSTM_AUTOENCODER,0.7888771891593933,5.292897081375118,9.178507280349733,9.473002943992615,22.6,22.60000000000006,50.4,2.0,1.0,
2020-11-20,96855,Kab. Sleman,NORMAL,NORMAL,LSTM_AUTOENCODER,0.8838592767715454,5.292897081375118,9.178507280349733,9.473002943992615,45.2,67.80000000000007,95.6,2.0,1.0,
2020-11-21,96855,Kab. Sleman,NORMAL,NORMAL,LSTM_AUTOENCODER,1.06191086769104,5.292897081375118,9.178507280349733,9.473002943992615,0.0,67.80000000000007,95.6,2.0,1.0,
2020-11-22,96855,Kab. Sleman,NORMAL,NORMAL,LSTM_AUTOENCODER,1.1367230415344238,5.292897081375118,9.178507280349733,9.473002943992615,25.5,70.70000000000006,112.9,2.0,1.0,
2020-11-23,96855,Kab. Sleman,NORMAL,NORMAL,LSTM_AUTOENCODER,1.1407121419906616,5.292897081375118,9.178507280349733,9.473002943992615,14.15,39.650000000000055,107.45,2.0,1.0,
2020-11-24,96855,Kab. Sleman,NORMAL,NORMAL,LSTM_AUTOENCODER,1.1626349687576294,5.292897081375118,9.178507280349733,9.473002943992615,2.8,42.45000000000006,110.25,3.0,2.0,
2020-11-25,96855,Kab. Sleman,NORMAL,NORMAL,LSTM_AUTOENCODER,1.0908259153366089,5.292897081375118,9.178507280349733,9.473002943992615,0.3,17.250000000000057,110.55,2.0,0.0,
2020-11-26,96855,Kab. Sleman,NORMAL,NORMAL,LSTM_AUTOENCODER,1.0809530019760132,5.292897081375118,9.178507280349733,9.473002943992615,12.1,15.200000000000056,100.05,2.0,1.0,
