date,station_id,station_name,region_name,province_name,Tn,Tx,Tavg,RH_avg,RR,ss,ff_x,ff_avg,temp_range,rain_3d,rain_7d,rain_change_1d,wind_change_1d,ddd_x_sin,ddd_x_cos,day_of_year_sin,day_of_year_cos,station_96855,missing_RR,missing_ff_x,missing_ff_avg,missing_RH_avg,anomaly_score,status
2018-03-28,96851,Stasiun Klimatologi DI Yogyakarta,Kab. Sleman,DI Yogyakarta,23.0,29.4,26.1,82.0,0.3,5.2,4.0,2.0,6.399999999999999,24.3,49.0,-12.9,1.0,0.984807753012208,-0.1736481776669303,0.9972495210773452,0.0741174251509443,0,0,0,0,0,2.5956392,NORMAL
2018-03-29,96851,Stasiun Klimatologi DI Yogyakarta,Kab. Sleman,DI Yogyakarta,22.0,32.1,26.8,78.0,2.2,3.5,3.0,2.0,10.1,15.7,49.8,1.9,-1.0,-1.0,-1.8369701987210294e-16,0.998376906467142,0.0569521960340397,0,0,0,0,0,2.5496044,NORMAL
2018-03-30,96851,Stasiun Klimatologi DI Yogyakarta,Kab. Sleman,DI Yogyakarta,23.0,31.8,27.5,77.0,0.0,11.2,3.0,2.0,8.8,2.5,49.8,-2.2,0.0,-0.984807753012208,-0.1736481776669303,0.9992088560679752,0.0397701138460557,0,0,0,0,0,2.5599542,NORMAL
2018-03-31,96851,Stasiun Klimatologi DI Yogyakarta,Kab. Sleman,DI Yogyakarta,24.0,30.6,26.1,86.0,0.0,9.1,4.0,1.0,6.600000000000001,2.2,45.1,0.0,1.0,-0.9396926207859084,-0.3420201433256685,0.9997451236925734,0.0225762630415454,0,0,0,0,0,2.5628252,NORMAL
2018-04-01,96851,Stasiun Klimatologi DI Yogyakarta,Kab. Sleman,DI Yogyakarta,23.0,31.8,27.3,78.0,0.5,6.0,4.0,2.0,8.8,0.5,27.0,0.5,0.0,-0.984807753012208,-0.1736481776669303,0.9999855506507186,0.0053757315575838,0,0,0,0,0,2.5592341,NORMAL
2018-04-02,96851,Stasiun Klimatologi DI Yogyakarta,Kab. Sleman,DI Yogyakarta,24.0,31.3,25.8,86.0,0.0,8.1,2.0,1.0,7.300000000000001,0.5,16.199999999999996,-0.5,-2.0,1.2246467991473532e-16,-1.0,0.9999300657962056,-0.0118263906918325,0,0,0,0,0,2.5808353,NORMAL
2018-04-03,96851,Stasiun Klimatologi DI Yogyakarta,Kab. Sleman,DI Yogyakarta,23.0,31.2,26.7,83.0,51.4,4.8,3.0,2.0,8.2,51.9,54.39999999999999,51.4,1.0,-0.9396926207859084,-0.3420201433256685,0.9995786855478958,-0.0290250133219752,0,0,0,0,0,2.9171963,NORMAL
2018-04-04,96851,Stasiun Klimatologi DI Yogyakarta,Kab. Sleman,DI Yogyakarta,23.0,31.3,27.5,81.0,0.0,10.1,3.0,2.0,8.3,51.4,54.1,-51.4,0.0,-0.7660444431189779,-0.6427876096865395,0.9989315138848576,-0.0462150469837083,0,0,0,0,0,3.1863408,NORMAL
2018-04-05,96851,Stasiun Klimatologi DI Yogyakarta,Kab. Sleman,DI Yogyakarta,24.0,32.2,27.4,82.0,0.0,9.7,3.0,1.0,8.200000000000003,51.4,51.9,0.0,0.0,0.3420201433256689,-0.9396926207859084,0.9979887423155984,-0.0633914048695103,0,0,0,0,0,3.1748579,NORMAL
2018-04-06,96851,Stasiun Klimatologi DI Yogyakarta,Kab. Sleman,DI Yogyakarta,24.0,32.3,26.4,85.0,8.0,6.8,4.0,1.0,8.299999999999997,8.0,59.9,8.0,1.0,-2.4492935982947064e-16,1.0,0.9967506498213928,-0.0805490042187416,0,0,0,0,0,3.1390204,NORMAL
2018-04-07,96851,Stasiun Klimatologi DI Yogyakarta,Kab. Sleman,DI Yogyakarta,23.0,31.8,26.6,84.0,38.1,7.1,3.0,1.0,8.8,46.1,98.0,30.1,-1.0,-0.9396926207859084,-0.3420201433256685,0.9952176027737294,-0.0976827678217159,0,0,0,0,0,2.2173789,NORMAL
2018-04-08,96851,Stasiun Klimatologi DI Yogyakarta,Kab. Sleman,DI Yogyakarta,23.0,32.4,27.0,79.0,5.1,7.1,5.0,2.0,9.4,51.2,102.6,-33.0,2.0,1.0,6.123233995736766e-17,0.9933900548258936,-0.114787625522127,0,0,0,0,0,1.9294454,NORMAL
2018-04-09,96851,Stasiun Klimatologi DI Yogyakarta,Kab. Sleman,DI Yogyakarta,23.0,32.1,25.9,80.0,0.0,7.9,6.0,2.0,9.1,43.2,102.6,-5.1,1.0,0.8660254037844387,-0.4999999999999998,0.9912685467787256,-0.1318585157173911,0,0,0,0,0,1.8822029,NORMAL
2018-04-10,96851,Stasiun Klimatologi DI Yogyakarta,Kab. Sleman,DI Yogyakarta,22.0,32.2,26.0,84.0,18.7,5.9,2.0,1.0,10.200000000000005,23.8,69.9,18.7,-4.0,0.1736481776669302,-0.984807753012208,0.9888537064205885,-0.1488903868564548,0,0,0,0,0,1.9276959,NORMAL
2018-04-11,96851,Stasiun Klimatologi DI Yogyakarta,Kab. Sleman,DI Yogyakarta,23.0,32.8,27.7,81.0,18.4,8.4,2.0,1.0,9.799999999999995,37.1,88.3,-0.3000000000000007,0.0,1.2246467991473532e-16,-1.0,0.986146248341595,-0.1658781989346314,0,0,0,0,0,1.840045,NORMAL
2018-04-12,96851,Stasiun Klimatologi DI Yogyakarta,Kab. Sleman,DI Yogyakarta,24.0,32.7,27.4,82.0,0.0,8.1,3.0,1.0,8.700000000000003,37.1,88.3,-18.4,1.0,-0.984807753012208,-0.1736481776669303,0.98314697372215,-0.1828169249850199,0,0,0,0,0,1.7621949,NORMAL
2018-04-13,96851,Stasiun Klimatologi DI Yogyakarta,Kab. Sleman,DI Yogyakarta,25.0,32.9,28.4,79.0,0.0,7.8,3.0,1.0,7.899999999999999,18.4,80.3,0.0,0.0,0.3420201433256689,-0.9396926207859084,0.9798567700958664,-0.1997015525660636,0,0,0,0,0,1.7534418,NORMAL
2018-04-14,96851,Stasiun Klimatologi DI Yogyakarta,Kab. Sleman,DI Yogyakarta,25.0,33.5,28.3,76.0,0.0,7.7,3.0,1.0,8.5,0.0,42.2,0.0,0.0,0.9396926207859084,-0.3420201433256687,0.976276611086932,-0.2165270852448143,0,0,0,0,0,1.7307453,NORMAL
2018-04-15,96851,Stasiun Klimatologi DI Yogyakarta,Kab. Sleman,DI Yogyakarta,25.0,32.0,28.0,82.0,0.0,9.7,2.0,1.0,7.0,0.0,37.1,0.0,-1.0,-0.6427876096865393,-0.766044443118978,0.9724075561219968,-0.2332885440754551,0,0,0,0,0,1.733434,NORMAL
2018-04-16,96851,Stasiun Klimatologi DI Yogyakarta,Kab. Sleman,DI Yogyakarta,24.0,31.9,27.0,85.0,4.7,4.8,4.0,1.0,7.899999999999999,4.7,41.8,4.7,2.0,-0.8660254037844384,-0.5000000000000004,0.9682507501166718,-0.2499809690726521,0,0,0,0,0,1.7194425,NORMAL
2018-04-17,96851,Stasiun Klimatologi DI Yogyakarta,Kab. Sleman,DI Yogyakarta,25.0,30.6,26.4,89.0,14.150000000000002,5.7,4.0,2.0,5.600000000000001,18.85,37.25,9.450000000000005,0.0,-0.8660254037844384,-0.5000000000000004,0.9638074231367308,-0.2665994206792935,0,1,0,0,0,1.6674513,NORMAL
2018-04-18,96851,Stasiun Klimatologi DI Yogyakarta,Kab. Sleman,DI Yogyakarta,23.0,32.3,26.5,86.0,23.6,2.3,2.0,1.0,9.299999999999995,42.45,42.45,9.45,-2.0,-0.6427876096865396,0.7660444431189778,0.9590788900341132,-0.2831389812281835,0,0,0,0,0,1.67227,NORMAL
2018-04-19,96851,Stasiun Klimatologi DI Yogyakarta,Kab. Sleman,DI Yogyakarta,23.0,32.6,26.5,87.0,35.2,5.9,3.0,1.0,9.6,72.95,77.65,11.6,1.0,-0.8660254037844386,0.5000000000000001,0.9540665500578388,-0.2995947563972602,0,0,0,0,0,1.6896768,NORMAL
2018-04-20,96851,Stasiun Klimatologi DI Yogyakarta,Kab. Sleman,DI Yogyakarta,24.0,31.9,26.9,85.0,34.6,7.7,2.0,1.0,7.899999999999999,93.4,112.25,-0.6000000000000014,-1.0,-0.5000000000000004,0.8660254037844384,0.9487718864399473,-0.3159618766579029,0,0,0,0,0,1.7090971,NORMAL
2018-04-21,96851,Stasiun Klimatologi DI Yogyakarta,Kab. Sleman,DI Yogyakarta,24.0,32.0,26.4,87.0,51.0,4.5,2.0,1.0,8.0,120.8,163.25,16.4,0.0,0.8660254037844386,0.5000000000000001,0.9431964659565866,-0.3322354987159043,0,0,0,0,0,1.8168801,NORMAL
2018-04-22,96851,Stasiun Klimatologi DI Yogyakarta,Kab. Sleman,DI Yogyakarta,23.0,32.4,26.9,83.0,15.6,4.2,2.0,1.0,9.4,101.2,178.85,-35.4,0.0,1.2246467991473532e-16,-1.0,0.9373419384643772,-0.3484108069446808,0,0,0,0,0,1.943132,NORMAL
2018-04-23,96851,Stasiun Klimatologi DI Yogyakarta,Kab. Sleman,DI Yogyakarta,24.0,31.6,26.7,85.0,0.0,4.9,4.0,1.0,7.600000000000001,66.6,174.15,-15.6,2.0,0.3420201433256687,0.9396926207859084,0.9312100364121948,-0.3644830148102912,0,0,0,0,0,1.9826026,NORMAL
2018-04-24,96851,Stasiun Klimatologi DI Yogyakarta,Kab. Sleman,DI Yogyakarta,23.0,32.5,26.6,85.0,1.0,1.9,4.0,1.0,9.5,16.6,161.0,1.0,0.0,-0.7660444431189779,-0.6427876096865395,0.9248025743285088,-0.3804473662878516,0,0,0,0,0,1.9391415,NORMAL
2018-04-25,96851,Stasiun Klimatologi DI Yogyakarta,Kab. Sleman,DI Yogyakarta,24.0,31.7,26.9,83.0,0.0,6.0,3.0,1.0,7.699999999999999,1.0,137.39999999999998,-1.0,-1.0,-0.8660254037844386,0.5000000000000001,0.9181214482844364,-0.3962991372689181,0,0,0,0,0,1.9399647,NORMAL
2018-04-26,96851,Stasiun Klimatologi DI Yogyakarta,Kab. Sleman,DI Yogyakarta,23.0,32.6,27.5,81.0,0.0,7.5,3.0,2.0,9.6,1.0,102.2,0.0,0.0,-1.0,-1.8369701987210294e-16,0.9111686353326632,-0.4120336369594263,0,0,0,0,0,1.9452971,NORMAL
2018-04-27,96851,Stasiun Klimatologi DI Yogyakarta,Kab. Sleman,DI Yogyakarta,23.0,32.5,27.6,78.0,0.0,7.3,3.0,1.0,9.5,0.0,67.6,0.0,0.0,-0.8660254037844386,0.5000000000000001,0.9039461929224012,-0.4276462092677746,0,0,0,0,0,1.9184667,NORMAL
2018-04-28,96851,Stasiun Klimatologi DI Yogyakarta,Kab. Sleman,DI Yogyakarta,23.0,31.2,27.2,82.0,0.0,8.9,3.0,1.0,8.2,0.0,16.6,0.0,0.0,1.2246467991473532e-16,-1.0,0.8964562582905575,-0.4431322341826345,0,0,0,0,0,1.9137579,NORMAL
2018-04-29,96851,Stasiun Klimatologi DI Yogyakarta,Kab. Sleman,DI Yogyakarta,22.0,32.6,26.9,77.0,0.0,7.0,3.0,1.0,10.6,0.0,1.0,0.0,0.0,0.8660254037844387,-0.4999999999999998,0.8887010478292915,-0.4584871291400876,0,0,0,0,0,1.9092185,NORMAL
2018-04-30,96851,Stasiun Klimatologi DI Yogyakarta,Kab. Sleman,DI Yogyakarta,21.0,32.6,26.5,74.0,0.0,10.4,3.0,2.0,11.6,0.0,1.0,0.0,0.0,0.1736481776669302,-0.984807753012208,0.8806828564301475,-0.47370635037968,0,0,0,0,0,1.9181796,NORMAL
2018-05-01,96851,Stasiun Klimatologi DI Yogyakarta,Kab. Sleman,DI Yogyakarta,21.0,31.8,26.3,76.0,0.0,10.3,3.0,1.0,10.8,0.0,0.0,0.0,0.0,-0.9396926207859084,-0.3420201433256685,0.8724040568049612,-0.4887853942889926,0,0,0,0,0,1.9227121,NORMAL
2018-05-02,96851,Stasiun Klimatologi DI Yogyakarta,Kab. Sleman,DI Yogyakarta,22.0,31.7,26.8,74.0,0.0,7.8,2.0,1.0,9.7,0.0,0.0,0.0,-1.0,-0.3420201433256686,-0.9396926207859084,0.8638670987837349,-0.503719798736334,0,0,0,0,0,1.940083,NORMAL
2018-05-03,96851,Stasiun Klimatologi DI Yogyakarta,Kab. Sleman,DI Yogyakarta,22.0,31.5,26.3,77.0,0.0,10.5,4.0,2.0,9.5,0.0,0.0,0.0,2.0,-1.0,-1.8369701987210294e-16,0.8550745085896932,-0.518505144391157,0,0,0,0,0,1.6152897,NORMAL
2018-05-04,96851,Stasiun Klimatologi DI Yogyakarta,Kab. Sleman,DI Yogyakarta,22.0,33.2,26.3,75.0,0.0,10.6,3.0,1.0,11.200000000000005,0.0,0.0,0.0,-1.0,0.984807753012208,-0.1736481776669303,0.8460288880917339,-0.533137056031809,0,0,0,0,0,1.3783767,NORMAL
2018-05-05,96851,Stasiun Klimatologi DI Yogyakarta,Kab. Sleman,DI Yogyakarta,21.0,33.2,26.9,73.0,0.0,10.7,4.0,2.0,12.200000000000005,0.0,0.0,0.0,1.0,1.0,6.123233995736766e-17,0.8367329140344921,-0.5476112038402312,0,0,0,0,0,1.4014835,NORMAL
2018-05-06,96851,Stasiun Klimatologi DI Yogyakarta,Kab. Sleman,DI Yogyakarta,22.0,32.8,27.5,74.0,0.0,10.6,6.0,3.0,10.799999999999995,0.0,0.0,0.0,2.0,0.4999999999999999,0.8660254037844387,0.8271893372462497,-0.5619233046832195,0,0,0,0,0,1.4569138,NORMAL
2018-05-07,96851,Stasiun Klimatologi DI Yogyakarta,Kab. Sleman,DI Yogyakarta,22.0,33.9,27.4,77.0,0.0,10.4,3.0,2.0,11.9,0.0,0.0,0.0,-3.0,-1.0,-1.8369701987210294e-16,0.8174009818249189,-0.5760691233798758,0,0,0,0,0,1.3438196,NORMAL
2018-05-08,96851,Stasiun Klimatologi DI Yogyakarta,Kab. Sleman,DI Yogyakarta,23.0,33.1,27.7,76.0,0.0,9.8,5.0,2.0,10.1,0.0,0.0,0.0,2.0,-1.0,-1.8369701987210294e-16,0.8073707443023492,-0.5900444739548627,0,0,0,0,0,1.2465324,NORMAL
2018-05-09,96851,Stasiun Klimatologi DI Yogyakarta,Kab. Sleman,DI Yogyakarta,21.0,33.4,26.6,74.0,0.0,9.0,4.0,2.0,12.4,0.0,0.0,0.0,-1.0,-0.984807753012208,-0.1736481776669303,0.7971015927871943,-0.6038452208771035,0,0,0,0,0,1.2157209,NORMAL
2018-05-10,96851,Stasiun Klimatologi DI Yogyakarta,Kab. Sleman,DI Yogyakarta,22.0,32.3,27.1,71.0,0.0,9.5,5.0,2.0,10.299999999999995,0.0,0.0,0.0,1.0,-2.4492935982947064e-16,1.0,0.7865965660866021,-0.6174672802835514,0,0,0,0,0,1.1504198,NORMAL
2018-05-11,96851,Stasiun Klimatologi DI Yogyakarta,Kab. Sleman,DI Yogyakarta,21.0,33.3,26.6,77.0,0.0,9.5,4.0,1.0,12.299999999999995,0.0,0.0,0.0,-1.0,1.2246467991473532e-16,-1.0,0.7758587728069828,-0.6309066211876704,0,0,0,0,0,1.1404384,NORMAL
2018-05-12,96851,Stasiun Klimatologi DI Yogyakarta,Kab. Sleman,DI Yogyakarta,22.0,32.8,26.9,74.0,0.0,9.0,3.0,1.0,10.799999999999995,0.0,0.0,0.0,-1.0,0.766044443118978,-0.6427876096865394,0.7648913904341226,-0.6441592666722685,0,0,0,0,0,1.0976231,NORMAL
2018-05-13,96851,Stasiun Klimatologi DI Yogyakarta,Kab. Sleman,DI Yogyakarta,21.0,33.3,26.7,74.0,0.0,8.9,2.0,1.0,12.299999999999995,0.0,0.0,0.0,-1.0,-0.9396926207859084,-0.3420201433256685,0.753697664392914,-0.6572212950663319,0,0,0,0,0,1.1065264,NORMAL
2018-05-14,96851,Stasiun Klimatologi DI Yogyakarta,Kab. Sleman,DI Yogyakarta,22.0,33.4,26.8,79.0,0.0,10.0,4.0,2.0,11.4,0.0,0.0,0.0,2.0,-0.984807753012208,0.1736481776669299,0.742280907086982,-0.6700888411055113,0,0,0,0,0,1.1385783,NORMAL
2018-05-15,96851,Stasiun Klimatologi DI Yogyakarta,Kab. Sleman,DI Yogyakarta,24.0,31.5,26.8,86.0,0.0,10.0,5.0,2.0,7.5,0.0,0.0,0.0,1.0,-1.0,-1.8369701987210294e-16,0.7306444969184916,-0.6827580970759147,0,0,0,0,0,1.1617818,NORMAL
2018-05-16,96851,Stasiun Klimatologi DI Yogyakarta,Kab. Sleman,DI Yogyakarta,24.0,31.6,26.3,85.0,4.2,5.2,2.0,1.0,7.600000000000001,4.2,4.2,4.2,-3.0,-0.9396926207859084,0.342020143325669,0.7187918772884232,-0.6952253139408722,0,0,0,0,0,1.175291,NORMAL
2018-05-17,96851,Stasiun Klimatologi DI Yogyakarta,Kab. Sleman,DI Yogyakarta,24.0,31.8,26.7,86.0,0.0,3.3,4.0,1.0,7.800000000000001,4.2,4.2,-4.2,2.0,-0.3420201433256686,-0.9396926207859084,0.7067265555776158,-0.7074868024503348,0,0,0,0,0,1.1632855,NORMAL
2018-05-18,96851,Stasiun Klimatologi DI Yogyakarta,Kab. Sleman,DI Yogyakarta,23.0,30.2,26.4,84.0,3.4,2.4,2.0,1.0,7.199999999999999,7.6,7.6,3.4,-2.0,1.2246467991473532e-16,-1.0,0.6944521021088763,-0.719538934232584,0,0,0,0,0,1.1404343,NORMAL
2018-05-19,96851,Stasiun Klimatologi DI Yogyakarta,Kab. Sleman,DI Yogyakarta,23.0,32.0,26.1,82.0,0.0,3.4,3.0,1.0,9.0,3.4,7.6,-3.4,1.0,-1.0,-1.8369701987210294e-16,0.6819721490904629,-0.7313781428679254,0,0,0,0,0,1.0799338,NORMAL
2018-05-20,96851,Stasiun Klimatologi DI Yogyakarta,Kab. Sleman,DI Yogyakarta,23.0,32.3,26.1,85.0,0.0,7.1,3.0,1.0,9.299999999999995,3.4,7.6,0.0,0.0,0.8660254037844387,-0.4999999999999998,0.6692903895412567,-0.7430009249440493,0,0,0,0,0,1.0209203,NORMAL
2018-05-21,96851,Stasiun Klimatologi DI Yogyakarta,Kab. Sleman,DI Yogyakarta,23.0,30.8,25.7,88.0,2.2,6.4,3.0,1.0,7.800000000000001,2.2,9.8,2.2,0.0,-0.984807753012208,-0.1736481776669303,0.6564105761979381,-0.7544038410927472,0,0,0,0,0,0.868305,NORMAL
2018-05-22,96851,Stasiun Klimatologi DI Yogyakarta,Kab. Sleman,DI Yogyakarta,23.0,32.6,27.1,79.0,4.4,3.6,6.0,2.0,9.6,6.6000000000000005,14.2,2.2,3.0,1.0,6.123233995736766e-17,0.6433365204044917,-0.765583517007675,0,0,0,0,0,0.78083605,NORMAL
2018-05-23,96851,Stasiun Klimatologi DI Yogyakarta,Kab. Sleman,DI Yogyakarta,23.0,32.6,26.5,85.0,0.0,10.5,3.0,2.0,9.6,6.6000000000000005,10.0,-4.4,-3.0,-0.984807753012208,-0.1736481776669303,0.6300720909843687,-0.7765366444428655,0,0,0,0,0,0.74352324,NORMAL
2018-05-24,96851,Stasiun Klimatologi DI Yogyakarta,Kab. Sleman,DI Yogyakarta,24.0,31.2,26.3,87.0,0.0,6.7,3.0,1.0,7.199999999999999,4.4,10.0,0.0,0.0,-0.9396926207859084,-0.3420201433256685,0.6166212130956382,-0.7872599821916922,0,0,0,0,0,0.7353764,NORMAL
2018-05-25,96851,Stasiun Klimatologi DI Yogyakarta,Kab. Sleman,DI Yogyakarta,22.0,31.8,26.9,83.0,10.0,4.2,2.0,1.0,9.8,10.0,16.6,10.0,-1.0,-0.8660254037844386,0.5000000000000001,0.6029878670694714,-0.7977503570459932,0,0,0,0,0,0.75340927,NORMAL
2018-05-26,96851,Stasiun Klimatologi DI Yogyakarta,Kab. Sleman,DI Yogyakarta,23.0,29.6,26.4,84.0,4.8,5.5,3.0,1.0,6.600000000000001,14.8,21.4,-5.2,1.0,-1.0,-1.8369701987210294e-16,0.5891760872322963,-0.8080046647350754,0,0,0,0,0,0.7621968,NORMAL
2018-05-27,96851,Stasiun Klimatologi DI Yogyakarta,Kab. Sleman,DI Yogyakarta,23.0,31.2,26.6,79.0,0.0,3.8,4.0,1.0,8.2,14.8,21.4,-4.8,1.0,-0.984807753012208,0.1736481776669299,0.5751899607119775,-0.8180198708443175,0,0,0,0,0,0.77184045,NORMAL
2018-05-28,96851,Stasiun Klimatologi DI Yogyakarta,Kab. Sleman,DI Yogyakarta,23.0,30.5,25.8,84.0,0.0,7.1,3.0,2.0,7.5,4.8,19.200000000000003,0.0,-1.0,-1.0,-1.8369701987210294e-16,0.5610336262283677,-0.8277930117131022,0,0,0,0,0,0.79424995,NORMAL
2018-05-29,96851,Stasiun Klimatologi DI Yogyakarta,Kab. Sleman,DI Yogyakarta,22.0,31.4,25.6,82.0,0.0,9.1,4.0,2.0,9.4,0.0,14.8,0.0,1.0,-0.984807753012208,-0.1736481776669303,0.5467112728685939,-0.8373211953118121,0,0,0,0,0,0.8079577,NORMAL
2018-05-30,96851,Stasiun Klimatologi DI Yogyakarta,Kab. Sleman,DI Yogyakarta,21.0,30.4,25.4,81.0,0.0,7.7,4.0,2.0,9.4,0.0,14.8,0.0,0.0,-1.0,-1.8369701987210294e-16,0.5322271388474397,-0.8466016020976267,0,0,0,0,0,0.8071395,NORMAL
2018-05-31,96851,Stasiun Klimatologi DI Yogyakarta,Kab. Sleman,DI Yogyakarta,21.0,30.2,25.2,81.0,0.0,9.8,4.0,2.0,9.2,0.0,14.8,0.0,0.0,-1.0,-1.8369701987210294e-16,0.5175855102531889,-0.8556314858488706,0,0,0,0,0,0.80405825,NORMAL
2018-06-01,96851,Stasiun Klimatologi DI Yogyakarta,Kab. Sleman,DI Yogyakarta,19.0,30.0,24.2,80.0,0.0,9.9,3.0,2.0,11.0,0.0,4.8,0.0,-1.0,-1.0,-1.8369701987210294e-16,0.5027907197793043,-0.8644081744776648,0,0,0,0,0,0.7958837,NORMAL
2018-06-02,96851,Stasiun Klimatologi DI Yogyakarta,Kab. Sleman,DI Yogyakarta,20.0,31.8,25.1,78.0,0.0,9.9,2.0,1.0,11.8,0.0,0.0,0.0,-1.0,1.0,6.123233995736766e-17,0.4878471454423119,-0.8729290708206411,0,0,0,0,0,0.7526389,NORMAL
2018-06-03,96851,Stasiun Klimatologi DI Yogyakarta,Kab. Sleman,DI Yogyakarta,21.0,31.8,25.7,80.0,0.0,7.7,2.0,1.0,10.8,0.0,0.0,0.0,0.0,-0.3420201433256686,-0.9396926207859084,0.4727592092862775,-0.881191653407483,0,0,0,0,0,0.7429097,NORMAL
2018-06-04,96851,Stasiun Klimatologi DI Yogyakarta,Kab. Sleman,DI Yogyakarta,22.0,32.5,25.7,85.0,0.0,8.2,5.0,1.0,10.5,0.0,0.0,0.0,3.0,-1.0,-1.8369701987210294e-16,0.4575313760742512,-0.8891934772070711,0,0,0,0,0,0.7783198,NORMAL
2018-06-05,96851,Stasiun Klimatologi DI Yogyakarta,Kab. Sleman,DI Yogyakarta,23.0,33.3,26.5,82.0,0.0,8.2,3.0,1.0,10.299999999999995,0.0,0.0,0.0,-2.0,-1.0,-1.8369701987210294e-16,0.442168151967072,-0.8969321743510065,0,0,0,0,0,0.726544,NORMAL
2018-06-06,96851,Stasiun Klimatologi DI Yogyakarta,Kab. Sleman,DI Yogyakarta,22.0,32.1,26.3,81.0,0.0,9.6,2.0,2.0,10.1,0.0,0.0,0.0,-1.0,-0.9396926207859084,0.342020143325669,0.4266740831899246,-0.9044054548343,0,0,0,0,0,0.70738053,NORMAL
2018-06-07,96851,Stasiun Klimatologi DI Yogyakarta,Kab. Sleman,DI Yogyakarta,21.0,31.4,25.1,78.0,0.0,9.9,3.0,1.0,10.4,0.0,0.0,0.0,1.0,-0.9396926207859084,-0.3420201433256685,0.4110537546870351,-0.911611107193024,0,0,0,0,0,0.6773934,NORMAL
2018-06-08,96851,Stasiun Klimatologi DI Yogyakarta,Kab. Sleman,DI Yogyakarta,23.0,30.8,25.6,84.0,0.0,8.7,3.0,1.0,7.800000000000001,0.0,0.0,0.0,0.0,-1.0,-1.8369701987210294e-16,0.3953117887649151,-0.9185469991587164,0,0,0,0,0,0.6643769,NORMAL
2018-06-09,96851,Stasiun Klimatologi DI Yogyakarta,Kab. Sleman,DI Yogyakarta,22.0,32.0,25.9,82.0,0.0,5.9,2.0,1.0,10.0,0.0,0.0,0.0,-1.0,-1.0,-1.8369701987210294e-16,0.3794528437245443,-0.925211078289358,0,0,0,0,0,0.62986314,NORMAL
2018-06-10,96851,Stasiun Klimatologi DI Yogyakarta,Kab. Sleman,DI Yogyakarta,23.0,30.6,25.8,83.0,0.0,8.1,4.0,2.0,7.600000000000001,0.0,0.0,0.0,2.0,-0.984807753012208,-0.1736481776669303,0.3634816124829063,-0.9316013725767188,0,0,0,0,0,0.6403208,NORMAL
2018-06-11,96851,Stasiun Klimatologi DI Yogyakarta,Kab. Sleman,DI Yogyakarta,23.0,32.2,27.2,78.0,0.0,6.8,2.0,1.0,9.200000000000005,0.0,0.0,0.0,-2.0,1.2246467991473532e-16,-1.0,0.3474028211842774,-0.9377159910299092,0,0,0,0,0,0.64191866,NORMAL
2018-06-12,96851,Stasiun Klimatologi DI Yogyakarta,Kab. Sleman,DI Yogyakarta,24.0,31.35,25.4,88.0,0.0,6.4,2.0,1.0,7.350000000000001,0.0,0.0,0.0,0.0,1.2246467991473532e-16,-1.0,0.3312212278016865,-0.9435531242349544,0,0,0,0,0,0.63250154,NORMAL
2018-06-13,96851,Stasiun Klimatologi DI Yogyakarta,Kab. Sleman,DI Yogyakarta,23.0,30.5,26.1,82.0,2.4,1.3,3.0,2.0,7.5,2.4,2.4,2.4,1.0,-0.7660444431189779,-0.6427876096865395,0.3149416207289519,-0.9491110448902284,0,0,0,0,0,0.6078946,NORMAL
2018-06-14,96851,Stasiun Klimatologi DI Yogyakarta,Kab. Sleman,DI Yogyakarta,22.0,31.8,26.0,77.0,0.0,2.8,3.0,2.0,9.8,2.4,2.4,-2.4,0.0,-0.984807753012208,-0.1736481776669303,0.2985688173637202,-0.9543881083175908,0,0,0,0,0,0.573351,NORMAL
2018-06-15,96851,Stasiun Klimatologi DI Yogyakarta,Kab. Sleman,DI Yogyakarta,22.0,32.0,26.0,74.0,0.0,9.3,3.0,1.0,10.0,2.4,2.4,0.0,0.0,-0.7660444431189779,-0.6427876096865395,0.2821076626819194,-0.9593827529490744,0,0,0,0,0,0.5417812,NORMAL
2018-06-16,96851,Stasiun Klimatologi DI Yogyakarta,Kab. Sleman,DI Yogyakarta,21.0,32.2,25.6,75.0,0.0,8.4,2.0,1.0,11.200000000000005,0.0,2.4,0.0,-1.0,-0.5000000000000004,0.8660254037844384,0.2655630278040559,-0.9640935007889756,0,0,0,0,0,0.5276762,NORMAL
2018-06-17,96851,Stasiun Klimatologi DI Yogyakarta,Kab. Sleman,DI Yogyakarta,20.0,31.8,25.6,77.0,0.0,10.0,2.0,1.0,11.8,0.0,2.4,0.0,0.0,0.4999999999999999,0.8660254037844387,0.2489398085537665,-0.9685189578512204,0,0,0,0,0,0.5244282,NORMAL
2018-06-18,96851,Stasiun Klimatologi DI Yogyakarta,Kab. Sleman,DI Yogyakarta,21.0,32.5,25.8,77.0,0.0,9.8,4.0,2.0,11.5,0.0,2.4,0.0,2.0,0.766044443118978,0.6427876096865394,0.2322429240090701,-0.9726578145718654,0,0,0,0,0,0.5499091,NORMAL
2018-06-19,96851,Stasiun Klimatologi DI Yogyakarta,Kab. Sleman,DI Yogyakarta,22.0,31.0,25.9,81.0,0.0,9.9,3.0,1.0,9.0,0.0,2.4,0.0,-1.0,-1.0,-1.8369701987210294e-16,0.2154773150467301,-0.976508846196619,0,0,0,0,0,0.5551514,NORMAL
2018-06-20,96851,Stasiun Klimatologi DI Yogyakarta,Kab. Sleman,DI Yogyakarta,23.0,32.3,26.0,82.0,0.0,6.5,4.0,1.0,9.299999999999995,0.0,0.0,0.0,1.0,-0.3420201433256686,-0.9396926207859084,0.1986479428801711,-0.9800709131432666,0,0,0,0,0,0.5646328,NORMAL
2018-06-21,96851,Stasiun Klimatologi DI Yogyakarta,Kab. Sleman,DI Yogyakarta,23.0,30.8,25.8,88.0,18.0,4.6,2.0,1.0,7.800000000000001,18.0,18.0,18.0,-2.0,-1.0,-1.8369701987210294e-16,0.1817597875913753,-0.9833429613388902,0,0,0,0,0,0.5482777,NORMAL
2018-06-22,96851,Stasiun Klimatologi DI Yogyakarta,Kab. Sleman,DI Yogyakarta,23.0,31.2,26.4,80.0,12.8,2.1,3.0,1.0,8.2,30.8,30.8,-5.199999999999999,1.0,-0.3420201433256686,-0.9396926207859084,0.1648178466571979,-0.9863240225317866,0,0,0,0,0,0.52434665,NORMAL
2018-06-23,96851,Stasiun Klimatologi DI Yogyakarta,Kab. Sleman,DI Yogyakarta,22.0,31.4,26.3,80.0,0.0,4.0,2.0,1.0,9.4,30.8,30.8,-12.8,-1.0,-1.0,-1.8369701987210294e-16,0.1478271334705304,-0.9890132145779884,0,0,0,0,0,0.5452649,NORMAL
2018-06-24,96851,Stasiun Klimatologi DI Yogyakarta,Kab. Sleman,DI Yogyakarta,23.0,31.4,26.0,83.0,0.0,7.0,3.0,1.0,8.399999999999999,12.8,30.8,0.0,1.0,-0.9396926207859084,-0.3420201433256685,0.1307926758567592,-0.9914097417023038,0,0,0,0,0,0.53942466,NORMAL
2018-06-25,96851,Stasiun Klimatologi DI Yogyakarta,Kab. Sleman,DI Yogyakarta,23.0,32.0,26.0,83.0,1.3,7.2,3.0,1.0,9.0,1.3,32.1,1.3,0.0,-0.8660254037844384,-0.5000000000000004,0.1137195145859496,-0.9935128947338008,0,0,0,0,0,0.5369717,NORMAL
2018-06-26,96851,Stasiun Klimatologi DI Yogyakarta,Kab. Sleman,DI Yogyakarta,23.0,28.6,25.3,87.0,9.4,3.8,2.0,1.0,5.600000000000001,10.7,41.5,8.1,-1.0,-0.6427876096865396,0.7660444431189778,0.0966127018812031,-0.9953220513156602,0,0,0,0,0,0.5577171,NORMAL
2018-06-27,96851,Stasiun Klimatologi DI Yogyakarta,Kab. Sleman,DI Yogyakarta,22.0,30.6,25.1,83.0,0.0,0.4,3.0,1.0,8.600000000000001,10.7,41.5,-9.4,1.0,-1.0,-1.8369701987210294e-16,0.0794772999236209,-0.9968366760893436,0,0,0,0,0,0.5700251,NORMAL
2018-06-28,96851,Stasiun Klimatologi DI Yogyakarta,Kab. Sleman,DI Yogyakarta,21.0,30.4,24.9,81.0,0.0,5.7,3.0,2.0,9.4,9.4,23.5,0.0,0.0,-1.0,-1.8369701987210294e-16,0.062318379354325,-0.998056320853012,0,0,0,0,0,0.5596954,NORMAL
2018-06-29,96851,Stasiun Klimatologi DI Yogyakarta,Kab. Sleman,DI Yogyakarta,21.0,29.8,24.9,80.0,0.0,6.6,2.0,1.0,8.8,0.0,10.7,0.0,-1.0,1.2246467991473532e-16,-1.0,0.0451410177739719,-0.998980624694158,0,0,0,0,0,0.5479562,NORMAL
2018-06-30,96851,Stasiun Klimatologi DI Yogyakarta,Kab. Sleman,DI Yogyakarta,21.0,29.1,24.7,80.0,0.0,4.4,2.0,1.0,8.100000000000001,0.0,10.7,0.0,0.0,-1.0,-1.8369701987210294e-16,0.0279502982402103,-0.999609314096404,0,1,0,0,0,0.5376654,NORMAL
2018-07-01,96851,Stasiun Klimatologi DI Yogyakarta,Kab. Sleman,DI Yogyakarta,20.0,32.7,25.3,76.0,0.0,10.4,3.0,1.0,12.700000000000005,0.0,10.7,0.0,1.0,-0.1736481776669304,-0.984807753012208,0.0107513077635219,-0.9999422030204416,0,0,0,0,0,0.52680975,NORMAL
2018-07-02,96851,Stasiun Klimatologi DI Yogyakarta,Kab. Sleman,DI Yogyakarta,21.0,29.8,25.0,80.0,0.0,9.3,3.0,1.0,8.8,0.0,9.4,0.0,0.0,-0.984807753012208,-0.1736481776669303,-0.0064508641981051,-0.9999791929590824,0,0,0,0,0,0.51871467,NORMAL
2018-07-03,96851,Stasiun Klimatologi DI Yogyakarta,Kab. Sleman,DI Yogyakarta,20.0,29.4,24.3,81.0,0.0,5.0,5.0,2.0,9.4,0.0,0.0,0.0,2.0,-0.3420201433256686,-0.9396926207859084,-0.0236511272452315,-0.9997202729664084,0,0,0,0,0,0.5566313,NORMAL
2018-07-04,96851,Stasiun Klimatologi DI Yogyakarta,Kab. Sleman,DI Yogyakarta,23.0,31.0,25.8,80.0,0.0,8.6,2.0,1.0,8.0,0.0,0.0,0.0,-3.0,0.4999999999999999,-0.8660254037844387,-0.0408443915432961,-0.9991655196610107,0,0,0,0,0,0.53739,NORMAL
2018-07-05,96851,Stasiun Klimatologi DI Yogyakarta,Kab. Sleman,DI Yogyakarta,23.0,30.2,25.5,65.0,0.0,7.4,5.0,3.0,7.199999999999999,0.0,0.0,0.0,3.0,-0.1736481776669304,-0.984807753012208,-0.0580255693287803,-0.9983150972033183,0,0,0,0,0,0.5914084,NORMAL
2018-07-06,96851,Stasiun Klimatologi DI Yogyakarta,Kab. Sleman,DI Yogyakarta,18.0,30.5,23.3,75.0,0.0,9.5,3.0,2.0,12.5,0.0,0.0,0.0,-2.0,-0.8660254037844384,-0.5000000000000004,-0.0751895764147585,-0.9971692572470178,0,0,0,0,0,0.60220164,NORMAL
2018-07-07,96851,Stasiun Klimatologi DI Yogyakarta,Kab. Sleman,DI Yogyakarta,20.0,30.4,24.1,77.0,0.0,9.0,4.0,2.0,10.4,0.0,0.0,0.0,1.0,-1.0,-1.8369701987210294e-16,-0.0923313336953912,-0.9957283388645872,0,0,0,0,0,0.6123868,NORMAL
2018-07-08,96851,Stasiun Klimatologi DI Yogyakarta,Kab. Sleman,DI Yogyakarta,21.0,29.8,23.9,82.0,0.0,9.0,4.0,2.0,8.8,0.0,0.0,0.0,0.0,-1.0,-1.8369701987210294e-16,-0.1094457686489155,-0.993992768446958,0,0,0,0,0,0.6222849,NORMAL
2018-07-09,96851,Stasiun Klimatologi DI Yogyakarta,Kab. Sleman,DI Yogyakarta,22.0,30.5,25.7,77.0,0.0,9.0,3.0,2.0,8.5,0.0,0.0,0.0,-1.0,-0.3420201433256686,-0.9396926207859084,-0.1265278168386831,-0.9919630595773395,0,0,0,0,0,0.6259928,NORMAL
2018-07-10,96851,Stasiun Klimatologi DI Yogyakarta,Kab. Sleman,DI Yogyakarta,21.0,30.1,24.8,75.0,0.0,8.4,3.0,2.0,9.1,0.0,0.0,0.0,0.0,-1.0,-1.8369701987210294e-16,-0.1435724234118113,-0.9896398128792412,0,0,0,0,0,0.60449475,NORMAL
2018-07-11,96851,Stasiun Klimatologi DI Yogyakarta,Kab. Sleman,DI Yogyakarta,20.0,29.8,23.5,79.0,0.0,7.0,3.0,2.0,9.8,0.0,0.0,0.0,0.0,-0.984807753012208,0.1736481776669299,-0.1605745445949937,-0.9870237158387384,0,0,0,0,0,0.60140276,NORMAL
2018-07-12,96851,Stasiun Klimatologi DI Yogyakarta,Kab. Sleman,DI Yogyakarta,19.0,29.8,24.0,81.0,0.0,7.9,4.0,2.0,10.8,0.0,0.0,0.0,1.0,1.2246467991473532e-16,-1.0,-0.1775291491870349,-0.984115542601034,0,0,0,0,0,0.61539984,NORMAL
2018-07-13,96851,Stasiun Klimatologi DI Yogyakarta,Kab. Sleman,DI Yogyakarta,19.0,30.5,23.9,77.0,0.0,7.7,3.0,2.0,11.5,0.0,0.0,0.0,-1.0,-1.0,-1.8369701987210294e-16,-0.1944312200476619,-0.9809161537413774,0,0,0,0,0,0.61900765,NORMAL
2018-07-14,96851,Stasiun Klimatologi DI Yogyakarta,Kab. Sleman,DI Yogyakarta,20.0,30.0,24.1,73.0,0.0,9.9,5.0,2.0,10.0,0.0,0.0,0.0,2.0,-0.3420201433256686,-0.9396926207859084,-0.2112757555821793,-0.9774264960104057,0,0,0,0,0,0.6460571,NORMAL
2018-07-15,96851,Stasiun Klimatologi DI Yogyakarta,Kab. Sleman,DI Yogyakarta,21.0,29.8,24.2,72.0,0.0,8.4,4.0,2.0,8.8,0.0,0.0,0.0,-1.0,-0.984807753012208,-0.1736481776669303,-0.2280577712215198,-0.9736476020539838,0,0,0,0,0,0.66040224,NORMAL
2018-07-16,96851,Stasiun Klimatologi DI Yogyakarta,Kab. Sleman,DI Yogyakarta,19.0,30.4,23.5,71.0,0.0,9.7,3.0,2.0,11.4,0.0,0.0,0.0,-1.0,-1.0,-1.8369701987210294e-16,-0.2447723008972595,-0.9695805901076308,0,0,0,0,0,0.66391283,NORMAL
2018-07-17,96851,Stasiun Klimatologi DI Yogyakarta,Kab. Sleman,DI Yogyakarta,19.0,30.6,23.5,76.0,0.0,8.75,3.0,1.0,11.6,0.0,0.0,0.0,0.0,-0.7660444431189779,-0.6427876096865395,-0.2614143985111562,-0.965226663665613,0,0,0,0,0,0.6556366,NORMAL
2018-07-18,96851,Stasiun Klimatologi DI Yogyakarta,Kab. Sleman,DI Yogyakarta,20.0,30.6,24.3,79.0,0.0,7.8,5.0,2.0,10.6,0.0,0.0,0.0,2.0,-0.984807753012208,-0.1736481776669303,-0.2779791393987801,-0.9605871111248128,0,0,0,0,0,0.65204376,NORMAL
2018-07-19,96851,Stasiun Klimatologi DI Yogyakarta,Kab. Sleman,DI Yogyakarta,21.0,31.0,24.4,79.0,0.0,9.0,3.0,2.0,10.0,0.0,0.0,0.0,-2.0,-0.1736481776669304,-0.984807753012208,-0.2944616217868012,-0.9556633054034704,0,0,0,0,0,0.64944726,NORMAL
2018-07-20,96851,Stasiun Klimatologi DI Yogyakarta,Kab. Sleman,DI Yogyakarta,20.0,31.4,24.5,81.0,0.0,8.6,3.0,2.0,11.4,0.0,0.0,0.0,0.0,-1.0,-1.8369701987210294e-16,-0.3108569682435036,-0.9504567035349152,0,0,0,0,0,0.64296895,NORMAL
2018-07-21,96851,Stasiun Klimatologi DI Yogyakarta,Kab. Sleman,DI Yogyakarta,21.0,30.5,24.4,83.0,0.0,8.0,4.0,2.0,9.5,0.0,0.0,0.0,1.0,-1.0,-1.8369701987210294e-16,-0.3271603271220951,-0.9449688462364056,0,0,0,0,0,0.59952015,NORMAL
2018-07-22,96851,Stasiun Klimatologi DI Yogyakarta,Kab. Sleman,DI Yogyakarta,21.0,31.0,25.1,83.0,0.0,9.0,3.0,2.0,10.0,0.0,0.0,0.0,-1.0,-0.7660444431189779,-0.6427876096865395,-0.343366873996388,-0.939201357453208,0,0,0,0,0,0.58693504,NORMAL
2018-07-23,96851,Stasiun Klimatologi DI Yogyakarta,Kab. Sleman,DI Yogyakarta,22.0,30.4,25.4,81.0,0.0,9.5,3.0,2.0,8.399999999999999,0.0,0.0,0.0,0.0,1.2246467991473532e-16,-1.0,-0.3594718130884232,-0.9331559438780432,0,0,0,0,0,0.5673892,NORMAL
2018-07-24,96851,Stasiun Klimatologi DI Yogyakarta,Kab. Sleman,DI Yogyakarta,22.0,32.4,25.7,76.0,0.0,7.5,2.0,1.0,10.4,0.0,0.0,0.0,-1.0,1.2246467991473532e-16,-1.0,-0.3754703786876202,-0.9268343944460494,0,0,0,0,0,0.5691397,NORMAL
2018-07-25,96851,Stasiun Klimatologi DI Yogyakarta,Kab. Sleman,DI Yogyakarta,18.0,29.8,23.3,80.0,0.0,9.9,3.0,2.0,11.8,0.0,0.0,0.0,1.0,-0.984807753012208,-0.1736481776669303,-0.3913578365610259,-0.9202385798054076,0,0,0,0,0,0.5901509,NORMAL
2018-07-26,96851,Stasiun Klimatologi DI Yogyakarta,Kab. Sleman,DI Yogyakarta,18.0,29.8,22.9,77.0,0.0,9.8,3.0,2.0,11.8,0.0,0.0,0.0,0.0,-1.0,-1.8369701987210294e-16,-0.4071294853542516,-0.9133704517637858,0,0,0,0,0,0.5741748,NORMAL
2018-07-27,96851,Stasiun Klimatologi DI Yogyakarta,Kab. Sleman,DI Yogyakarta,17.0,28.6,22.6,79.0,0.0,10.9,2.0,1.0,11.6,0.0,0.0,0.0,-1.0,-0.9396926207859084,-0.3420201433256685,-0.4227806579826773,-0.9062320427107696,0,0,0,0,0,0.57985044,NORMAL
2018-07-28,96851,Stasiun Klimatologi DI Yogyakarta,Kab. Sleman,DI Yogyakarta,21.0,29.0,24.6,77.0,0.0,7.5,4.0,2.0,8.0,0.0,0.0,0.0,2.0,0.1736481776669302,-0.984807753012208,-0.4383067230125192,-0.898825465016444,0,0,0,0,0,0.5991973,NORMAL
2018-07-29,96851,Stasiun Klimatologi DI Yogyakarta,Kab. Sleman,DI Yogyakarta,21.0,29.2,24.0,82.0,0.0,6.0,4.0,1.0,8.2,0.0,0.0,0.0,0.0,-1.0,-1.8369701987210294e-16,-0.4537030860313442,-0.8911529104063088,0,0,0,0,0,0.6070575,NORMAL
2018-07-30,96851,Stasiun Klimatologi DI Yogyakarta,Kab. Sleman,DI Yogyakarta,19.0,30.8,24.3,81.0,0.0,6.5,3.0,2.0,11.8,0.0,0.0,0.0,-1.0,-1.0,-1.8369701987210294e-16,-0.4689651910076318,-0.8832166493127127,0,0,0,0,0,0.61603856,NORMAL
2018-07-31,96851,Stasiun Klimatologi DI Yogyakarta,Kab. Sleman,DI Yogyakarta,22.0,30.6,25.1,79.0,0.0,8.5,3.0,2.0,8.600000000000001,0.0,0.0,0.0,0.0,-1.0,-1.8369701987210294e-16,-0.4840885216389758,-0.8750190302029955,0,0,0,0,0,0.62164193,NORMAL
2018-08-01,96851,Stasiun Klimatologi DI Yogyakarta,Kab. Sleman,DI Yogyakarta,21.0,30.6,24.5,82.0,0.0,8.1,3.0,2.0,9.6,0.0,0.0,0.0,0.0,-0.9396926207859084,-0.3420201433256685,-0.4990686026885319,-0.8665624788845385,0,0,0,0,0,0.6276436,NORMAL
2018-08-02,96851,Stasiun Klimatologi DI Yogyakarta,Kab. Sleman,DI Yogyakarta,20.0,30.0,24.3,74.0,0.0,8.3,5.0,3.0,10.0,0.0,0.0,0.0,2.0,0.6427876096865395,-0.7660444431189779,-0.5139010013093103,-0.8578494977869301,0,0,0,0,0,0.6289686,NORMAL
2018-08-03,96851,Stasiun Klimatologi DI Yogyakarta,Kab. Sleman,DI Yogyakarta,20.0,26.8,23.1,76.0,1.0,9.7,5.0,2.0,6.800000000000001,1.0,1.0,1.0,0.0,-1.0,-1.8369701987210294e-16,-0.5285813283559292,-0.8488826652214553,0,0,0,0,0,0.63553405,NORMAL
2018-08-04,96851,Stasiun Klimatologi DI Yogyakarta,Kab. Sleman,DI Yogyakarta,17.0,27.8,22.2,79.0,0.0,6.2,4.0,2.0,10.8,1.0,1.0,-1.0,-1.0,-1.0,-1.8369701987210294e-16,-0.5431052396834317,-0.8396646346181327,0,0,0,0,0,0.5983082,NORMAL
2018-08-05,96851,Stasiun Klimatologi DI Yogyakarta,Kab. Sleman,DI Yogyakarta,21.0,28.8,23.9,71.0,0.0,4.8,3.0,2.0,7.800000000000001,1.0,1.0,0.0,-1.0,-0.5000000000000001,-0.8660254037844386,-0.5574684374327892,-0.8301981337405212,0,0,0,0,0,0.5899252,NORMAL
2018-08-06,96851,Stasiun Klimatologi DI Yogyakarta,Kab. Sleman,DI Yogyakarta,17.0,29.6,23.0,68.0,0.0,6.9,3.0,1.0,12.6,0.0,1.0,0.0,0.0,1.2246467991473532e-16,-1.0,-0.5716666713027052,-0.8204859638785327,0,0,0,0,0,0.5919533,NORMAL
2018-08-07,96851,Stasiun Klimatologi DI Yogyakarta,Kab. Sleman,DI Yogyakarta,18.0,30.4,25.0,74.0,0.0,9.1,3.0,2.0,12.4,0.0,1.0,0.0,0.0,1.2246467991473532e-16,-1.0,-0.5856957398073508,-0.8105309990194823,0,0,0,0,0,0.5877703,NORMAL
2018-08-08,96851,Stasiun Klimatologi DI Yogyakarta,Kab. Sleman,DI Yogyakarta,21.0,30.4,24.6,79.0,0.0,8.6,2.0,1.0,9.4,0.0,1.0,0.0,-1.0,-0.3420201433256686,-0.9396926207859084,-0.5995514915196489,-0.8003361849976323,0,0,0,0,0,0.591825,NORMAL
2018-08-09,96851,Stasiun Klimatologi DI Yogyakarta,Kab. Sleman,DI Yogyakarta,22.0,30.3,25.2,80.0,0.0,5.9,4.0,2.0,8.3,0.0,1.0,0.0,2.0,-0.984807753012208,-0.1736481776669303,-0.6132298262997502,-0.7899045386224707,0,0,0,0,0,0.62251496,NORMAL
2018-08-10,96851,Stasiun Klimatologi DI Yogyakarta,Kab. Sleman,DI Yogyakarta,22.0,31.1,25.2,79.0,0.0,6.2,4.0,2.0,9.1,0.0,0.0,0.0,0.0,-0.8660254037844384,-0.5000000000000004,-0.6267266965083301,-0.7792391467859886,0,0,0,0,0,0.62880164,NORMAL
2018-08-11,96851,Stasiun Klimatologi DI Yogyakarta,Kab. Sleman,DI Yogyakarta,21.0,30.0,24.8,81.0,0.0,7.4,3.0,2.0,9.0,0.0,0.0,0.0,-1.0,-0.3420201433256686,-0.9396926207859084,-0.6400381082043503,-0.7683431655492202,0,0,0,0,0,0.61716974,NORMAL
2018-08-12,96851,Stasiun Klimatologi DI Yogyakarta,Kab. Sleman,DI Yogyakarta,21.0,29.8,24.9,80.0,0.0,5.8,3.0,1.0,8.8,0.0,0.0,0.0,0.0,-1.0,-1.8369701987210294e-16,-0.65316012232693,-0.7572198192083127,0,0,0,0,0,0.6207659,NORMAL
2018-08-13,96851,Stasiun Klimatologi DI Yogyakarta,Kab. Sleman,DI Yogyakarta,20.0,31.6,25.4,80.0,0.0,5.0,5.0,2.0,11.6,0.0,0.0,0.0,2.0,-1.0,-1.8369701987210294e-16,-0.666088855860977,-0.7458723993404063,0,0,0,0,0,0.6215626,NORMAL
2018-08-14,96851,Stasiun Klimatologi DI Yogyakarta,Kab. Sleman,DI Yogyakarta,21.0,30.6,24.8,80.0,0.0,10.4,4.0,2.0,9.6,0.0,0.0,0.0,-1.0,-0.9396926207859084,-0.3420201433256685,-0.6788204829862355,-0.734304263829602,0,0,0,0,0,0.6133829,NORMAL
2018-08-15,96851,Stasiun Klimatologi DI Yogyakarta,Kab. Sleman,DI Yogyakarta,22.0,30.8,25.6,73.0,0.0,8.2,4.0,2.0,8.8,0.0,0.0,0.0,0.0,-0.5000000000000001,-0.8660254037844386,-0.6913512362094071,-0.722518835873311,0,0,0,0,0,0.60045093,NORMAL
2018-08-16,96851,Stasiun Klimatologi DI Yogyakarta,Kab. Sleman,DI Yogyakarta,18.0,30.4,23.4,74.0,0.0,8.4,3.0,1.0,12.4,0.0,0.0,0.0,-1.0,-0.1736481776669304,0.984807753012208,-0.7036774074790128,-0.7105196029692745,0,0,0,0,0,0.61566585,NORMAL
2018-08-17,96851,Stasiun Klimatologi DI Yogyakarta,Kab. Sleman,DI Yogyakarta,19.0,29.7,24.2,74.0,0.0,10.5,4.0,2.0,10.7,0.0,0.0,0.0,1.0,-0.6427876096865393,-0.766044443118978,-0.7157953492826642,-0.6983101158835584,0,0,0,0,0,0.59013003,NORMAL
2018-08-18,96851,Stasiun Klimatologi DI Yogyakarta,Kab. Sleman,DI Yogyakarta,18.0,28.8,23.8,76.0,0.0,10.8,5.0,2.0,10.8,0.0,0.0,0.0,1.0,-0.3420201433256686,-0.9396926207859084,-0.7277014757264236,-0.6858939875998223,0,0,0,0,0,0.596843,NORMAL
2018-08-19,96851,Stasiun Klimatologi DI Yogyakarta,Kab. Sleman,DI Yogyakarta,19.0,31.0,25.0,72.0,0.0,10.4,4.0,2.0,12.0,0.0,0.0,0.0,-1.0,-0.984807753012208,-0.1736481776669303,-0.7393922635959241,-0.673274892250183,0,0,0,0,0,0.606393,NORMAL
2018-08-20,96851,Stasiun Klimatologi DI Yogyakarta,Kab. Sleman,DI Yogyakarta,18.0,31.9,23.7,75.0,0.0,10.7,2.0,2.0,13.9,0.0,0.0,0.0,-2.0,-0.984807753012208,-0.1736481776669303,-0.7508642533989489,-0.6604565640279754,0,0,0,0,0,0.60743177,NORMAL
2018-08-21,96851,Stasiun Klimatologi DI Yogyakarta,Kab. Sleman,DI Yogyakarta,21.0,31.33333333333333,25.4,80.0,0.0,10.7,3.0,1.0,10.333333333333332,0.0,0.0,0.0,1.0,-0.3420201433256686,-0.9396926207859084,-0.7621140503891487,-0.6474427960827475,0,0,0,0,0,0.59815407,NORMAL
2018-08-22,96851,Stasiun Klimatologi DI Yogyakarta,Kab. Sleman,DI Yogyakarta,22.0,30.766666666666666,25.8,72.0,0.0,6.4,3.0,1.0,8.766666666666666,0.0,0.0,0.0,0.0,1.2246467991473532e-16,-1.0,-0.7731383255706026,-0.6342374393978054,0,0,0,0,0,0.586184,NORMAL
2018-08-23,96851,Stasiun Klimatologi DI Yogyakarta,Kab. Sleman,DI Yogyakarta,20.0,30.2,24.4,79.0,0.0,9.2,5.0,2.0,10.2,0.0,0.0,0.0,2.0,1.2246467991473532e-16,-1.0,-0.7839338166829201,-0.620844401650647,0,0,0,0,0,0.61768264,NORMAL
2018-08-24,96851,Stasiun Klimatologi DI Yogyakarta,Kab. Sleman,DI Yogyakarta,20.0,31.6,25.6,70.0,0.0,9.3,4.0,2.0,11.6,0.0,0.0,0.0,-1.0,-0.984807753012208,0.1736481776669299,-0.7944973291665992,-0.6072676460566135,0,0,0,0,0,0.6127249,NORMAL
2018-08-25,96851,Stasiun Klimatologi DI Yogyakarta,Kab. Sleman,DI Yogyakarta,18.0,30.4,23.5,75.0,0.0,11.0,3.0,2.0,12.4,0.0,0.0,0.0,-1.0,-0.984807753012208,-0.1736481776669303,-0.8048257371083452,-0.593511190196115,0,0,0,0,0,0.5998081,NORMAL
2018-08-26,96851,Stasiun Klimatologi DI Yogyakarta,Kab. Sleman,DI Yogyakarta,20.0,30.4,23.8,80.0,0.0,10.8,3.0,1.0,10.4,0.0,0.0,0.0,0.0,-0.7660444431189779,-0.6427876096865395,-0.8149159841660791,-0.5795791048257612,0,0,0,0,0,0.5746964,NORMAL
2018-08-27,96851,Stasiun Klimatologi DI Yogyakarta,Kab. Sleman,DI Yogyakarta,20.0,32.2,24.6,78.0,0.0,9.4,5.0,3.0,12.200000000000005,0.0,0.0,0.0,2.0,-0.3420201433256686,-0.9396926207859084,-0.8247650844733614,-0.5654755126737576,0,0,0,0,0,0.57771,NORMAL
2018-08-28,96851,Stasiun Klimatologi DI Yogyakarta,Kab. Sleman,DI Yogyakarta,24.0,30.0,25.6,81.0,0.0,10.1,4.0,2.0,6.0,0.0,0.0,0.0,-1.0,-1.0,-1.8369701987210294e-16,-0.8343701235229537,-0.5512045872199277,0,0,0,0,0,0.5854743,NORMAL
2018-08-29,96851,Stasiun Klimatologi DI Yogyakarta,Kab. Sleman,DI Yogyakarta,22.0,29.6,25.1,78.0,0.0,4.9,4.0,2.0,7.600000000000001,0.0,0.0,0.0,0.0,-0.984807753012208,-0.1736481776669303,-0.8437282590292712,-0.5367705514607103,0,0,0,0,0,0.5899658,NORMAL
2018-08-30,96851,Stasiun Klimatologi DI Yogyakarta,Kab. Sleman,DI Yogyakarta,23.0,29.1,25.1,76.0,0.0,5.2,3.0,2.0,6.100000000000001,0.0,0.0,0.0,-1.0,-0.9396926207859084,-0.3420201433256685,-0.8528367217694595,-0.522177676659508,0,0,0,0,0,0.607004,NORMAL
2018-08-31,96851,Stasiun Klimatologi DI Yogyakarta,Kab. Sleman,DI Yogyakarta,23.0,29.0,24.9,84.0,2.0,1.5,2.0,1.0,6.0,2.0,2.0,2.0,-1.0,-0.1736481776669304,-0.984807753012208,-0.8616928164028521,-0.5074302810827518,0,0,0,0,0,0.6412544,NORMAL
2018-09-01,96851,Stasiun Klimatologi DI Yogyakarta,Kab. Sleman,DI Yogyakarta,23.0,29.3,27.5,67.0,0.0,0.6,4.0,2.0,6.300000000000001,2.0,2.0,-2.0,2.0,1.2246467991473532e-16,-1.0,-0.8702939222685674,-0.4925327287220543,0,0,0,0,0,0.63779944,NORMAL
2018-09-02,96851,Stasiun Klimatologi DI Yogyakarta,Kab. Sleman,DI Yogyakarta,23.0,29.6,25.6,79.0,0.0,1.8,5.0,2.0,6.599999999999998,2.0,2.0,0.0,1.0,-1.0,-1.8369701987210294e-16,-0.8786374941610001,-0.4774894280028391,0,1,0,0,0,0.64233583,NORMAL
2018-09-03,96851,Stasiun Klimatologi DI Yogyakarta,Kab. Sleman,DI Yogyakarta,22.0,29.9,25.3,77.0,0.0,4.1,4.0,2.0,7.899999999999999,0.0,2.0,0.0,-1.0,-0.8660254037844384,-0.5000000000000004,-0.886721063082993,-0.4623048304798108,0,1,0,0,0,0.636784,NORMAL
2018-09-04,96851,Stasiun Klimatologi DI Yogyakarta,Kab. Sleman,DI Yogyakarta,20.0,28.3,23.9,75.0,0.0,10.3,5.0,2.0,8.3,0.0,2.0,0.0,1.0,-0.8660254037844384,-0.5000000000000004,-0.8945422369764496,-0.4469834295196741,0,0,0,0,0,0.65811825,NORMAL
2018-09-05,96851,Stasiun Klimatologi DI Yogyakarta,Kab. Sleman,DI Yogyakarta,20.0,30.0,24.5,79.0,0.0,6.3,3.0,2.0,10.0,0.0,2.0,0.0,-2.0,-0.9396926207859084,-0.3420201433256685,-0.9020987014301836,-0.4315297589714714,0,0,0,0,0,0.6657524,NORMAL
2018-09-06,96851,Stasiun Klimatologi DI Yogyakarta,Kab. Sleman,DI Yogyakarta,23.0,30.1,25.6,78.0,0.0,5.6,3.0,2.0,7.100000000000001,0.0,2.0,0.0,0.0,-0.9396926207859084,-0.3420201433256685,-0.9093882203647924,-0.4159483918249421,0,0,0,0,0,0.6679983,NORMAL
2018-09-07,96851,Stasiun Klimatologi DI Yogyakarta,Kab. Sleman,DI Yogyakarta,22.0,30.6,24.8,83.0,0.0,4.0,4.0,2.0,8.600000000000001,0.0,0.0,0.0,1.0,-1.0,-1.8369701987210294e-16,-0.9164086366943458,-0.4002439388573056,0,0,0,0,0,0.69159067,NORMAL
2018-09-08,96851,Stasiun Klimatologi DI Yogyakarta,Kab. Sleman,DI Yogyakarta,23.0,31.2,26.4,78.0,1.6,3.9,5.0,2.0,8.2,1.6,1.6,1.6,1.0,-0.1736481776669304,-0.984807753012208,-0.923157872964704,-0.3844210472688554,0,0,0,0,0,0.7013399,NORMAL
2018-09-09,96851,Stasiun Klimatologi DI Yogyakarta,Kab. Sleman,DI Yogyakarta,22.0,31.8,25.7,82.0,0.0,7.7,4.0,2.0,9.8,1.6,1.6,-1.6,-1.0,-1.0,-1.8369701987210294e-16,-0.9296339319682696,-0.3684843993077793,0,0,0,0,0,0.7163534,NORMAL
2018-09-10,96851,Stasiun Klimatologi DI Yogyakarta,Kab. Sleman,DI Yogyakarta,22.0,32.2,26.1,79.0,0.0,9.4,5.0,2.0,10.200000000000005,1.6,1.6,0.0,1.0,-0.7660444431189779,-0.6427876096865395,-0.935834897334994,-0.3524387108846032,0,0,0,0,0,0.7271514,NORMAL
2018-09-11,96851,Stasiun Klimatologi DI Yogyakarta,Kab. Sleman,DI Yogyakarta,22.0,31.4,25.8,80.0,0.0,6.7,4.0,2.0,9.4,0.0,1.6,0.0,-1.0,1.2246467991473532e-16,-1.0,-0.9417589340994617,-0.3362887301766828,0,0,0,0,0,0.74017054,NORMAL
2018-09-12,96851,Stasiun Klimatologi DI Yogyakarta,Kab. Sleman,DI Yogyakarta,23.0,30.0,25.1,77.0,0.9,7.7,4.0,3.0,7.0,0.9,2.5,0.9,0.0,1.2246467991473532e-16,-1.0,-0.9474042892438844,-0.3200392362231385,0,0,0,0,0,0.7374108,NORMAL
2018-09-13,96851,Stasiun Klimatologi DI Yogyakarta,Kab. Sleman,DI Yogyakarta,20.0,29.966666666666665,24.8,76.0,0.45,6.2,4.0,2.0,9.966666666666663,1.35,2.95,-0.45,0.0,-1.0,-1.8369701987210294e-16,-0.9527692922168512,-0.3036950375106588,0,1,0,0,0,0.7466109,NORMAL
2018-09-14,96851,Stasiun Klimatologi DI Yogyakarta,Kab. Sleman,DI Yogyakarta,22.0,29.933333333333334,24.8,76.0,0.0,6.8,4.0,2.0,7.933333333333334,1.35,2.95,-0.45,0.0,-0.7660444431189779,-0.6427876096865395,-0.9578523554276668,-0.2872609705505963,0,0,0,0,0,0.75149655,NORMAL
2018-09-15,96851,Stasiun Klimatologi DI Yogyakarta,Kab. Sleman,DI Yogyakarta,20.0,29.9,24.3,76.0,0.0,4.2,3.0,2.0,9.9,0.45,1.35,0.0,-1.0,-0.9396926207859084,-0.3420201433256685,-0.9626519747161488,-0.2707418984477642,0,0,0,0,0,0.7503508,NORMAL
2018-09-16,96851,Stasiun Klimatologi DI Yogyakarta,Kab. Sleman,DI Yogyakarta,19.0,31.6,24.5,77.0,0.0,6.6,4.0,2.0,12.6,0.0,1.35,0.0,1.0,-0.9396926207859084,-0.3420201433256685,-0.9671667297977312,-0.2541427094613622,0,0,0,0,0,0.75237113,NORMAL
2018-09-17,96851,Stasiun Klimatologi DI Yogyakarta,Kab. Sleman,DI Yogyakarta,22.0,30.6,26.0,78.0,0.0,10.4,5.0,2.0,8.600000000000001,0.0,1.35,0.0,1.0,1.2246467991473532e-16,-1.0,-0.97139528468375,-0.2374683155584684,0,0,0,0,0,0.7334083,NORMAL
2018-09-18,96851,Stasiun Klimatologi DI Yogyakarta,Kab. Sleman,DI Yogyakarta,23.0,31.1,25.8,82.0,0.0,8.4,4.0,2.0,8.100000000000001,0.0,1.35,0.0,-1.0,-1.0,-1.8369701987210294e-16,-0.9753363880767836,-0.2207236509605022,0,0,0,0,0,0.7344551,NORMAL
2018-09-19,96851,Stasiun Klimatologi DI Yogyakarta,Kab. Sleman,DI Yogyakarta,23.0,31.6,25.8,83.0,0.2,5.4,4.0,2.0,8.600000000000001,0.2,0.65,0.2,0.0,-0.9396926207859084,-0.3420201433256685,-0.978988873740932,-0.2039136706831147,0,0,0,0,0,0.7173267,NORMAL
2018-09-20,96851,Stasiun Klimatologi DI Yogyakarta,Kab. Sleman,DI Yogyakarta,24.0,30.2,25.4,87.0,1.4,3.4,3.0,1.0,6.199999999999999,1.6,1.6,1.2,-1.0,-0.7660444431189779,-0.6427876096865395,-0.9823516608469236,-0.1870433490699165,0,1,0,0,0,0.72582996,NORMAL
2018-09-21,96851,Stasiun Klimatologi DI Yogyakarta,Kab. Sleman,DI Yogyakarta,23.0,32.4,27.1,76.0,2.6,0.1,4.0,2.0,9.4,4.2,4.2,1.2000000000000002,1.0,-0.984807753012208,-0.1736481776669303,-0.9854237542919524,-0.1701176783204905,0,0,0,0,0,0.7350063,NORMAL
2018-09-22,96851,Stasiun Klimatologi DI Yogyakarta,Kab. Sleman,DI Yogyakarta,23.0,34.6,27.1,77.0,0.0,8.1,5.0,2.0,11.6,4.0,4.199999999999999,-2.6,1.0,-0.9396926207859084,-0.3420201433256685,-0.9882042449941422,-0.15314166701312,0,0,0,0,0,0.71314263,NORMAL
2018-09-23,96851,Stasiun Klimatologi DI Yogyakarta,Kab. Sleman,DI Yogyakarta,22.0,32.2,26.8,75.0,0.0,9.5,4.0,2.0,10.200000000000005,2.6,4.199999999999999,0.0,-1.0,0.1736481776669302,-0.984807753012208,-0.9906923101615608,-0.136120338622667,0,0,0,0,0,0.70229447,NORMAL
2018-09-24,96851,Stasiun Klimatologi DI Yogyakarta,Kab. Sleman,DI Yogyakarta,22.0,32.4,26.6,76.0,0.0,9.7,4.0,2.0,10.4,0.0,4.199999999999999,0.0,0.0,-0.8660254037844384,-0.5000000000000004,-0.9928872135356962,-0.1190587300340498,0,0,0,0,0,0.6746815,NORMAL
2018-09-25,96851,Stasiun Klimatologi DI Yogyakarta,Kab. Sleman,DI Yogyakarta,22.0,32.75,26.2,81.0,0.0,10.1,3.0,1.0,10.75,0.0,4.199999999999999,0.0,-1.0,-0.7660444431189779,-0.6427876096865395,-0.994788305609327,-0.1019618900517457,0,0,0,0,0,0.6655316,NORMAL
2018-09-26,96851,Stasiun Klimatologi DI Yogyakarta,Kab. Sleman,DI Yogyakarta,23.0,33.1,26.7,76.0,0.0,7.5,4.0,3.0,10.1,0.0,4.0,0.0,1.0,-0.9396926207859084,-0.3420201433256685,-0.9963950238187232,-0.0848348779057653,0,0,0,0,0,0.6186448,NORMAL
2018-09-27,96851,Stasiun Klimatologi DI Yogyakarta,Kab. Sleman,DI Yogyakarta,21.5,31.6,25.8,76.0,0.0,10.1,5.0,2.0,10.1,0.0,2.6,0.0,1.0,-1.0,-1.8369701987210294e-16,-0.9977068927101168,-0.0676827617545516,0,0,0,0,0,0.5928967,NORMAL
2018-09-28,96851,Stasiun Klimatologi DI Yogyakarta,Kab. Sleman,DI Yogyakarta,20.0,31.9,25.4,78.0,0.0,10.6,4.0,2.0,11.9,0.0,0.0,0.0,-1.0,-0.9396926207859084,-0.3420201433256685,-0.9987235240803972,-0.0505106171852228,0,0,0,0,0,0.5694979,NORMAL
2018-09-29,96851,Stasiun Klimatologi DI Yogyakarta,Kab. Sleman,DI Yogyakarta,22.0,32.6,26.5,75.0,0.0,10.1,4.0,2.0,10.6,0.0,0.0,0.0,0.0,-1.0,-1.8369701987210294e-16,-0.9994446170919858,-0.0333235257116313,0,0,0,0,0,0.53706336,NORMAL
2018-09-30,96851,Stasiun Klimatologi DI Yogyakarta,Kab. Sleman,DI Yogyakarta,22.0,32.8,27.2,76.0,0.0,10.3,3.0,2.0,10.799999999999995,0.0,0.0,0.0,-1.0,-1.0,-1.8369701987210294e-16,-0.9998699583618592,-0.0161265732706577,0,0,0,0,0,0.53056455,NORMAL
2018-10-01,96851,Stasiun Klimatologi DI Yogyakarta,Kab. Sleman,DI Yogyakarta,23.0,33.3,27.9,72.0,0.0,8.0,4.0,2.0,10.299999999999995,0.0,0.0,0.0,1.0,-0.9396926207859084,-0.3420201433256685,-0.9999994220246924,0.0010751512827982,0,0,0,0,0,0.52043474,NORMAL
2018-10-02,96851,Stasiun Klimatologi DI Yogyakarta,Kab. Sleman,DI Yogyakarta,22.0,34.0,27.2,75.0,3.4,8.9,4.0,2.0,12.0,3.4,3.4,3.4,0.0,-0.8660254037844384,-0.5000000000000004,-0.999832969770105,0.0182765576816912,0,0,0,0,0,0.5045944,NORMAL
2018-10-03,96851,Stasiun Klimatologi DI Yogyakarta,Kab. Sleman,DI Yogyakarta,24.0,33.4,27.6,73.0,0.0,10.1,4.0,2.0,9.4,3.4,3.4,-3.4,0.0,-0.984807753012208,-0.1736481776669303,-0.9993706508539968,0.0354725557531255,0,0,0,0,0,0.50904727,NORMAL
2018-10-04,96851,Stasiun Klimatologi DI Yogyakarta,Kab. Sleman,DI Yogyakarta,21.0,32.6,26.1,70.0,0.0,9.9,3.0,2.0,11.6,3.4,3.4,0.0,-1.0,-0.9396926207859084,-0.3420201433256685,-0.9986126020839734,0.052658056924614,0,0,0,0,0,0.4882695,NORMAL
2018-10-05,96851,Stasiun Klimatologi DI Yogyakarta,Kab. Sleman,DI Yogyakarta,20.0,32.4,26.1,73.0,0.0,11.7,5.0,2.0,12.4,0.0,3.4,0.0,2.0,-0.7660444431189779,-0.6427876096865395,-0.9975590477788612,0.0698279757298708,0,0,0,0,0,0.49746075,NORMAL
2018-10-06,96851,Stasiun Klimatologi DI Yogyakarta,Kab. Sleman,DI Yogyakarta,22.0,33.0,27.1,69.0,0.0,9.3,4.0,3.0,11.0,0.0,3.4,0.0,-1.0,1.2246467991473532e-16,-1.0,-0.9962102997023295,0.0869772313136861,0,0,0,0,0,0.5241344,NORMAL
2018-10-07,96851,Stasiun Klimatologi DI Yogyakarta,Kab. Sleman,DI Yogyakarta,22.0,34.6,27.4,73.0,0.0,10.1,4.0,2.0,12.6,0.0,3.4,0.0,0.0,-1.0,-1.8369701987210294e-16,-0.9945667569706336,0.1041007489354256,0,0,0,0,0,0.5226194,NORMAL
2018-10-08,96851,Stasiun Klimatologi DI Yogyakarta,Kab. Sleman,DI Yogyakarta,22.0,34.8,27.6,71.0,0.0,9.2,4.0,2.0,12.799999999999995,0.0,3.4,0.0,0.0,-0.9396926207859084,-0.3420201433256685,-0.9926289059345096,0.121193461470736,0,0,0,0,0,0.5066755,NORMAL
2018-10-09,96851,Stasiun Klimatologi DI Yogyakarta,Kab. Sleman,DI Yogyakarta,23.0,31.4,26.4,78.0,0.0,10.4,4.0,2.0,8.399999999999999,0.0,0.0,0.0,0.0,-0.9396926207859084,-0.3420201433256685,-0.9903973200352558,0.1382503109109819,0,0,0,0,0,0.5029245,NORMAL
2018-10-10,96851,Stasiun Klimatologi DI Yogyakarta,Kab. Sleman,DI Yogyakarta,23.0,32.0,26.5,82.0,0.0,7.6,4.0,2.0,9.0,0.0,0.0,0.0,0.0,-0.9396926207859084,-0.3420201433256685,-0.9878726596350428,0.1552662498599956,0,0,0,0,0,0.48819104,NORMAL
2018-10-11,96851,Stasiun Klimatologi DI Yogyakarta,Kab. Sleman,DI Yogyakarta,23.0,33.7,27.4,74.0,0.0,8.0,5.0,3.0,10.700000000000005,0.0,0.0,0.0,1.0,-0.9396926207859084,-0.3420201433256685,-0.9850556718215012,0.172236243027682,0,0,0,0,0,0.5053003,NORMAL
2018-10-12,96851,Stasiun Klimatologi DI Yogyakarta,Kab. Sleman,DI Yogyakarta,23.0,33.3,26.6,79.0,0.0,10.9,5.0,2.0,10.299999999999995,0.0,0.0,0.0,0.0,-1.0,-1.8369701987210294e-16,-0.981947190186646,0.1891552687200409,0,0,0,0,0,0.49920392,NORMAL
2018-10-13,96851,Stasiun Klimatologi DI Yogyakarta,Kab. Sleman,DI Yogyakarta,24.0,31.2,26.8,78.0,0.0,8.1,4.0,3.0,7.199999999999999,0.0,0.0,0.0,-1.0,-0.7660444431189779,-0.6427876096865395,-0.9785481345802032,0.2060183203251708,0,1,0,0,0,0.512291,NORMAL
2018-10-14,96851,Stasiun Klimatologi DI Yogyakarta,Kab. Sleman,DI Yogyakarta,22.0,32.6,26.7,76.0,0.0,4.8,4.0,2.0,10.6,0.0,0.0,0.0,0.0,0.1736481776669302,-0.984807753012208,-0.9748595108374124,0.2228204077947995,0,0,0,0,0,0.511824,NORMAL
2018-10-15,96851,Stasiun Klimatologi DI Yogyakarta,Kab. Sleman,DI Yogyakarta,24.0,33.2,27.7,75.0,0.0,9.2,3.0,2.0,9.200000000000005,0.0,0.0,0.0,-1.0,-0.5000000000000001,-0.8660254037844386,-0.9708824104813836,0.239556559120927,0,0,0,0,0,0.509525,NORMAL
2018-10-16,96851,Stasiun Klimatologi DI Yogyakarta,Kab. Sleman,DI Yogyakarta,23.0,33.0,27.2,73.0,0.0,7.8,5.0,2.0,10.0,0.0,0.0,0.0,2.0,1.2246467991473532e-16,-1.0,-0.9666180104000972,0.2562218218071163,0,0,0,0,0,0.50757194,NORMAL
2018-10-17,96851,Stasiun Klimatologi DI Yogyakarta,Kab. Sleman,DI Yogyakarta,23.0,31.8,26.5,78.0,0.0,9.4,4.0,2.0,8.8,0.0,0.0,0.0,-1.0,-0.8660254037844384,-0.5000000000000004,-0.9620675724981452,0.2728112643340191,0,1,0,0,0,0.49180496,NORMAL
2018-10-18,96851,Stasiun Klimatologi DI Yogyakarta,Kab. Sleman,DI Yogyakarta,24.0,31.1,26.7,72.0,0.0,6.1,6.0,3.0,7.100000000000001,0.0,0.0,0.0,2.0,-0.984807753012208,-0.1736481776669303,-0.957232443323312,0.2893199776186952,0,0,0,0,0,0.52384067,NORMAL
2018-10-19,96851,Stasiun Klimatologi DI Yogyakarta,Kab. Sleman,DI Yogyakarta,23.0,32.0,26.6,72.0,0.0,6.5,4.0,2.0,9.0,0.0,0.0,0.0,-2.0,-0.7660444431189779,-0.6427876096865395,-0.9521140536681102,0.3057430764672831,0,0,0,0,0,0.5400729,NORMAL
2018-10-20,96851,Stasiun Klimatologi DI Yogyakarta,Kab. Sleman,DI Yogyakarta,23.0,31.8,27.0,70.0,0.0,5.0,5.0,2.0,8.8,0.0,0.0,0.0,1.0,1.2246467991473532e-16,-1.0,-0.9467139181463862,0.3220757010206104,0,0,0,0,0,0.5606125,NORMAL
2018-10-21,96851,Stasiun Klimatologi DI Yogyakarta,Kab. Sleman,DI Yogyakarta,23.0,33.0,27.1,77.0,0.0,5.5,4.0,2.0,10.0,0.0,0.0,0.0,-1.0,1.2246467991473532e-16,-1.0,-0.9410336347451196,0.3383130181923076,0,0,0,0,0,0.5605028,NORMAL
2018-10-22,96851,Stasiun Klimatologi DI Yogyakarta,Kab. Sleman,DI Yogyakarta,24.0,31.8,27.1,78.0,0.0,5.3,4.0,3.0,7.800000000000001,0.0,0.0,0.0,0.0,-0.7660444431189779,-0.6427876096865395,-0.9350748843515574,0.3544502230989869,0,0,0,0,0,0.5479434,NORMAL
2018-10-23,96851,Stasiun Klimatologi DI Yogyakarta,Kab. Sleman,DI Yogyakarta,24.0,32.0,26.7,81.0,2.2,3.6,5.0,3.0,8.0,2.2,2.2,2.2,1.0,-0.9396926207859084,0.342020143325669,-0.9288394302558068,0.3704825404820963,0,0,0,0,0,0.56521344,NORMAL
2018-10-24,96851,Stasiun Klimatologi DI Yogyakarta,Kab. Sleman,DI Yogyakarta,24.0,32.0,27.4,76.0,0.0,7.2,4.0,3.0,8.0,2.2,2.2,-2.2,-1.0,-0.9396926207859084,-0.3420201433256685,-0.9223291176290545,0.3864052261209853,0,0,0,0,0,0.5774686,NORMAL
2018-10-25,96851,Stasiun Klimatologi DI Yogyakarta,Kab. Sleman,DI Yogyakarta,25.0,32.0,27.1,76.0,0.0,7.6,6.0,3.0,7.0,2.2,2.2,0.0,2.0,-0.5000000000000001,-0.8660254037844386,-0.9155458729775467,0.4022135682368036,0,0,0,0,0,0.62676394,NORMAL
2018-10-26,96851,Stasiun Klimatologi DI Yogyakarta,Kab. Sleman,DI Yogyakarta,24.0,32.7,27.8,72.0,0.0,3.4,5.0,3.0,8.700000000000003,0.0,2.2,0.0,-1.0,-0.9396926207859084,-0.3420201433256685,-0.9084917035725082,0.4179028888867866,0,0,0,0,0,0.6369761,NORMAL
2018-10-27,96851,Stasiun Klimatologi DI Yogyakarta,Kab. Sleman,DI Yogyakarta,24.0,32.3,27.3,76.0,0.0,5.0,5.0,3.0,8.299999999999997,0.0,2.2,0.0,0.0,-0.9396926207859084,-0.3420201433256685,-0.9011686968561567,0.4334685453485363,0,1,0,0,0,0.63412637,NORMAL
2018-10-28,96851,Stasiun Klimatologi DI Yogyakarta,Kab. Sleman,DI Yogyakarta,23.0,32.3,27.1,76.0,0.0,6.5,5.0,2.0,9.299999999999995,0.0,2.2,0.0,0.0,1.2246467991473532e-16,-1.0,-0.8935790198239952,0.4489059314938798,0,1,0,0,0,0.6303746,NORMAL
2018-10-29,96851,Stasiun Klimatologi DI Yogyakarta,Kab. Sleman,DI Yogyakarta,22.0,32.6,27.2,71.0,0.0,9.2,5.0,3.0,10.6,0.0,2.2,0.0,0.0,-0.984807753012208,-0.1736481776669303,-0.8857249183835637,0.4642104791518923,0,0,0,0,0,0.6418534,NORMAL
2018-10-30,96851,Stasiun Klimatologi DI Yogyakarta,Kab. Sleman,DI Yogyakarta,23.0,32.8,27.4,71.0,0.0,11.2,4.0,2.0,9.799999999999995,0.0,0.0,0.0,-1.0,-0.984807753012208,-0.1736481776669303,-0.8776087166898392,0.4793776594606945,0,0,0,0,0,0.6433634,NORMAL
2018-10-31,96851,Stasiun Klimatologi DI Yogyakarta,Kab. Sleman,DI Yogyakarta,22.0,33.4,27.1,73.0,0.0,6.9,5.0,2.0,11.4,0.0,0.0,0.0,1.0,-0.8660254037844384,-0.5000000000000004,-0.8692328164574792,0.4944029842076181,0,0,0,0,0,0.64425856,NORMAL
2018-11-01,96851,Stasiun Klimatologi DI Yogyakarta,Kab. Sleman,DI Yogyakarta,22.0,33.8,27.6,71.0,0.0,8.8,6.0,3.0,11.799999999999995,0.0,0.0,0.0,1.0,1.2246467991473532e-16,-1.0,-0.8605996962501181,0.5092820071573356,0,0,0,0,0,0.6707551,NORMAL
2018-11-02,96851,Stasiun Klimatologi DI Yogyakarta,Kab. Sleman,DI Yogyakarta,23.0,34.6,28.7,70.0,0.0,8.5,4.0,2.0,11.6,0.0,0.0,0.0,-2.0,-0.984807753012208,0.1736481776669299,-0.8517119107469189,0.5240103253675756,0,0,0,0,0,0.6770484,NORMAL
2018-11-03,96851,Stasiun Klimatologi DI Yogyakarta,Kab. Sleman,DI Yogyakarta,24.0,32.8,27.0,83.0,0.0,6.5,4.0,3.0,8.799999999999997,0.0,0.0,0.0,0.0,-1.0,-1.8369701987210294e-16,-0.8425720899866032,0.5385835804920232,0,0,0,0,0,0.6854245,NORMAL
2018-11-04,96851,Stasiun Klimatologi DI Yogyakarta,Kab. Sleman,DI Yogyakarta,23.0,33.3,28.0,74.0,0.2,4.1,5.0,3.0,10.299999999999995,0.2,0.2,0.2,1.0,-0.8660254037844384,-0.5000000000000004,-0.8331829385891785,0.5529974600700271,0,0,0,0,0,0.67495245,NORMAL
2018-11-05,96851,Stasiun Klimatologi DI Yogyakarta,Kab. Sleman,DI Yogyakarta,25.0,33.8,28.4,77.0,0.0,3.0,5.0,2.0,8.799999999999997,0.2,0.2,-0.2,0.0,-0.984807753012208,-0.1736481776669303,-0.8235472349556007,0.5672476988027229,0,0,0,0,0,0.66143024,NORMAL
2018-11-06,96851,Stasiun Klimatologi DI Yogyakarta,Kab. Sleman,DI Yogyakarta,25.0,29.7,26.9,82.0,1.6,4.0,3.0,2.0,4.699999999999999,1.8,1.8,1.6,-2.0,0.1736481776669302,-0.984807753012208,-0.8136678304455991,0.5813300798152042,0,0,0,0,0,0.680173,NORMAL
2018-11-07,96851,Stasiun Klimatologi DI Yogyakarta,Kab. Sleman,DI Yogyakarta,24.0,30.2,26.5,85.0,9.3,1.1,4.0,2.0,6.199999999999999,10.9,11.1,7.700000000000001,1.0,-1.0,-1.8369701987210294e-16,-0.8035476485339116,0.5952404359043674,0,0,0,0,0,0.68822134,NORMAL
2018-11-08,96851,Stasiun Klimatologi DI Yogyakarta,Kab. Sleman,DI Yogyakarta,23.5,32.6,26.2,87.0,1.0,2.2,4.0,2.0,9.1,11.9,12.1,-8.3,0.0,-0.984807753012208,-0.1736481776669303,-0.7931896839451843,0.6089746507720486,0,0,0,0,0,0.70542103,NORMAL
2018-11-09,96851,Stasiun Klimatologi DI Yogyakarta,Kab. Sleman,DI Yogyakarta,23.0,30.8,24.8,94.0,66.8,2.7,4.0,2.0,7.800000000000001,77.1,78.9,65.8,0.0,0.4999999999999999,0.8660254037844387,-0.7825970017677834,0.6225286602431057,0,0,0,0,0,1.3145012,NORMAL
2018-11-10,96851,Stasiun Klimatologi DI Yogyakarta,Kab. Sleman,DI Yogyakarta,22.0,31.4,26.0,83.0,63.2,3.2,4.0,2.0,9.4,131.0,142.1,-3.5999999999999943,0.0,0.6427876096865393,0.766044443118978,-0.7717727365467837,0.6358984534680745,0,0,0,0,0,1.461203,NORMAL
2018-11-11,96851,Stasiun Klimatologi DI Yogyakarta,Kab. Sleman,DI Yogyakarta,23.0,32.4,27.1,83.0,46.4,4.5,4.0,2.0,9.4,176.4,188.3,-16.800000000000004,0.0,-0.5000000000000004,0.8660254037844384,-0.7607200913564104,0.6490800741100398,0,0,0,0,0,1.6056837,NORMAL
2018-11-12,96851,Stasiun Klimatologi DI Yogyakarta,Kab. Sleman,DI Yogyakarta,24.0,32.3,26.8,84.0,0.0,6.4,5.0,2.0,8.299999999999997,109.6,188.3,-46.4,1.0,-0.5000000000000001,-0.8660254037844386,-0.7494423368521953,0.6620696215153815,0,0,0,0,0,1.8443409,NORMAL
2018-11-13,96851,Stasiun Klimatologi DI Yogyakarta,Kab. Sleman,DI Yogyakarta,24.0,30.4,26.4,88.0,2.0,6.0,4.0,2.0,6.399999999999999,48.4,188.7,2.0,-1.0,-0.984807753012208,-0.1736481776669303,-0.7379428103031386,0.6748632518680403,0,0,0,0,0,1.8723799,NORMAL
2018-11-14,96851,Stasiun Klimatologi DI Yogyakarta,Kab. Sleman,DI Yogyakarta,24.0,30.9,25.9,88.0,5.0,2.2,5.0,2.0,6.899999999999999,7.0,184.4,3.0,1.0,-0.7660444431189779,-0.6427876096865395,-0.7262249146041543,0.6874571793269664,0,0,0,0,0,1.9153742,NORMAL
2018-11-15,96851,Stasiun Klimatologi DI Yogyakarta,Kab. Sleman,DI Yogyakarta,23.0,31.4,27.3,85.0,34.6,2.3,5.0,2.0,8.399999999999999,41.6,218.0,29.6,0.0,-0.7660444431189779,-0.6427876096865395,-0.7142921172691032,0.699847677146407,0,0,0,0,0,2.0311542,NORMAL
2018-11-16,96851,Stasiun Klimatologi DI Yogyakarta,Kab. Sleman,DI Yogyakarta,23.5,31.8,28.2,77.0,17.3,5.9,4.0,2.0,8.3,56.900000000000006,168.5,-17.3,-1.0,-0.3420201433256686,-0.9396926207859084,-0.7021479494046978,0.7120310787787131,0,1,0,0,0,2.069696,NORMAL
2018-11-17,96851,Stasiun Klimatologi DI Yogyakarta,Kab. Sleman,DI Yogyakarta,24.0,31.7,27.9,81.0,0.0,10.3,4.0,2.0,7.699999999999999,51.900000000000006,105.29999999999998,-17.3,0.0,-1.0,-1.8369701987210294e-16,-0.6897960046655887,0.7240037789593305,0,0,0,0,0,2.045796,NORMAL
2018-11-18,96851,Stasiun Klimatologi DI Yogyakarta,Kab. Sleman,DI Yogyakarta,25.0,31.6,28.0,79.0,0.0,9.3,5.0,3.0,6.600000000000001,17.3,58.89999999999999,0.0,1.0,-0.9396926207859084,-0.3420201433256685,-0.6772399381909491,0.7357622347736527,0,0,0,0,0,2.0488012,NORMAL
2018-11-19,96851,Stasiun Klimatologi DI Yogyakarta,Kab. Sleman,DI Yogyakarta,24.0,32.8,28.1,76.0,0.0,9.65,4.0,3.0,8.799999999999997,0.0,58.89999999999999,0.0,-1.0,-0.8660254037844384,-0.5000000000000004,-0.6644834655228552,0.7473029667054297,0,0,0,0,0,2.0503829,NORMAL
2018-11-20,96851,Stasiun Klimatologi DI Yogyakarta,Kab. Sleman,DI Yogyakarta,25.0,31.9,28.0,79.0,0.0,10.0,6.0,3.0,6.899999999999999,0.0,56.89999999999999,0.0,2.0,-0.7660444431189779,-0.6427876096865395,-0.6515303615068021,0.75862255966641,0,0,0,0,0,2.089733,NORMAL
2018-11-21,96851,Stasiun Klimatologi DI Yogyakarta,Kab. Sleman,DI Yogyakarta,23.0,31.4,27.2,81.0,0.0,7.7,6.0,3.0,8.399999999999999,0.0,51.89999999999999,0.0,0.0,-0.9396926207859084,-0.3420201433256685,-0.6383844591746642,0.769717664006921,0,0,0,0,0,2.109897,NORMAL
2018-11-22,96851,Stasiun Klimatologi DI Yogyakarta,Kab. Sleman,DI Yogyakarta,23.0,30.2,25.7,84.0,20.0,9.2,4.0,2.0,7.199999999999999,20.0,37.29999999999998,20.0,-2.0,-0.9396926207859084,-0.3420201433256685,-0.6250496486104377,0.7805849965070866,0,0,0,0,0,2.1324904,NORMAL
2018-11-23,96851,Stasiun Klimatologi DI Yogyakarta,Kab. Sleman,DI Yogyakarta,23.0,30.6,26.5,81.0,12.0,8.5,4.0,2.0,7.600000000000001,32.0,31.999999999999982,-8.0,0.0,-0.6427876096865393,-0.766044443118978,-0.6115298757991053,0.7912213413483807,0,0,0,0,0,2.1161551,NORMAL
2018-11-24,96851,Stasiun Klimatologi DI Yogyakarta,Kab. Sleman,DI Yogyakarta,22.0,30.5,26.7,80.0,0.0,7.8,4.0,2.0,8.5,32.0,31.999999999999982,-12.0,0.0,-0.7660444431189779,-0.6427876096865395,-0.5978291414589552,0.801623551065242,0,0,0,0,0,2.085558,NORMAL
2018-11-25,96851,Stasiun Klimatologi DI Yogyakarta,Kab. Sleman,DI Yogyakarta,24.0,30.4,26.4,82.0,0.0,7.8,4.0,2.0,6.399999999999999,12.0,31.999999999999982,0.0,0.0,-0.9396926207859084,-0.3420201433256685,-0.5839514998576998,0.8117885474764613,0,0,0,0,0,2.0593228,NORMAL
2018-11-26,96851,Stasiun Klimatologi DI Yogyakarta,Kab. Sleman,DI Yogyakarta,24.0,30.8,25.6,84.0,1.5,3.6,4.0,2.0,6.800000000000001,1.5,33.499999999999986,1.5,0.0,-0.3420201433256686,-0.9396926207859084,-0.5699010576127624,0.821713322596059,0,0,0,0,0,2.036431,NORMAL
2018-11-27,96851,Stasiun Klimatologi DI Yogyakarta,Kab. Sleman,DI Yogyakarta,22.0,30.6,24.2,86.0,48.9,2.5,4.0,1.0,8.600000000000001,50.4,82.39999999999998,47.4,0.0,-0.8660254037844384,-0.5000000000000004,-0.5556819724760489,0.8313949395234058,0,0,0,0,1,2.278643,NORMAL
2018-11-28,96851,Stasiun Klimatologi DI Yogyakarta,Kab. Sleman,DI Yogyakarta,23.0,30.4,25.3,88.0,106.4,4.7,3.0,2.0,7.399999999999999,156.8,188.8,57.50000000000001,-1.0,-0.9396926207859084,0.342020143325669,-0.5412984521036173,0.8408305333122887,0,0,0,0,0,2.9467678,NORMAL
2018-11-29,96851,Stasiun Klimatologi DI Yogyakarta,Kab. Sleman,DI Yogyakarta,23.0,27.8,24.6,93.0,7.2,4.1,5.0,2.0,4.800000000000001,162.5,175.99999999999997,-99.2,2.0,-0.7660444431189779,-0.6427876096865395,-0.5267547528105542,0.8500173118187018,0,0,0,0,0,3.923299,NORMAL
2018-11-30,96851,Stasiun Klimatologi DI Yogyakarta,Kab. Sleman,DI Yogyakarta,23.0,28.9,26.0,87.0,8.6,0.0,5.0,2.0,5.899999999999999,122.2,172.6,1.3999999999999997,0.0,-0.8660254037844384,-0.5000000000000004,-0.5120551783114646,0.8589525565270845,0,0,0,0,0,3.9190176,NORMAL
2018-12-01,96851,Stasiun Klimatologi DI Yogyakarta,Kab. Sleman,DI Yogyakarta,23.0,30.0,26.3,80.0,1.0,6.4,5.0,3.0,7.0,16.8,173.6,-7.6,0.0,-0.7660444431189779,-0.6427876096865395,-0.4972040784469378,0.8676336233547726,0,0,0,0,0,3.8829982,NORMAL
2018-12-02,96851,Stasiun Klimatologi DI Yogyakarta,Kab. Sleman,DI Yogyakarta,23.0,30.4,27.8,73.0,0.0,6.8,4.0,2.0,7.399999999999999,9.6,173.6,-1.0,-1.0,-1.0,-1.8369701987210294e-16,-0.4822058478963526,0.8760579434344281,0,0,0,0,0,3.8677695,NORMAL
2018-12-03,96851,Stasiun Klimatologi DI Yogyakarta,Kab. Sleman,DI Yogyakarta,24.0,30.5,25.9,90.0,12.8,5.1,4.0,2.0,6.5,13.8,184.9,12.8,0.0,-0.9396926207859084,-0.3420201433256685,-0.4670649248774303,0.8842230238742036,0,1,0,0,0,3.8626382,NORMAL
2018-12-04,96851,Stasiun Klimatologi DI Yogyakarta,Kab. Sleman,DI Yogyakarta,24.0,30.6,25.8,91.0,25.6,1.9,5.0,2.0,6.600000000000001,38.400000000000006,161.59999999999997,12.8,1.0,-0.9396926207859084,0.342020143325669,-0.451785789832884,0.8921264484954345,0,0,0,0,0,3.8464515,NORMAL
2018-12-05,96851,Stasiun Klimatologi DI Yogyakarta,Kab. Sleman,DI Yogyakarta,24.0,31.4,26.1,89.0,91.0,3.5,6.0,2.0,7.399999999999999,129.4,146.2,65.4,1.0,-0.984807753012208,-0.1736481776669303,-0.4363729641045924,0.8997658785476209,0,0,0,0,0,4.5047264,NORMAL
2018-12-06,96851,Stasiun Klimatologi DI Yogyakarta,Kab. Sleman,DI Yogyakarta,23.0,31.6,26.0,88.0,22.3,4.4,5.0,2.0,8.600000000000001,138.9,161.29999999999998,-68.7,-1.0,1.2246467991473532e-16,-1.0,-0.4208310085956556,0.9071390534005044,0,0,0,0,0,4.995669,NORMAL
2018-12-07,96851,Stasiun Klimatologi DI Yogyakarta,Kab. Sleman,DI Yogyakarta,24.0,32.2,26.9,90.0,17.3,5.85,5.0,2.0,8.200000000000003,130.6,169.99999999999997,-5.0,0.0,-0.984807753012208,-0.1736481776669303,-0.4051645224207563,0.9142437912130223,0,0,0,0,0,5.0337396,NORMAL
2018-12-08,96851,Stasiun Klimatologi DI Yogyakarta,Kab. Sleman,DI Yogyakarta,23.0,29.5,25.6,91.0,59.1,7.3,5.0,2.0,6.5,98.7,228.1,41.8,0.0,-0.3420201433256686,-0.9396926207859084,-0.3893781415452015,0.9210779895789526,0,0,0,0,0,5.355021,WASPADA
2018-12-09,96851,Stasiun Klimatologi DI Yogyakarta,Kab. Sleman,DI Yogyakarta,23.0,31.4,26.9,85.0,0.3,3.3,3.0,2.0,8.399999999999999,76.7,228.4,-58.8,-2.0,-0.9396926207859084,-0.3420201433256685,-0.3734765374130707,0.9276396261490468,0,0,0,0,0,5.177524,NORMAL
2018-12-10,96851,Stasiun Klimatologi DI Yogyakarta,Kab. Sleman,DI Yogyakarta,24.0,31.0,26.4,90.0,0.0,3.9,14.0,3.0,7.0,59.4,215.6,-0.3,11.0,-0.6427876096865396,0.7660444431189778,-0.3574644155648614,0.9339267592294762,0,0,0,0,0,5.6953397,WASPADA
2018-12-11,96851,Stasiun Klimatologi DI Yogyakarta,Kab. Sleman,DI Yogyakarta,23.0,30.1,27.3,86.0,15.4,5.8,5.0,2.0,7.100000000000001,15.7,205.4,15.4,-9.0,-0.7660444431189779,-0.6427876096865395,-0.3413465142450361,0.9399375283564132,0,0,0,0,0,5.8050923,WASPADA
2018-12-12,96851,Stasiun Klimatologi DI Yogyakarta,Kab. Sleman,DI Yogyakarta,25.0,30.6,27.1,85.0,7.7,3.7,5.0,3.0,5.600000000000001,23.1,122.09999999999998,-7.7,0.0,-0.8660254037844384,-0.5000000000000004,-0.3251276029999093,0.9456701548465688,0,1,0,0,0,5.580678,WASPADA
2018-12-13,96851,Stasiun Klimatologi DI Yogyakarta,Kab. Sleman,DI Yogyakarta,25.0,31.0,27.1,82.0,0.0,7.2,4.0,2.0,6.0,23.1,99.79999999999998,-7.7,-1.0,-0.9396926207859084,-0.3420201433256685,-0.3088124812662537,0.9511229423235356,0,0,0,0,0,5.600328,WASPADA
2018-12-14,96851,Stasiun Klimatologi DI Yogyakarta,Kab. Sleman,DI Yogyakarta,25.0,28.4,26.0,89.0,0.3,2.1,4.0,2.0,3.3999999999999986,8.0,82.79999999999997,0.3,0.0,0.4694715627858908,0.882947592858927,-0.2924059769510773,0.956294277219772,0,0,0,0,0,5.630921,WASPADA
2018-12-15,96851,Stasiun Klimatologi DI Yogyakarta,Kab. Sleman,DI Yogyakarta,23.0,30.4,26.4,84.0,9.9,0.2,6.0,2.0,7.399999999999999,10.2,33.59999999999997,9.6,2.0,-0.9396926207859084,-0.3420201433256685,-0.2759129450029604,0.9611826292540836,0,0,0,0,0,5.521389,WASPADA
2018-12-16,96851,Stasiun Klimatologi DI Yogyakarta,Kab. Sleman,DI Yogyakarta,24.0,28.6,25.6,88.0,8.0,4.5,3.0,2.0,4.600000000000001,18.200000000000003,41.299999999999976,-1.9000000000000004,-3.0,-0.7660444431189779,-0.6427876096865395,-0.2593382659754056,0.9657865518844574,0,0,0,0,0,5.514199,WASPADA
2018-12-17,96851,Stasiun Klimatologi DI Yogyakarta,Kab. Sleman,DI Yogyakarta,23.0,30.0,26.5,84.0,1.0,0.0,5.0,2.0,7.0,18.9,42.299999999999976,-7.0,2.0,1.2246467991473532e-16,-1.0,-0.2426868445825954,0.9701046827361176,0,0,0,0,0,5.5051627,WASPADA
2018-12-18,96851,Stasiun Klimatologi DI Yogyakarta,Kab. Sleman,DI Yogyakarta,22.0,30.5,26.3,82.0,0.0,2.9,5.0,2.0,8.5,9.0,26.89999999999997,-1.0,0.0,-0.7660444431189779,-0.6427876096865395,-0.225963608248019,0.974135744004672,0,0,0,0,0,5.4839497,WASPADA
2018-12-19,96851,Stasiun Klimatologi DI Yogyakarta,Kab. Sleman,DI Yogyakarta,23.0,30.4,26.3,85.0,6.3,9.8,4.0,2.0,7.399999999999999,7.3,25.49999999999997,6.3,-1.0,-0.1736481776669304,-0.984807753012208,-0.2091735056463563,0.9778785428342386,0,0,0,0,0,5.485357,WASPADA
2018-12-20,96851,Stasiun Klimatologi DI Yogyakarta,Kab. Sleman,DI Yogyakarta,23.0,29.8,25.2,90.0,0.0,4.6,4.0,2.0,6.800000000000001,6.3,25.49999999999997,-6.3,0.0,-0.9396926207859084,-0.3420201433256685,-0.1923215052390948,0.9813319716704276,0,0,0,0,0,5.446147,WASPADA
2018-12-21,96851,Stasiun Klimatologi DI Yogyakarta,Kab. Sleman,DI Yogyakarta,23.0,29.8,25.8,87.0,3.2,0.9,4.0,2.0,6.800000000000001,9.5,28.39999999999997,3.2,0.0,-0.5000000000000001,-0.8660254037844386,-0.1754125938042784,0.9844950085880858,0,0,0,0,0,5.4185095,WASPADA
2018-12-22,96851,Stasiun Klimatologi DI Yogyakarta,Kab. Sleman,DI Yogyakarta,23.0,30.4,26.6,83.0,1.5,2.2,5.0,2.0,7.399999999999999,4.7,19.99999999999997,-1.7000000000000002,1.0,-0.984807753012208,-0.1736481776669303,-0.1584517749608363,0.9873667175937016,0,0,0,0,0,5.378871,WASPADA
2018-12-23,96851,Stasiun Klimatologi DI Yogyakarta,Kab. Sleman,DI Yogyakarta,23.0,29.2,25.9,88.0,14.0,5.7,5.0,3.0,6.199999999999999,18.7,25.99999999999997,12.5,0.0,-0.7660444431189779,-0.6427876096865395,-0.141444067687942,0.989946248902378,0,0,0,0,0,5.3990383,WASPADA
2018-12-24,96851,Stasiun Klimatologi DI Yogyakarta,Kab. Sleman,DI Yogyakarta,23.0,28.8,25.3,89.0,8.0,2.5,5.0,2.0,5.800000000000001,23.5,32.99999999999997,-6.0,0.0,-0.984807753012208,-0.1736481776669303,-0.1243945048397999,0.9922328391893008,0,0,0,0,0,5.413287,WASPADA
2018-12-25,96851,Stasiun Klimatologi DI Yogyakarta,Kab. Sleman,DI Yogyakarta,23.0,28.6,25.3,89.0,4.0,0.3,5.0,2.0,5.600000000000001,26.0,36.99999999999997,-4.0,0.0,-1.0,-1.8369701987210294e-16,-0.1073081316563624,0.994225811815616,0,0,0,0,0,5.46461,WASPADA
2018-12-26,96851,Stasiun Klimatologi DI Yogyakarta,Kab. Sleman,DI Yogyakarta,22.0,30.4,25.8,84.0,15.0,0.1,5.0,2.0,8.399999999999999,27.0,45.69999999999997,11.0,0.0,-0.7660444431189779,-0.6427876096865395,-0.0901900042703451,0.99592457702866,0,0,0,0,0,5.5458083,WASPADA
2018-12-27,96851,Stasiun Klimatologi DI Yogyakarta,Kab. Sleman,DI Yogyakarta,22.0,31.0,26.1,80.0,0.0,3.150000000000001,4.0,2.0,9.0,19.0,45.69999999999997,-15.0,-1.0,-1.0,-1.8369701987210294e-16,-0.0730451882110474,0.9973286321364752,0,0,0,0,0,5.362236,WASPADA
2018-12-28,96851,Stasiun Klimatologi DI Yogyakarta,Kab. Sleman,DI Yogyakarta,23.0,31.2,27.7,73.0,0.0,6.2,6.0,4.0,8.2,15.0,42.49999999999997,0.0,2.0,-0.984807753012208,0.1736481776669299,-0.0558787569053731,0.9984375616565666,0,0,0,0,0,4.6093807,NORMAL
2018-12-29,96851,Stasiun Klimatologi DI Yogyakarta,Kab. Sleman,DI Yogyakarta,25.0,31.4,27.3,79.0,0.0,10.7,6.0,4.0,6.399999999999999,0.0,40.99999999999997,0.0,0.0,-0.9396926207859084,-0.3420201433256685,-0.0386957901765268,0.999251037438848,0,0,0,0,0,3.6582098,NORMAL
2018-12-30,96851,Stasiun Klimatologi DI Yogyakarta,Kab. Sleman,DI Yogyakarta,24.0,31.3,25.9,84.0,7.5,5.1,8.0,5.0,7.300000000000001,7.5,34.49999999999997,7.5,2.0,-1.0,-1.8369701987210294e-16,-0.0215013727408137,0.999768818762748,0,1,0,0,0,3.7247417,NORMAL
2018-12-31,96851,Stasiun Klimatologi DI Yogyakarta,Kab. Sleman,DI Yogyakarta,22.0,29.8,25.6,84.0,15.0,2.2,6.0,4.0,7.800000000000001,22.5,41.49999999999997,7.5,-2.0,-1.0,-1.8369701987210294e-16,-0.0043005927029819,0.9999907524084426,0,0,0,0,0,3.7577767,NORMAL
2019-01-01,96851,Stasiun Klimatologi DI Yogyakarta,Kab. Sleman,DI Yogyakarta,23.2,30.4,25.7,84.0,0.0,6.3,5.0,3.0,7.199999999999999,22.5,37.49999999999997,-15.0,-1.0,-1.0,-1.8369701987210294e-16,0.0172015754182605,0.9998520419557736,0,0,0,0,0,3.8346422,NORMAL
2019-01-02,96851,Stasiun Klimatologi DI Yogyakarta,Kab. Sleman,DI Yogyakarta,23.2,29.2,25.0,89.0,3.6,2.5,4.0,2.0,6.0,18.6,26.099999999999973,3.6,-1.0,-0.5000000000000004,0.8660254037844384,0.034398060613608,0.9994082116062598,0,0,0,0,0,3.8895042,NORMAL
2019-01-03,96851,Stasiun Klimatologi DI Yogyakarta,Kab. Sleman,DI Yogyakarta,22.6,27.6,24.6,89.0,12.4,0.4,7.0,3.0,5.0,16.0,38.49999999999997,8.8,3.0,-1.0,-1.8369701987210294e-16,0.0515843668694083,0.9986686402879996,0,0,0,0,0,3.978918,NORMAL
2019-01-04,96851,Stasiun Klimatologi DI Yogyakarta,Kab. Sleman,DI Yogyakarta,23.2,31.7,26.7,80.0,22.4,0.2,4.0,2.0,8.5,38.4,60.89999999999997,9.999999999999998,-3.0,-0.7660444431189779,-0.6427876096865395,0.0687554084811394,0.9976335468520452,0,0,0,0,0,3.2580826,NORMAL
2019-01-05,96851,Stasiun Klimatologi DI Yogyakarta,Kab. Sleman,DI Yogyakarta,22.7,30.4,25.7,89.0,26.2,8.5,3.0,1.0,7.699999999999999,61.0,87.09999999999997,3.8000000000000007,-1.0,1.2246467991473532e-16,-1.0,0.0859061042613327,0.9963032375991964,0,0,0,0,0,2.7991016,NORMAL
2019-01-06,96851,Stasiun Klimatologi DI Yogyakarta,Kab. Sleman,DI Yogyakarta,23.0,32.0,26.7,85.0,8.0,7.6,4.0,1.0,9.0,56.6,87.59999999999997,-18.2,1.0,-0.7660444431189779,-0.6427876096865395,0.1030313790431787,0.9946781061893646,0,0,0,0,0,2.8256319,NORMAL
2019-01-07,96851,Stasiun Klimatologi DI Yogyakarta,Kab. Sleman,DI Yogyakarta,23.8,32.8,26.9,84.0,41.3,7.5,5.0,2.0,8.999999999999996,75.5,113.89999999999996,33.3,1.0,-0.1736481776669304,0.984807753012208,0.1201261651823505,0.9927586335250792,0,0,0,0,0,2.6599903,NORMAL
2019-01-08,96851,Stasiun Klimatologi DI Yogyakarta,Kab. Sleman,DI Yogyakarta,23.4,31.2,27.0,84.0,4.0,8.2,4.0,2.0,7.800000000000001,53.29999999999999,117.89999999999996,-37.3,-1.0,-0.9396926207859084,-0.3420201433256685,0.1371854040566005,0.9905453876091832,0,0,0,0,0,2.4913592,NORMAL
2019-01-09,96851,Stasiun Klimatologi DI Yogyakarta,Kab. Sleman,DI Yogyakarta,23.2,31.9,26.4,86.0,0.0,5.9,5.0,2.0,8.7,45.3,114.29999999999995,-4.0,1.0,-0.1736481776669304,0.984807753012208,0.1542040475626894,0.988039023376751,0,0,0,0,0,1.8417403,NORMAL
2019-01-10,96851,Stasiun Klimatologi DI Yogyakarta,Kab. Sleman,DI Yogyakarta,22.6,32.4,27.6,80.0,13.2,6.5,4.0,2.0,9.799999999999995,17.2,115.09999999999997,13.2,-1.0,-0.9396926207859084,-0.3420201433256685,0.1711770596101998,0.985240282501282,0,0,0,0,0,1.5968521,NORMAL
2019-01-11,96851,Stasiun Klimatologi DI Yogyakarta,Kab. Sleman,DI Yogyakarta,24.5,32.6,26.2,87.0,0.0,9.1,5.0,2.0,8.100000000000001,13.2,92.69999999999996,-13.2,1.0,-0.5000000000000001,-0.8660254037844386,0.1880994176117975,0.9821499931752292,0,0,0,0,0,1.5989615,NORMAL
2019-01-12,96851,Stasiun Klimatologi DI Yogyakarta,Kab. Sleman,DI Yogyakarta,21.2,31.3,27.2,87.0,0.0,6.1,6.0,3.0,10.1,13.2,66.49999999999997,0.0,1.0,-0.8660254037844384,-0.5000000000000004,0.2049661139694953,0.9787690698649216,0,0,0,0,0,1.6161438,NORMAL
2019-01-13,96851,Stasiun Klimatologi DI Yogyakarta,Kab. Sleman,DI Yogyakarta,21.2,30.4,26.2,88.0,0.0,9.6,3.0,2.0,9.2,0.0,58.49999999999997,0.0,-3.0,-1.0,-1.8369701987210294e-16,0.2217721575564818,0.975098513039961,0,0,0,0,0,1.617666,NORMAL
2019-01-14,96851,Stasiun Klimatologi DI Yogyakarta,Kab. Sleman,DI Yogyakarta,23.0,32.1,26.0,86.0,16.6,3.9,5.0,2.0,9.1,16.6,33.79999999999997,16.6,2.0,-0.5000000000000004,0.8660254037844384,0.2385125751940764,0.9711394088771652,0,0,0,0,0,1.6028979,NORMAL
2019-01-15,96851,Stasiun Klimatologi DI Yogyakarta,Kab. Sleman,DI Yogyakarta,23.2,31.8,27.3,84.0,10.9,5.3,6.0,3.0,8.600000000000001,27.5,40.69999999999997,-5.700000000000001,1.0,-0.3420201433256686,-0.9396926207859084,0.2551824131233728,0.966892928939152,0,0,0,0,0,1.5595556,NORMAL
2019-01-16,96851,Stasiun Klimatologi DI Yogyakarta,Kab. Sleman,DI Yogyakarta,23.0,28.6,24.9,90.0,19.8,8.4,5.0,2.0,5.600000000000001,47.3,60.49999999999997,8.9,-1.0,-0.6427876096865396,0.7660444431189778,0.2717767384711357,0.9623603298276544,0,0,0,0,0,1.5444198,NORMAL
2019-01-17,96851,Stasiun Klimatologi DI Yogyakarta,Kab. Sleman,DI Yogyakarta,23.0,31.6,26.0,90.0,15.9,2.2,7.0,2.0,8.600000000000001,46.6,63.19999999999997,-3.9,2.0,-0.7660444431189779,-0.6427876096865395,0.2882906407095177,0.957542952811672,0,0,0,0,0,1.5744522,NORMAL
2019-01-18,96851,Stasiun Klimatologi DI Yogyakarta,Kab. Sleman,DI Yogyakarta,23.4,31.8,26.4,87.0,18.1,5.4,5.0,3.0,8.400000000000002,53.8,81.29999999999998,2.200000000000001,-2.0,-1.0,-1.8369701987210294e-16,0.3047192331091634,0.9524422234305676,0,0,0,0,0,1.57825,NORMAL
2019-01-19,96851,Stasiun Klimatologi DI Yogyakarta,Kab. Sleman,DI Yogyakarta,23.2,31.4,27.3,82.0,4.2,7.2,4.0,2.0,8.2,38.2,85.49999999999997,-13.900000000000002,-1.0,-1.0,-1.8369701987210294e-16,0.321057654185271,0.9470596510722284,0,0,0,0,0,1.5772889,NORMAL
2019-01-20,96851,Stasiun Klimatologi DI Yogyakarta,Kab. Sleman,DI Yogyakarta,23.4,31.0,26.3,87.0,2.8,3.7,4.0,2.0,7.600000000000001,25.1,88.29999999999998,-1.4000000000000004,0.0,-0.5000000000000004,0.8660254037844384,0.3373010691361842,0.9413968285264122,0,0,0,0,0,1.5788907,NORMAL
2019-01-21,96851,Stasiun Klimatologi DI Yogyakarta,Kab. Sleman,DI Yogyakarta,23.8,30.0,26.6,87.0,8.5,4.8,5.0,3.0,6.199999999999999,15.5,80.19999999999996,5.7,1.0,-0.7660444431189779,-0.6427876096865395,0.3534446712740877,0.9354554315134164,0,0,0,0,0,1.5839974,NORMAL
2019-01-22,96851,Stasiun Klimatologi DI Yogyakarta,Kab. Sleman,DI Yogyakarta,23.4,28.9,24.9,93.0,12.6,2.9,4.0,1.0,5.5,23.9,81.89999999999998,4.1,-1.0,-0.9396926207859084,-0.3420201433256685,0.3694836834473831,0.9292372181882051,0,0,0,0,0,1.5506259,NORMAL
2019-01-23,96851,Stasiun Klimatologi DI Yogyakarta,Kab. Sleman,DI Yogyakarta,22.2,30.8,25.2,88.0,19.2,0.0,4.0,1.0,8.600000000000001,40.3,81.29999999999997,6.6,0.0,-0.8660254037844386,0.5000000000000001,0.3854133594543256,0.9227440286201428,0,0,0,0,0,1.5352625,NORMAL
2019-01-24,96851,Stasiun Klimatologi DI Yogyakarta,Kab. Sleman,DI Yogyakarta,21.8,31.4,25.2,88.0,4.9,1.0,6.0,2.0,9.599999999999998,36.7,70.29999999999997,-14.3,2.0,1.2246467991473532e-16,-1.0,0.4012289854475009,0.9159777842484876,0,0,0,0,0,1.5751914,NORMAL
2019-01-25,96851,Stasiun Klimatologi DI Yogyakarta,Kab. Sleman,DI Yogyakarta,22.3,31.6,25.1,92.0,20.7,6.6,6.0,1.0,9.3,44.8,72.89999999999998,15.8,0.0,-0.6427876096865396,0.7660444431189778,0.4169258813287287,0.908940487313808,0,0,0,0,0,1.5915138,NORMAL
2019-01-26,96851,Stasiun Klimatologi DI Yogyakarta,Kab. Sleman,DI Yogyakarta,22.8,31.3,26.6,82.0,28.7,5.1,5.0,2.0,8.5,54.3,97.39999999999996,8.0,-1.0,-1.0,-1.8369701987210294e-16,0.4324994021339788,0.901634220265486,0,0,0,0,0,1.5975066,NORMAL
2019-01-27,96851,Stasiun Klimatologi DI Yogyakarta,Kab. Sleman,DI Yogyakarta,23.8,31.5,26.2,90.0,1.3,3.6,5.0,1.0,7.699999999999999,50.7,95.89999999999996,-27.4,0.0,-1.0,-1.8369701987210294e-16,0.4479449394078911,0.8940611451454876,0,0,0,0,0,1.6316972,NORMAL
2019-01-28,96851,Stasiun Klimatologi DI Yogyakarta,Kab. Sleman,DI Yogyakarta,22.2,32.8,26.9,82.0,10.0,4.0,3.0,1.0,10.599999999999998,40.0,97.39999999999998,8.7,-2.0,-1.0,-1.8369701987210294e-16,0.4632579225674917,0.88622350294858,0,0,0,0,0,1.6098577,NORMAL
2019-01-29,96851,Stasiun Klimatologi DI Yogyakarta,Kab. Sleman,DI Yogyakarta,23.3,32.3,26.5,87.0,0.0,7.7,3.0,2.0,8.999999999999996,11.3,84.79999999999998,-10.0,0.0,0.8660254037844387,-0.4999999999999998,0.4784338202547012,0.8781236129591848,0,0,0,0,0,1.5031034,NORMAL
2019-01-30,96851,Stasiun Klimatologi DI Yogyakarta,Kab. Sleman,DI Yogyakarta,22.6,32.4,26.2,84.0,35.0,4.6,5.0,2.0,9.799999999999995,45.0,100.59999999999997,35.0,2.0,-0.8660254037844386,0.5000000000000001,0.4934681416772373,0.8697638720650646,0,0,0,0,0,1.5639615,NORMAL
2019-01-31,96851,Stasiun Klimatologi DI Yogyakarta,Kab. Sleman,DI Yogyakarta,22.4,31.0,26.2,83.0,61.8,7.2,4.0,2.0,8.600000000000001,96.8,157.49999999999997,26.8,-1.0,-0.9396926207859084,-0.3420201433256685,0.5083564379375122,0.8611467540480452,0,0,0,0,0,1.6947414,NORMAL
2019-02-01,96851,Stasiun Klimatologi DI Yogyakarta,Kab. Sleman,DI Yogyakarta,23.3,31.5,26.5,82.0,0.4,4.2,4.0,2.0,8.2,97.2,137.2,-61.4,0.0,-0.9396926207859084,-0.3420201433256685,0.5230943033491326,0.8522748088519838,0,0,0,0,0,2.0748405,NORMAL
2019-02-02,96851,Stasiun Klimatologi DI Yogyakarta,Kab. Sleman,DI Yogyakarta,23.3,31.6,26.7,84.0,15.9,7.2,5.0,2.0,8.3,78.1,124.39999999999998,15.5,1.0,-0.9396926207859084,-0.3420201433256685,0.5376773767406141,0.8431506618282,0,0,0,0,0,2.0019774,NORMAL
2019-02-03,96851,Stasiun Klimatologi DI Yogyakarta,Kab. Sleman,DI Yogyakarta,23.6,31.6,27.2,81.0,0.0,8.6,5.0,2.0,8.0,16.3,123.09999999999998,-15.9,0.0,-0.6427876096865393,-0.766044443118978,0.5521013427459208,0.8337770129585915,0,0,0,0,0,2.0084786,NORMAL
2019-02-04,96851,Stasiun Klimatologi DI Yogyakarta,Kab. Sleman,DI Yogyakarta,24.2,30.8,26.7,88.0,0.0,6.9,5.0,2.0,6.600000000000001,15.9,113.09999999999997,0.0,0.0,-1.0,-1.8369701987210294e-16,0.5663619330814524,0.8241566360566663,0,0,0,0,0,2.0238292,NORMAL
2019-02-05,96851,Stasiun Klimatologi DI Yogyakarta,Kab. Sleman,DI Yogyakarta,24.2,30.5,26.6,87.0,30.7,5.1,6.0,3.0,6.300000000000001,30.7,143.79999999999995,30.7,1.0,-0.7660444431189779,-0.6427876096865395,0.580454927809098,0.8142923779467267,0,0,0,0,0,2.1406906,NORMAL
2019-02-06,96851,Stasiun Klimatologi DI Yogyakarta,Kab. Sleman,DI Yogyakarta,23.8,31.9,27.5,82.0,1.0,5.2,5.0,3.0,8.099999999999998,31.7,109.79999999999995,-29.7,-1.0,-0.9396926207859084,-0.3420201433256685,0.5943761565849831,0.804187157621448,0,0,0,0,0,2.0524786,NORMAL
2019-02-07,96851,Stasiun Klimatologi DI Yogyakarta,Kab. Sleman,DI Yogyakarta,24.0,30.8,26.4,86.0,6.4,8.4,6.0,3.0,6.800000000000001,38.1,54.39999999999997,5.4,1.0,-0.9396926207859084,-0.3420201433256685,0.6081214998935418,0.7938439653781019,0,0,0,0,0,1.9521083,NORMAL
2019-02-08,96851,Stasiun Klimatologi DI Yogyakarta,Kab. Sleman,DI Yogyakarta,24.0,29.8,25.1,90.0,31.5,4.3,4.0,2.0,5.800000000000001,38.900000000000006,85.49999999999997,25.1,-2.0,-0.7660444431189779,-0.6427876096865395,0.6216868902665479,0.7832658619336791,0,0,0,0,0,2.0158613,NORMAL
2019-02-09,96851,Stasiun Klimatologi DI Yogyakarta,Kab. Sleman,DI Yogyakarta,24.0,30.5,26.6,84.0,2.9,3.0,4.0,2.0,6.5,40.8,72.49999999999997,-28.6,0.0,-0.984807753012208,-0.1736481776669303,0.6350683134867438,0.7724559775191742,0,0,0,0,0,2.0889385,NORMAL
2019-02-10,96851,Stasiun Klimatologi DI Yogyakarta,Kab. Sleman,DI Yogyakarta,23.6,31.4,26.8,84.0,0.0,9.1,5.0,2.0,7.800000000000001,34.400000000000006,72.49999999999997,-2.9,1.0,-0.3420201433256686,-0.9396926207859084,0.6482618097757122,0.7614175109532997,0,0,0,0,0,2.0787845,NORMAL
2019-02-11,96851,Stasiun Klimatologi DI Yogyakarta,Kab. Sleman,DI Yogyakarta,23.2,30.4,25.5,86.0,10.5,5.2,4.0,2.0,7.199999999999999,13.400000000000004,82.99999999999997,10.5,-1.0,-0.7660444431189779,-0.6427876096865395,0.6612634749656386,0.7501537286959042,0,0,0,0,0,2.0558038,NORMAL
2019-02-12,96851,Stasiun Klimatologi DI Yogyakarta,Kab. Sleman,DI Yogyakarta,23.6,29.4,26.1,88.0,2.2,4.8,5.0,2.0,5.799999999999997,12.700000000000005,54.49999999999997,-8.3,1.0,-0.7660444431189779,-0.6427876096865395,0.6740694616546161,0.7386679638813748,0,0,0,0,0,2.0788484,NORMAL
2019-02-13,96851,Stasiun Klimatologi DI Yogyakarta,Kab. Sleman,DI Yogyakarta,23.9,32.1,26.9,82.0,0.0,4.949999999999999,4.0,1.0,8.200000000000003,12.700000000000005,53.49999999999997,-2.2,-1.0,-0.7660444431189779,-0.6427876096865395,0.6866759803451553,0.726963615332308,0,0,0,0,0,2.027771,NORMAL
2019-02-14,96851,Stasiun Klimatologi DI Yogyakarta,Kab. Sleman,DI Yogyakarta,23.0,31.0,26.0,89.0,16.1,5.1,4.0,1.0,8.0,18.300000000000004,63.19999999999997,16.1,0.0,-0.3420201433256686,-0.9396926207859084,0.6990793005655562,0.7150441465537444,0,0,0,0,0,2.027,NORMAL
2019-02-15,96851,Stasiun Klimatologi DI Yogyakarta,Kab. Sleman,DI Yogyakarta,24.0,30.6,27.1,84.0,1.0,3.6,4.0,2.0,6.600000000000001,17.100000000000005,32.699999999999974,-15.1,0.0,-0.7660444431189779,-0.6427876096865395,0.7112757519738152,0.7029130847082615,0,0,0,0,0,2.0304694,NORMAL
2019-02-16,96851,Stasiun Klimatologi DI Yogyakarta,Kab. Sleman,DI Yogyakarta,22.8,31.5,25.7,86.0,1.3,5.9,4.0,2.0,8.7,18.40000000000001,31.099999999999977,0.3,0.0,-0.1736481776669304,-0.984807753012208,0.7232617254437388,0.6905740195722294,0,0,0,0,0,1.9766339,NORMAL
2019-02-17,96851,Stasiun Klimatologi DI Yogyakarta,Kab. Sleman,DI Yogyakarta,22.2,32.0,26.1,83.0,28.1,7.8,4.0,2.0,9.8,30.40000000000001,59.19999999999997,26.8,0.0,-0.8660254037844386,0.5000000000000001,0.7350336741329412,0.6780306024735382,0,0,0,0,0,2.0103679,NORMAL
2019-02-18,96851,Stasiun Klimatologi DI Yogyakarta,Kab. Sleman,DI Yogyakarta,23.4,32.4,25.8,86.0,0.0,6.7,4.0,1.0,9.0,29.40000000000001,48.69999999999997,-28.1,0.0,-0.7660444431189781,0.6427876096865393,0.746588114532413,0.6652865452111116,0,0,0,0,0,2.1066918,NORMAL
2019-02-19,96851,Stasiun Klimatologi DI Yogyakarta,Kab. Sleman,DI Yogyakarta,22.5,31.8,26.1,84.0,6.5,5.6,6.0,1.0,9.3,34.60000000000001,52.99999999999997,6.5,2.0,0.766044443118978,0.6427876096865394,0.7579216274973472,0.6523456189565257,0,0,0,0,0,2.1541846,NORMAL
2019-02-20,96851,Stasiun Klimatologi DI Yogyakarta,Kab. Sleman,DI Yogyakarta,23.0,31.0,24.3,91.0,4.0,5.1,4.0,1.0,8.0,10.500000000000004,56.99999999999997,-2.5,-2.0,-1.0,-1.8369701987210294e-16,0.7690308592589181,0.6392116531380588,0,0,0,0,0,2.1660926,NORMAL
2019-02-21,96851,Stasiun Klimatologi DI Yogyakarta,Kab. Sleman,DI Yogyakarta,22.6,31.8,26.1,85.0,25.6,3.6,3.0,1.0,9.2,36.10000000000001,66.49999999999997,21.6,-1.0,1.2246467991473532e-16,-1.0,0.7799125224167177,0.6258885343075018,0,0,0,0,0,2.2211392,NORMAL
2019-02-22,96851,Stasiun Klimatologi DI Yogyakarta,Kab. Sleman,DI Yogyakarta,22.8,31.6,26.0,88.0,5.3,6.6,4.0,1.0,8.8,34.900000000000006,70.79999999999997,-20.3,1.0,0.984807753012208,-0.1736481776669303,0.7905633969115482,0.612380204990065,0,0,0,0,0,2.2895775,NORMAL
2019-02-23,96851,Stasiun Klimatologi DI Yogyakarta,Kab. Sleman,DI Yogyakarta,22.0,30.6,25.7,87.0,0.3,6.6,6.0,2.0,8.600000000000001,31.200000000000006,69.79999999999998,-5.0,2.0,0.9396926207859084,-0.3420201433256687,0.8009803309782905,0.5986906625177214,0,0,0,0,0,2.3055518,NORMAL
2019-02-24,96851,Stasiun Klimatologi DI Yogyakarta,Kab. Sleman,DI Yogyakarta,22.6,31.8,26.0,87.0,56.3,6.1,5.0,2.0,9.2,61.900000000000006,97.99999999999996,56.0,-1.0,-0.8660254037844384,-0.5000000000000004,0.8111602420785621,0.5848239578463322,0,0,0,0,0,2.6205835,NORMAL
2019-02-25,96851,Stasiun Klimatologi DI Yogyakarta,Kab. Sleman,DI Yogyakarta,22.6,32.7,26.2,88.0,25.0,6.6,5.0,2.0,10.1,81.60000000000001,122.99999999999996,-31.3,0.0,-0.9396926207859084,0.342020143325669,0.8211001178128892,0.5707841943569036,0,0,0,0,0,2.690042,NORMAL
2019-02-26,96851,Stasiun Klimatologi DI Yogyakarta,Kab. Sleman,DI Yogyakarta,22.6,33.2,27.7,79.0,29.3,8.3,5.0,2.0,10.6,110.6,145.79999999999995,4.300000000000001,0.0,1.2246467991473532e-16,-1.0,0.8307970168121247,0.5565755266413303,0,0,0,0,0,2.65533,NORMAL
2019-02-27,96851,Stasiun Klimatologi DI Yogyakarta,Kab. Sleman,DI Yogyakarta,22.6,33.1,27.3,84.0,11.6,10.0,5.0,2.0,10.5,65.9,153.39999999999998,-17.700000000000003,0.0,-2.4492935982947064e-16,1.0,0.8402480696078469,0.5422021592729844,0,0,0,0,0,2.706586,NORMAL
2019-02-28,96851,Stasiun Klimatologi DI Yogyakarta,Kab. Sleman,DI Yogyakarta,23.8,30.8,25.7,92.0,12.2,7.3,3.0,1.0,7.0,53.10000000000001,139.99999999999997,0.5999999999999996,-2.0,0.3420201433256687,0.9396926207859084,0.8494504794814806,0.527668345562516,0,0,0,0,0,2.764001,NORMAL
2019-03-01,96851,Stasiun Klimatologi DI Yogyakarta,Kab. Sleman,DI Yogyakarta,23.6,32.2,26.0,86.0,9.2,2.4,3.0,2.0,8.600000000000001,33.00000000000001,143.89999999999995,-3.0,0.0,-0.9396926207859084,0.342020143325669,0.8584015232918917,0.512978386299228,0,0,0,0,0,2.6049576,NORMAL
2019-03-02,96851,Stasiun Klimatologi DI Yogyakarta,Kab. Sleman,DI Yogyakarta,23.2,29.6,25.5,89.0,30.9,5.6,3.0,1.0,6.400000000000002,52.3,174.49999999999997,21.7,0.0,-1.0,-1.8369701987210294e-16,0.8670985522812081,0.4981366284784055,0,0,0,0,0,2.419406,NORMAL
2019-03-03,96851,Stasiun Klimatologi DI Yogyakarta,Kab. Sleman,DI Yogyakarta,23.2,30.2,26.3,88.0,28.3,2.0,3.0,1.0,7.0,68.4,146.49999999999997,-2.599999999999998,0.0,-0.7660444431189779,-0.6427876096865395,0.8755389928586302,0.4831474640149687,0,0,0,0,0,2.0769956,NORMAL
2019-03-04,96851,Stasiun Klimatologi DI Yogyakarta,Kab. Sleman,DI Yogyakarta,23.2,31.9,26.6,83.0,5.0,3.0,3.0,1.0,8.7,64.2,126.49999999999996,-23.3,0.0,-0.5000000000000004,0.8660254037844384,0.8837203473619977,0.4680153284438345,0,0,0,0,0,2.080677,NORMAL
2019-03-05,96851,Stasiun Klimatologi DI Yogyakarta,Kab. Sleman,DI Yogyakarta,23.6,32.8,26.4,85.0,0.0,5.1,5.0,2.0,9.199999999999996,33.30000000000001,97.19999999999996,-5.0,2.0,-0.1736481776669304,0.984807753012208,0.8916401947968874,0.452744699607371,0,0,0,0,0,2.086954,NORMAL
2019-03-06,96851,Stasiun Klimatologi DI Yogyakarta,Kab. Sleman,DI Yogyakarta,23.0,30.6,25.8,88.0,19.7,6.4,6.0,2.0,7.600000000000001,24.700000000000006,105.29999999999995,19.7,1.0,-2.4492935982947064e-16,1.0,0.8992961915530253,0.4373400963303323,0,0,0,0,0,2.1500525,NORMAL
2019-03-07,96851,Stasiun Klimatologi DI Yogyakarta,Kab. Sleman,DI Yogyakarta,19.9,29.4,25.1,87.0,41.5,3.4,2.0,0.0,9.5,61.2,134.59999999999997,21.8,-4.0,-0.3420201433256686,-0.9396926207859084,0.9066860720977984,0.4218060770826634,0,0,0,0,0,2.1201837,NORMAL
2019-03-08,96851,Stasiun Klimatologi DI Yogyakarta,Kab. Sleman,DI Yogyakarta,21.45,30.6,26.2,86.0,0.5,0.0,4.0,1.0,9.150000000000002,61.7,125.89999999999996,-41.0,2.0,-1.0,-1.8369701987210294e-16,0.9138076496466616,0.4061472386305788,0,0,0,0,0,2.1906695,NORMAL
2019-03-09,96851,Stasiun Klimatologi DI Yogyakarta,Kab. Sleman,DI Yogyakarta,23.0,31.9,26.9,82.0,0.0,1.9,5.0,2.0,8.899999999999999,42.0,94.99999999999996,-0.5,1.0,-0.984807753012208,-0.1736481776669303,0.9206588168102428,0.3903682146763026,0,0,0,0,0,2.156821,NORMAL
2019-03-10,96851,Stasiun Klimatologi DI Yogyakarta,Kab. Sleman,DI Yogyakarta,23.0,29.5,25.8,84.0,0.0,8.3,4.0,2.0,6.5,0.5,66.69999999999997,0.0,-1.0,-0.984807753012208,-0.1736481776669303,0.9272375462179536,0.374473674486883,0,0,0,0,0,2.064007,NORMAL
2019-03-11,96851,Stasiun Klimatologi DI Yogyakarta,Kab. Sleman,DI Yogyakarta,22.6,31.0,25.5,88.0,3.5,8.3,4.0,2.0,8.399999999999999,3.5,65.19999999999997,3.5,0.0,-0.7660444431189779,-0.6427876096865395,0.9335418911179212,0.3584683215124808,0,0,0,0,0,1.9902917,NORMAL
2019-03-12,96851,Stasiun Klimatologi DI Yogyakarta,Kab. Sleman,DI Yogyakarta,22.0,31.0,26.1,84.0,6.9,4.9,3.0,2.0,9.0,10.4,72.09999999999998,3.4000000000000004,-1.0,-0.9396926207859084,-0.3420201433256685,0.9395699859530622,0.342356891994542,0,0,0,0,0,1.9718044,NORMAL
2019-03-13,96851,Stasiun Klimatologi DI Yogyakarta,Kab. Sleman,DI Yogyakarta,23.0,32.2,26.2,86.0,2.4,5.9,3.0,2.0,9.200000000000005,12.8,54.79999999999997,-4.5,0.0,0.6427876096865393,0.766044443118978,0.945320046913132,0.3261441535642696,0,0,0,0,0,1.9694878,NORMAL
2019-03-14,96851,Stasiun Klimatologi DI Yogyakarta,Kab. Sleman,DI Yogyakarta,22.6,32.4,27.0,81.0,19.3,4.7,3.0,1.0,9.799999999999995,28.6,32.59999999999997,16.900000000000002,0.0,-1.0,-1.8369701987210294e-16,0.9507903724625832,0.3098349038318025,0,0,0,0,0,1.9550748,NORMAL
2019-03-15,96851,Stasiun Klimatologi DI Yogyakarta,Kab. Sleman,DI Yogyakarta,23.2,31.4,26.9,83.0,4.0,5.2,4.0,2.0,8.2,25.700000000000003,36.09999999999997,-15.3,1.0,-0.9396926207859084,-0.3420201433256685,0.9559793438440766,0.2934339689665273,0,0,0,0,0,1.9795573,NORMAL
2019-03-16,96851,Stasiun Klimatologi DI Yogyakarta,Kab. Sleman,DI Yogyakarta,21.4,30.4,25.4,84.0,47.0,6.2,6.0,2.0,9.0,70.3,83.09999999999997,43.0,2.0,-0.9396926207859084,-0.3420201433256685,0.9608854255574976,0.2769462022689364,0,0,0,0,0,2.1911428,NORMAL
2019-03-17,96851,Stasiun Klimatologi DI Yogyakarta,Kab. Sleman,DI Yogyakarta,22.2,27.6,23.3,93.0,16.5,5.6,3.0,2.0,5.400000000000002,67.5,99.59999999999997,-30.5,-3.0,-0.6427876096865396,0.7660444431189778,0.9655071658143364,0.2603764827344581,0,0,0,0,0,2.300361,NORMAL
2019-03-18,96851,Stasiun Klimatologi DI Yogyakarta,Kab. Sleman,DI Yogyakarta,21.9,29.4,25.5,85.0,106.9,0.3,4.0,2.0,7.5,170.4,203.0,90.4,1.0,-0.9396926207859084,0.342020143325669,0.969843196967294,0.2437297136096838,0,0,0,0,0,3.485646,NORMAL
2019-03-19,96851,Stasiun Klimatologi DI Yogyakarta,Kab. Sleman,DI Yogyakarta,22.2,30.8,26.7,82.0,0.7,2.6,3.0,2.0,8.600000000000001,124.1,196.79999999999995,-106.2,-1.0,-0.8660254037844384,-0.5000000000000004,0.9738922359149924,0.2270108209414184,0,0,0,0,0,4.4574804,NORMAL
2019-03-20,96851,Stasiun Klimatologi DI Yogyakarta,Kab. Sleman,DI Yogyakarta,23.2,31.8,26.3,87.0,6.6,0.8,5.0,2.0,8.600000000000001,114.2,201.0,5.9,2.0,-1.0,-1.8369701987210294e-16,0.977653084481664,0.2102247521189836,0,0,0,0,0,4.3958426,NORMAL
2019-03-21,96851,Stasiun Klimatologi DI Yogyakarta,Kab. Sleman,DI Yogyakarta,23.9,31.3,26.7,85.0,18.65,4.0,4.0,2.0,7.400000000000002,25.95,200.35,12.05,-1.0,-0.9396926207859084,-0.3420201433256685,0.981124629771712,0.1933764744102058,0,1,0,0,0,4.342704,NORMAL
2019-03-22,96851,Stasiun Klimatologi DI Yogyakarta,Kab. Sleman,DI Yogyakarta,23.2,31.6,26.1,89.0,30.7,8.1,6.0,2.0,8.400000000000002,55.95,227.05,12.05,2.0,-0.7660444431189781,0.6427876096865393,0.984305844499033,0.1764709734915216,0,0,0,0,0,4.3749595,NORMAL
2019-03-23,96851,Stasiun Klimatologi DI Yogyakarta,Kab. Sleman,DI Yogyakarta,22.6,31.1,26.1,88.0,55.8,5.5,5.0,2.0,8.5,105.15,235.85,25.1,-1.0,-0.7660444431189779,-0.6427876096865395,0.9871957872910084,0.1595132519726365,0,0,0,0,0,4.461344,NORMAL
2019-03-24,96851,Stasiun Klimatologi DI Yogyakarta,Kab. Sleman,DI Yogyakarta,23.0,28.8,25.6,90.0,33.9,0.0,2.0,1.0,5.800000000000001,120.4,253.25,-21.9,-3.0,-0.3420201433256686,-0.9396926207859084,0.9897936029670716,0.1425083279161708,0,0,0,0,0,4.5340624,NORMAL
2019-03-25,96851,Stasiun Klimatologi DI Yogyakarta,Kab. Sleman,DI Yogyakarta,23.8,31.3,26.7,88.0,6.2,0.3,4.0,2.0,7.5,95.9,152.54999999999995,-27.7,2.0,-1.0,-1.8369701987210294e-16,0.992098522791769,0.1254612333527364,0,0,0,0,0,4.6123915,NORMAL
2019-03-26,96851,Stasiun Klimatologi DI Yogyakarta,Kab. Sleman,DI Yogyakarta,23.9,31.6,26.3,88.0,0.0,6.1,4.0,2.0,7.699999999999999,40.10000000000001,151.84999999999997,-6.2,0.0,-0.6427876096865393,-0.766044443118978,0.9941098647022418,0.108377012791876,0,0,0,0,0,4.244764,NORMAL
2019-03-27,96851,Stasiun Klimatologi DI Yogyakarta,Kab. Sleman,DI Yogyakarta,24.0,31.2,26.6,87.0,2.7,5.1,4.0,2.0,7.199999999999999,8.900000000000007,147.94999999999996,2.7,0.0,-0.3420201433256686,-0.9396926207859084,0.9958270335100596,0.0912607217293118,0,0,0,0,0,4.1621027,NORMAL
2019-03-28,96851,Stasiun Klimatologi DI Yogyakarta,Kab. Sleman,DI Yogyakarta,23.8,30.2,25.6,89.0,1.2,5.2,4.0,2.0,6.399999999999999,3.900000000000008,130.49999999999997,-1.5000000000000002,0.0,-0.7660444431189779,-0.6427876096865395,0.9972495210773452,0.0741174251509443,0,0,0,0,0,4.1442747,NORMAL
2019-03-29,96851,Stasiun Klimatologi DI Yogyakarta,Kab. Sleman,DI Yogyakarta,21.9,31.3,26.5,81.0,8.6,4.7,4.0,2.0,9.400000000000002,12.500000000000009,108.39999999999996,7.399999999999999,0.0,-0.8660254037844384,-0.5000000000000004,0.998376906467142,0.0569521960340397,0,0,0,0,0,4.115574,NORMAL
2019-03-30,96851,Stasiun Klimatologi DI Yogyakarta,Kab. Sleman,DI Yogyakarta,22.6,31.7,27.0,80.0,0.0,10.4,4.0,2.0,9.099999999999998,9.800000000000008,52.599999999999966,-8.6,0.0,-0.9396926207859084,-0.3420201433256685,0.9992088560679752,0.0397701138460557,0,0,0,0,0,4.157614,NORMAL
2019-03-31,96851,Stasiun Klimatologi DI Yogyakarta,Kab. Sleman,DI Yogyakarta,23.6,31.8,25.0,93.0,0.0,6.9,5.0,2.0,8.2,8.600000000000007,18.69999999999997,0.0,1.0,-0.7660444431189779,-0.6427876096865395,0.9997451236925734,0.0225762630415454,0,0,0,0,0,4.222911,NORMAL
2019-04-01,96851,Stasiun Klimatologi DI Yogyakarta,Kab. Sleman,DI Yogyakarta,23.2,30.8,27.1,82.0,52.2,6.3,5.0,2.0,7.600000000000001,52.20000000000001,64.69999999999997,52.2,0.0,1.2246467991473532e-16,-1.0,0.9999855506507186,0.0053757315575838,0,0,0,0,0,4.459926,NORMAL
2019-04-02,96851,Stasiun Klimatologi DI Yogyakarta,Kab. Sleman,DI Yogyakarta,22.2,30.6,25.7,86.0,21.8,6.4,5.0,2.0,8.400000000000002,74.00000000000001,86.49999999999997,-30.4,0.0,-0.9396926207859084,-0.3420201433256685,0.9999300657962056,-0.0118263906918325,0,0,0,0,0,4.5171213,NORMAL
2019-04-03,96851,Stasiun Klimatologi DI Yogyakarta,Kab. Sleman,DI Yogyakarta,22.3,32.0,27.0,82.0,12.4,7.4,6.0,2.0,9.7,86.4,96.19999999999996,-9.4,1.0,-0.7660444431189779,-0.6427876096865395,0.9995786855478958,-0.0290250133219752,0,1,0,0,0,4.4973264,NORMAL
2019-04-04,96851,Stasiun Klimatologi DI Yogyakarta,Kab. Sleman,DI Yogyakarta,22.33333333333333,33.4,25.9,88.0,3.0,9.2,3.0,1.0,11.066666666666666,37.20000000000001,97.99999999999996,-9.4,-3.0,0.8660254037844386,0.5000000000000001,0.9989315138848576,-0.0462150469837083,0,0,0,0,0,4.537316,NORMAL
2019-04-05,96851,Stasiun Klimatologi DI Yogyakarta,Kab. Sleman,DI Yogyakarta,22.366666666666667,30.8,25.8,90.0,46.3,4.5,4.0,2.0,8.433333333333334,61.7,135.7,43.3,1.0,-0.9396926207859084,-0.3420201433256685,0.9979887423155984,-0.0633914048695103,0,0,0,0,0,4.6569457,NORMAL
2019-04-06,96851,Stasiun Klimatologi DI Yogyakarta,Kab. Sleman,DI Yogyakarta,22.4,30.2,26.4,90.0,46.3,3.7,6.0,2.0,7.800000000000001,95.6,182.0,0.0,2.0,-1.0,-1.8369701987210294e-16,0.9967506498213928,-0.0805490042187416,0,0,0,0,0,4.538327,NORMAL
2019-04-07,96851,Stasiun Klimatologi DI Yogyakarta,Kab. Sleman,DI Yogyakarta,22.8,31.3,26.9,82.0,0.0,7.1,4.0,2.0,8.5,92.6,182.0,-46.3,-2.0,-0.984807753012208,-0.1736481776669303,0.9952176027737294,-0.0976827678217159,0,0,0,0,0,4.5659633,NORMAL
2019-04-08,96851,Stasiun Klimatologi DI Yogyakarta,Kab. Sleman,DI Yogyakarta,23.3,31.4,26.2,88.0,0.0,9.6,3.0,2.0,8.099999999999998,46.3,129.79999999999995,0.0,-1.0,1.2246467991473532e-16,-1.0,0.9933900548258936,-0.114787625522127,0,0,0,0,0,4.549111,NORMAL
2019-04-09,96851,Stasiun Klimatologi DI Yogyakarta,Kab. Sleman,DI Yogyakarta,23.8,31.8,27.2,83.0,10.1,5.7,3.0,2.0,8.0,10.100000000000009,118.09999999999997,10.1,0.0,-0.984807753012208,-0.1736481776669303,0.9912685467787256,-0.1318585157173911,0,0,0,0,0,4.541198,NORMAL
2019-04-10,96851,Stasiun Klimatologi DI Yogyakarta,Kab. Sleman,DI Yogyakarta,23.8,31.8,26.8,85.0,0.0,6.6,5.0,2.0,8.0,10.100000000000009,105.69999999999996,-10.1,2.0,-0.8660254037844384,-0.5000000000000004,0.9888537064205885,-0.1488903868564548,0,0,0,0,0,4.5745316,NORMAL
2019-04-11,96851,Stasiun Klimatologi DI Yogyakarta,Kab. Sleman,DI Yogyakarta,24.5,30.6,26.7,91.0,0.0,7.9,4.0,1.0,6.100000000000001,10.100000000000009,102.69999999999996,0.0,-1.0,-0.7660444431189779,-0.6427876096865395,0.986146248341595,-0.1658781989346314,0,0,0,0,0,4.601475,NORMAL
2019-04-12,96851,Stasiun Klimatologi DI Yogyakarta,Kab. Sleman,DI Yogyakarta,22.2,31.6,26.3,80.0,15.6,4.2,3.0,1.0,9.400000000000002,15.600000000000009,71.99999999999997,15.6,-1.0,-0.8660254037844384,-0.5000000000000004,0.98314697372215,-0.1828169249850199,0,0,0,0,0,4.6413684,NORMAL
2019-04-13,96851,Stasiun Klimatologi DI Yogyakarta,Kab. Sleman,DI Yogyakarta,24.0,31.6,27.4,84.0,0.0,6.1,4.0,2.0,7.600000000000001,15.600000000000009,25.69999999999997,-15.6,1.0,-0.984807753012208,-0.1736481776669303,0.9798567700958664,-0.1997015525660636,0,0,0,0,0,4.7043753,NORMAL
2019-04-14,96851,Stasiun Klimatologi DI Yogyakarta,Kab. Sleman,DI Yogyakarta,24.2,33.0,28.2,82.0,0.8,3.5,3.0,2.0,8.8,16.400000000000006,26.49999999999997,0.8,-1.0,-0.1736481776669304,-0.984807753012208,0.976276611086932,-0.2165270852448143,0,0,0,0,0,4.784997,NORMAL
2019-04-15,96851,Stasiun Klimatologi DI Yogyakarta,Kab. Sleman,DI Yogyakarta,23.6,32.1,26.6,85.0,0.0,6.6,3.0,1.0,8.5,0.8000000000000071,26.49999999999997,-0.8,0.0,-0.9396926207859084,0.342020143325669,0.9724075561219968,-0.2332885440754551,0,0,0,0,0,4.591806,NORMAL
2019-04-16,96851,Stasiun Klimatologi DI Yogyakarta,Kab. Sleman,DI Yogyakarta,24.0,31.0,26.8,87.0,12.5,6.2,5.0,2.0,7.0,13.300000000000008,28.89999999999997,12.5,2.0,-0.9396926207859084,-0.3420201433256685,0.9682507501166718,-0.2499809690726521,0,0,0,0,0,4.5778337,NORMAL
2019-04-17,96851,Stasiun Klimatologi DI Yogyakarta,Kab. Sleman,DI Yogyakarta,23.2,32.2,26.3,89.0,23.6,4.4,5.0,2.0,9.000000000000004,36.10000000000001,52.49999999999997,11.1,0.0,-0.984807753012208,0.1736481776669299,0.9638074231367308,-0.2665994206792935,0,0,0,0,0,3.2740366,NORMAL
2019-04-18,96851,Stasiun Klimatologi DI Yogyakarta,Kab. Sleman,DI Yogyakarta,23.4,32.8,27.4,85.0,30.4,7.1,3.0,1.0,9.4,66.5,82.89999999999998,6.799999999999997,-2.0,0.1736481776669302,-0.984807753012208,0.9590788900341132,-0.2831389812281835,0,0,0,0,0,2.2449331,NORMAL
2019-04-19,96851,Stasiun Klimatologi DI Yogyakarta,Kab. Sleman,DI Yogyakarta,24.2,32.7,27.9,82.0,0.0,5.6,5.0,3.0,8.500000000000004,54.00000000000001,67.29999999999998,-30.4,2.0,0.3420201433256689,-0.9396926207859084,0.9540665500578388,-0.2995947563972602,0,0,0,0,0,2.3563797,NORMAL
2019-04-20,96851,Stasiun Klimatologi DI Yogyakarta,Kab. Sleman,DI Yogyakarta,23.9,31.4,27.1,82.0,0.0,8.7,3.0,2.0,7.5,30.40000000000001,67.29999999999998,0.0,-2.0,1.2246467991473532e-16,-1.0,0.9487718864399473,-0.3159618766579029,0,0,0,0,0,2.4032516,NORMAL
2019-04-21,96851,Stasiun Klimatologi DI Yogyakarta,Kab. Sleman,DI Yogyakarta,23.3,33.0,27.7,74.0,4.7,4.1,6.0,3.0,9.7,4.700000000000007,71.19999999999997,4.7,3.0,0.8660254037844387,-0.4999999999999998,0.9431964659565866,-0.3322354987159043,0,0,0,0,0,2.4100444,NORMAL
2019-04-22,96851,Stasiun Klimatologi DI Yogyakarta,Kab. Sleman,DI Yogyakarta,23.2,33.4,27.7,78.0,0.0,8.9,5.0,2.0,10.2,4.700000000000007,71.19999999999997,-4.7,-1.0,-1.0,-1.8369701987210294e-16,0.9373419384643772,-0.3484108069446808,0,0,0,0,0,2.2278817,NORMAL
2019-04-23,96851,Stasiun Klimatologi DI Yogyakarta,Kab. Sleman,DI Yogyakarta,24.0,33.6,27.9,80.0,0.0,8.2,3.0,2.0,9.6,4.700000000000007,58.69999999999997,0.0,-2.0,0.4999999999999999,-0.8660254037844387,0.9312100364121948,-0.3644830148102912,0,0,0,0,0,2.0956643,NORMAL
2019-04-24,96851,Stasiun Klimatologi DI Yogyakarta,Kab. Sleman,DI Yogyakarta,24.4,32.0,27.8,81.0,0.0,7.9,5.0,2.0,7.600000000000001,0.0,35.09999999999997,0.0,2.0,-0.5000000000000004,0.8660254037844384,0.9248025743285088,-0.3804473662878516,0,0,0,0,0,2.0227077,NORMAL
2019-04-25,96851,Stasiun Klimatologi DI Yogyakarta,Kab. Sleman,DI Yogyakarta,25.0,32.6,28.2,80.0,1.5,4.2,4.0,2.0,7.600000000000001,1.500000000000007,6.199999999999972,1.5,-1.0,-0.3420201433256686,-0.9396926207859084,0.9181214482844364,-0.3962991372689181,0,0,0,0,0,2.0193293,NORMAL
2019-04-26,96851,Stasiun Klimatologi DI Yogyakarta,Kab. Sleman,DI Yogyakarta,23.2,32.8,27.5,78.0,0.0,5.2,4.0,2.0,9.599999999999998,1.500000000000007,6.199999999999972,-1.5,0.0,-1.0,-1.8369701987210294e-16,0.9111686353326632,-0.4120336369594263,0,0,0,0,0,2.019073,NORMAL
2019-04-27,96851,Stasiun Klimatologi DI Yogyakarta,Kab. Sleman,DI Yogyakarta,23.0,32.4,27.1,80.0,0.0,8.9,4.0,2.0,9.4,1.500000000000007,6.199999999999972,0.0,0.0,-1.0,-1.8369701987210294e-16,0.9039461929224012,-0.4276462092677746,0,0,0,0,0,2.0176888,NORMAL
2019-04-28,96851,Stasiun Klimatologi DI Yogyakarta,Kab. Sleman,DI Yogyakarta,23.3,31.6,26.6,86.0,0.0,10.4,4.0,2.0,8.3,0.0,1.4999999999999716,0.0,0.0,1.0,6.123233995736766e-17,0.8964562582905575,-0.4431322341826345,0,0,0,0,0,2.0346544,NORMAL
2019-04-29,96851,Stasiun Klimatologi DI Yogyakarta,Kab. Sleman,DI Yogyakarta,24.4,32.5,26.85,85.0,17.1,4.7,3.0,1.0,8.100000000000001,17.10000000000001,18.599999999999973,17.1,-1.0,0.984807753012208,-0.1736481776669303,0.8887010478292915,-0.4584871291400876,0,0,0,0,1,2.0801058,NORMAL
2019-04-30,96851,Stasiun Klimatologi DI Yogyakarta,Kab. Sleman,DI Yogyakarta,23.2,32.2,27.1,84.0,76.5,6.25,4.0,1.0,9.000000000000004,93.6,95.09999999999997,59.4,1.0,0.1736481776669302,-0.984807753012208,0.8806828564301475,-0.47370635037968,0,0,0,0,0,2.616219,NORMAL
2019-05-01,96851,Stasiun Klimatologi DI Yogyakarta,Kab. Sleman,DI Yogyakarta,23.4,32.5,26.9,84.0,3.2,7.8,5.0,2.0,9.1,96.8,98.29999999999995,-73.3,1.0,-0.7660444431189779,-0.6427876096865395,0.8724040568049612,-0.4887853942889926,0,0,0,0,1,2.7775922,NORMAL
2019-05-02,96851,Stasiun Klimatologi DI Yogyakarta,Kab. Sleman,DI Yogyakarta,23.8,31.9,26.7,84.0,0.0,9.0,4.0,2.0,8.099999999999998,79.70000000000002,96.79999999999995,-3.2,-1.0,-1.0,-1.8369701987210294e-16,0.8638670987837349,-0.503719798736334,0,0,0,0,0,2.6900449,NORMAL
2019-05-03,96851,Stasiun Klimatologi DI Yogyakarta,Kab. Sleman,DI Yogyakarta,24.0,31.6,27.1,85.0,6.4,8.3,4.0,2.0,7.600000000000001,9.600000000000016,103.19999999999996,6.4,0.0,-0.9396926207859084,-0.3420201433256685,0.8550745085896932,-0.518505144391157,0,0,0,0,0,2.6608267,NORMAL
2019-05-04,96851,Stasiun Klimatologi DI Yogyakarta,Kab. Sleman,DI Yogyakarta,23.0,32.3,26.7,80.0,0.0,7.7,3.0,2.0,9.299999999999995,6.400000000000015,103.19999999999996,-6.4,-1.0,-1.0,-1.8369701987210294e-16,0.8460288880917339,-0.533137056031809,0,0,0,0,0,2.6761851,NORMAL
2019-05-05,96851,Stasiun Klimatologi DI Yogyakarta,Kab. Sleman,DI Yogyakarta,23.0,31.4,26.3,84.0,0.0,9.8,4.0,2.0,8.399999999999999,6.400000000000015,103.19999999999996,0.0,1.0,-0.984807753012208,0.1736481776669299,0.8367329140344921,-0.5476112038402312,0,0,0,0,0,2.4101663,NORMAL
2019-05-06,96851,Stasiun Klimatologi DI Yogyakarta,Kab. Sleman,DI Yogyakarta,23.0,32.6,26.8,84.0,0.0,8.7,3.0,2.0,9.6,0.0,86.09999999999997,0.0,-1.0,-0.9396926207859084,-0.3420201433256685,0.8271893372462497,-0.5619233046832195,0,0,0,0,0,2.2743015,NORMAL
2019-05-07,96851,Stasiun Klimatologi DI Yogyakarta,Kab. Sleman,DI Yogyakarta,23.0,32.3,26.5,84.0,25.4,8.5,4.0,2.0,9.299999999999995,25.400000000000013,34.99999999999997,25.4,1.0,0.8660254037844387,-0.4999999999999998,0.8174009818249189,-0.5760691233798758,0,0,0,0,0,2.1169267,NORMAL
2019-05-08,96851,Stasiun Klimatologi DI Yogyakarta,Kab. Sleman,DI Yogyakarta,23.0,32.0,27.4,79.0,0.7,7.1,4.0,2.0,9.0,26.10000000000001,32.49999999999997,-24.7,0.0,-0.6427876096865393,-0.766044443118978,0.8073707443023492,-0.5900444739548627,0,0,0,0,0,2.188357,NORMAL
2019-05-09,96851,Stasiun Klimatologi DI Yogyakarta,Kab. Sleman,DI Yogyakarta,23.0,32.0,26.9,79.0,0.35,8.9,3.0,2.0,9.0,26.450000000000014,32.84999999999997,-0.35,-1.0,0.4999999999999999,-0.8660254037844387,0.7971015927871943,-0.6038452208771035,0,1,0,0,0,2.1764312,NORMAL
2019-05-10,96851,Stasiun Klimatologi DI Yogyakarta,Kab. Sleman,DI Yogyakarta,22.0,32.2,26.8,76.0,0.0,5.5,4.0,2.0,10.200000000000005,1.050000000000014,26.44999999999997,-0.35,1.0,0.8660254037844387,-0.4999999999999998,0.7865965660866021,-0.6174672802835514,0,0,0,0,0,2.1579537,NORMAL
2019-05-11,96851,Stasiun Klimatologi DI Yogyakarta,Kab. Sleman,DI Yogyakarta,23.0,32.1,27.0,74.0,0.0,5.6,4.0,2.0,9.1,0.3500000000000142,26.44999999999997,0.0,0.0,1.2246467991473532e-16,-1.0,0.7758587728069828,-0.6309066211876704,0,0,0,0,0,2.1531625,NORMAL
2019-05-12,96851,Stasiun Klimatologi DI Yogyakarta,Kab. Sleman,DI Yogyakarta,23.0,32.1,26.4,77.0,0.0,7.8,5.0,2.0,9.1,0.0,26.44999999999997,0.0,1.0,-0.1736481776669304,-0.984807753012208,0.7648913904341226,-0.6441592666722685,0,0,0,0,0,2.1231306,NORMAL
2019-05-13,96851,Stasiun Klimatologi DI Yogyakarta,Kab. Sleman,DI Yogyakarta,22.0,32.0,27.0,76.0,0.0,6.2,4.0,2.0,10.0,0.0,26.44999999999997,0.0,-1.0,-0.984807753012208,-0.1736481776669303,0.753697664392914,-0.6572212950663319,0,0,0,0,0,2.1031258,NORMAL
2019-05-14,96851,Stasiun Klimatologi DI Yogyakarta,Kab. Sleman,DI Yogyakarta,23.0,33.2,27.2,78.0,0.0,8.2,3.0,2.0,10.200000000000005,0.0,1.0499999999999714,0.0,-1.0,-0.984807753012208,0.1736481776669299,0.742280907086982,-0.6700888411055113,0,0,0,0,0,2.1094475,NORMAL
2019-05-15,96851,Stasiun Klimatologi DI Yogyakarta,Kab. Sleman,DI Yogyakarta,23.0,32.6,27.6,78.0,0.0,7.7,4.0,2.0,9.6,0.0,0.3499999999999715,0.0,1.0,-0.9396926207859084,-0.3420201433256685,0.7306444969184916,-0.6827580970759147,0,0,0,0,0,2.1292155,NORMAL
2019-05-16,96851,Stasiun Klimatologi DI Yogyakarta,Kab. Sleman,DI Yogyakarta,23.0,31.4,27.1,79.0,0.0,6.7,3.0,2.0,8.399999999999999,0.0,0.0,0.0,-1.0,-0.6427876096865393,-0.766044443118978,0.7187918772884232,-0.6952253139408722,0,0,0,0,0,2.0930533,NORMAL
2019-05-17,96851,Stasiun Klimatologi DI Yogyakarta,Kab. Sleman,DI Yogyakarta,22.0,31.1,25.9,79.0,0.0,8.2,4.0,2.0,9.1,0.0,0.0,0.0,1.0,-0.7660444431189779,-0.6427876096865395,0.7067265555776158,-0.7074868024503348,0,0,0,0,0,2.0512369,NORMAL
2019-05-18,96851,Stasiun Klimatologi DI Yogyakarta,Kab. Sleman,DI Yogyakarta,21.0,31.5,25.8,78.0,0.0,9.2,4.0,2.0,10.5,0.0,0.0,0.0,0.0,-0.984807753012208,0.1736481776669299,0.6944521021088763,-0.719538934232584,0,0,0,0,0,2.014706,NORMAL
2019-05-19,96851,Stasiun Klimatologi DI Yogyakarta,Kab. Sleman,DI Yogyakarta,21.0,31.4,25.7,81.0,0.0,8.8,4.0,2.0,10.4,0.0,0.0,0.0,0.0,-0.7660444431189779,-0.6427876096865395,0.6819721490904629,-0.7313781428679254,0,0,0,0,0,1.9097692,NORMAL
2019-05-20,96851,Stasiun Klimatologi DI Yogyakarta,Kab. Sleman,DI Yogyakarta,22.0,32.0,26.8,79.0,0.0,9.1,3.0,2.0,10.0,0.0,0.0,0.0,-1.0,-0.3420201433256686,-0.9396926207859084,0.6692903895412567,-0.7430009249440493,0,0,0,0,0,1.9091365,NORMAL
2019-05-21,96851,Stasiun Klimatologi DI Yogyakarta,Kab. Sleman,DI Yogyakarta,23.0,33.1,27.2,76.0,0.0,8.8,3.0,2.0,10.1,0.0,0.0,0.0,0.0,-0.7660444431189779,-0.6427876096865395,0.6564105761979381,-0.7544038410927472,0,0,0,0,0,1.8270468,NORMAL
2019-05-22,96851,Stasiun Klimatologi DI Yogyakarta,Kab. Sleman,DI Yogyakarta,23.0,33.5,27.6,75.0,0.0,9.3,3.0,1.0,10.5,0.0,0.0,0.0,0.0,-0.9396926207859084,-0.3420201433256685,0.6433365204044917,-0.765583517007675,0,0,0,0,0,1.7908272,NORMAL
2019-05-23,96851,Stasiun Klimatologi DI Yogyakarta,Kab. Sleman,DI Yogyakarta,23.0,33.4,26.7,82.0,0.0,10.6,4.0,2.0,10.4,0.0,0.0,0.0,1.0,-0.7660444431189779,-0.6427876096865395,0.6300720909843687,-0.7765366444428655,0,1,0,0,0,1.7891195,NORMAL
2019-05-24,96851,Stasiun Klimatologi DI Yogyakarta,Kab. Sleman,DI Yogyakarta,23.0,33.5,27.2,78.0,0.0,8.7,3.0,2.0,10.5,0.0,0.0,0.0,-1.0,0.4999999999999999,-0.8660254037844387,0.6166212130956382,-0.7872599821916922,0,0,0,0,0,1.7532611,NORMAL
2019-05-25,96851,Stasiun Klimatologi DI Yogyakarta,Kab. Sleman,DI Yogyakarta,22.0,32.4,26.7,76.0,0.0,8.9,4.0,2.0,10.4,0.0,0.0,0.0,1.0,-0.984807753012208,0.1736481776669299,0.6029878670694714,-0.7977503570459932,0,0,0,0,0,1.7499081,NORMAL
2019-05-26,96851,Stasiun Klimatologi DI Yogyakarta,Kab. Sleman,DI Yogyakarta,22.5,31.7,26.0,85.0,0.0,10.4,4.0,2.0,9.2,0.0,0.0,0.0,0.0,-0.9396926207859084,-0.3420201433256685,0.5891760872322963,-0.8080046647350754,0,0,0,0,0,1.7503303,NORMAL
2019-05-27,96851,Stasiun Klimatologi DI Yogyakarta,Kab. Sleman,DI Yogyakarta,23.0,31.3,26.4,85.0,7.8,7.4,3.0,1.0,8.3,7.800000000000014,7.799999999999971,7.8,-1.0,-0.8660254037844386,0.5000000000000001,0.5751899607119775,-0.8180198708443175,0,0,0,0,0,1.7555923,NORMAL
2019-05-28,96851,Stasiun Klimatologi DI Yogyakarta,Kab. Sleman,DI Yogyakarta,22.0,32.4,26.7,83.0,3.9,5.1,3.0,2.0,10.4,11.700000000000014,11.69999999999997,-3.9,0.0,0.9396926207859084,0.3420201433256688,0.5610336262283677,-0.8277930117131022,0,1,0,0,0,1.7698934,NORMAL
2019-05-29,96851,Stasiun Klimatologi DI Yogyakarta,Kab. Sleman,DI Yogyakarta,23.0,32.4,27.0,78.0,0.0,9.0,3.0,1.0,9.4,11.700000000000014,11.69999999999997,-3.9,0.0,0.3420201433256689,-0.9396926207859084,0.5467112728685939,-0.8373211953118121,0,0,0,0,0,1.755669,NORMAL
2019-05-30,96851,Stasiun Klimatologi DI Yogyakarta,Kab. Sleman,DI Yogyakarta,23.0,32.3,26.7,78.0,0.0,7.8,4.0,2.0,9.299999999999995,3.900000000000014,11.69999999999997,0.0,1.0,-0.9396926207859084,0.342020143325669,0.5322271388474397,-0.8466016020976267,0,0,0,0,0,1.1663301,NORMAL
2019-05-31,96851,Stasiun Klimatologi DI Yogyakarta,Kab. Sleman,DI Yogyakarta,21.0,31.4,25.6,78.0,0.0,8.6,4.0,2.0,10.4,0.0,11.69999999999997,0.0,0.0,-0.984807753012208,-0.1736481776669303,0.5175855102531889,-0.8556314858488706,0,0,0,0,0,0.63240117,NORMAL
2019-06-01,96851,Stasiun Klimatologi DI Yogyakarta,Kab. Sleman,DI Yogyakarta,21.0,30.0,25.1,81.0,0.0,8.0,3.0,2.0,9.0,0.0,11.69999999999997,0.0,-1.0,-0.6427876096865396,0.7660444431189778,0.5027907197793043,-0.8644081744776648,0,0,0,0,0,0.62029815,NORMAL
2019-06-02,96851,Stasiun Klimatologi DI Yogyakarta,Kab. Sleman,DI Yogyakarta,22.0,30.2,25.3,83.0,0.0,4.8,4.0,2.0,8.2,0.0,11.69999999999997,0.0,1.0,-1.0,-1.8369701987210294e-16,0.4878471454423119,-0.8729290708206411,0,0,0,0,0,0.6261443,NORMAL
2019-06-03,96851,Stasiun Klimatologi DI Yogyakarta,Kab. Sleman,DI Yogyakarta,22.0,29.4,25.3,84.0,0.0,0.0,3.0,1.0,7.399999999999999,0.0,3.899999999999972,0.0,-1.0,-0.8660254037844386,0.5000000000000001,0.4727592092862775,-0.881191653407483,0,0,0,0,0,0.64794004,NORMAL
2019-06-04,96851,Stasiun Klimatologi DI Yogyakarta,Kab. Sleman,DI Yogyakarta,22.0,31.2,25.9,82.0,0.0,0.3,4.0,2.0,9.2,0.0,0.0,0.0,1.0,-1.0,-1.8369701987210294e-16,0.4575313760742512,-0.8891934772070711,0,0,0,0,0,0.65321136,NORMAL
2019-06-05,96851,Stasiun Klimatologi DI Yogyakarta,Kab. Sleman,DI Yogyakarta,23.0,30.8,25.9,84.0,0.0,5.5,3.0,2.0,7.800000000000001,0.0,0.0,0.0,-1.0,-0.9396926207859084,-0.3420201433256685,0.442168151967072,-0.8969321743510065,0,0,0,0,0,0.65211356,NORMAL
2019-06-06,96851,Stasiun Klimatologi DI Yogyakarta,Kab. Sleman,DI Yogyakarta,21.0,31.6,25.8,83.0,0.0,5.7,4.0,2.0,10.6,0.0,0.0,0.0,1.0,-0.984807753012208,-0.1736481776669303,0.4266740831899246,-0.9044054548343,0,0,0,0,0,0.5559351,NORMAL
2019-06-07,96851,Stasiun Klimatologi DI Yogyakarta,Kab. Sleman,DI Yogyakarta,23.0,29.2,25.2,88.0,0.0,8.5,3.0,2.0,6.199999999999999,0.0,0.0,0.0,-1.0,-0.984807753012208,-0.1736481776669303,0.4110537546870351,-0.911611107193024,0,0,0,0,0,0.4978252,NORMAL
2019-06-08,96851,Stasiun Klimatologi DI Yogyakarta,Kab. Sleman,DI Yogyakarta,21.0,29.7,25.1,81.0,0.0,1.2,4.0,2.0,8.7,0.0,0.0,0.0,1.0,-0.9396926207859084,-0.3420201433256685,0.3953117887649151,-0.9185469991587164,0,0,0,0,0,0.5033137,NORMAL
2019-06-09,96851,Stasiun Klimatologi DI Yogyakarta,Kab. Sleman,DI Yogyakarta,22.0,29.6,25.3,83.0,0.0,9.2,4.0,2.0,7.600000000000001,0.0,0.0,0.0,0.0,-0.9396926207859084,0.342020143325669,0.3794528437245443,-0.925211078289358,0,0,0,0,0,0.5063067,NORMAL
2019-06-10,96851,Stasiun Klimatologi DI Yogyakarta,Kab. Sleman,DI Yogyakarta,22.0,30.7,25.5,82.0,0.0,5.2,5.0,2.0,8.7,0.0,0.0,0.0,1.0,-0.984807753012208,-0.1736481776669303,0.3634816124829063,-0.9316013725767188,0,0,0,0,0,0.52272177,NORMAL
2019-06-11,96851,Stasiun Klimatologi DI Yogyakarta,Kab. Sleman,DI Yogyakarta,22.0,31.9,26.5,77.0,0.0,8.4,4.0,2.0,9.9,0.0,0.0,0.0,-1.0,-0.984807753012208,-0.1736481776669303,0.3474028211842774,-0.9377159910299092,0,0,0,0,0,0.5141428,NORMAL
2019-06-12,96851,Stasiun Klimatologi DI Yogyakarta,Kab. Sleman,DI Yogyakarta,21.0,31.2,25.8,78.0,0.0,8.9,4.0,2.0,10.2,0.0,0.0,0.0,0.0,-1.0,-1.8369701987210294e-16,0.3312212278016865,-0.9435531242349544,0,0,0,0,0,0.51034236,NORMAL
2019-06-13,96851,Stasiun Klimatologi DI Yogyakarta,Kab. Sleman,DI Yogyakarta,22.0,30.8,26.0,83.0,0.0,9.5,4.0,2.0,8.8,0.0,0.0,0.0,0.0,-0.984807753012208,-0.1736481776669303,0.3149416207289519,-0.9491110448902284,0,0,0,0,0,0.51466304,NORMAL
2019-06-14,96851,Stasiun Klimatologi DI Yogyakarta,Kab. Sleman,DI Yogyakarta,24.0,30.8,26.0,84.0,0.7,9.6,3.0,2.0,6.800000000000001,0.7000000000000142,0.6999999999999715,0.7,-1.0,-0.3420201433256686,-0.9396926207859084,0.2985688173637202,-0.9543881083175908,0,0,0,0,0,0.51711386,NORMAL
2019-06-15,96851,Stasiun Klimatologi DI Yogyakarta,Kab. Sleman,DI Yogyakarta,24.0,30.9,26.4,83.0,0.0,0.3,5.0,2.0,6.899999999999999,0.7000000000000142,0.6999999999999715,-0.7,2.0,-0.984807753012208,0.1736481776669299,0.2821076626819194,-0.9593827529490744,0,0,0,0,0,0.5516192,NORMAL
2019-06-16,96851,Stasiun Klimatologi DI Yogyakarta,Kab. Sleman,DI Yogyakarta,22.0,31.4,25.7,79.0,0.0,5.4,5.0,2.0,9.4,0.7000000000000142,0.6999999999999715,0.0,0.0,-0.984807753012208,0.1736481776669299,0.2655630278040559,-0.9640935007889756,0,0,0,0,0,0.5559427,NORMAL
2019-06-17,96851,Stasiun Klimatologi DI Yogyakarta,Kab. Sleman,DI Yogyakarta,20.0,31.6,24.7,74.0,0.0,9.2,3.0,2.0,11.6,0.0,0.6999999999999715,0.0,-2.0,0.8660254037844387,-0.4999999999999998,0.2489398085537665,-0.9685189578512204,0,1,0,0,0,0.5637751,NORMAL
2019-06-18,96851,Stasiun Klimatologi DI Yogyakarta,Kab. Sleman,DI Yogyakarta,19.0,30.7,24.3,78.0,0.0,10.4,4.0,2.0,11.7,0.0,0.6999999999999715,0.0,1.0,-0.6427876096865393,-0.766044443118978,0.2322429240090701,-0.9726578145718654,0,0,0,0,0,0.56690675,NORMAL
2019-06-19,96851,Stasiun Klimatologi DI Yogyakarta,Kab. Sleman,DI Yogyakarta,20.0,29.6,24.2,80.0,0.0,9.0,6.0,2.0,9.6,0.0,0.6999999999999715,0.0,2.0,-0.9396926207859084,0.342020143325669,0.2154773150467301,-0.976508846196619,0,0,0,0,0,0.60780483,NORMAL
2019-06-20,96851,Stasiun Klimatologi DI Yogyakarta,Kab. Sleman,DI Yogyakarta,19.0,29.5,23.2,76.0,0.0,9.5,4.0,2.0,10.5,0.0,0.6999999999999715,0.0,-2.0,-0.9396926207859084,0.342020143325669,0.1986479428801711,-0.9800709131432666,0,0,0,0,0,0.62767565,NORMAL
2019-06-21,96851,Stasiun Klimatologi DI Yogyakarta,Kab. Sleman,DI Yogyakarta,18.0,31.4,22.8,81.0,0.0,10.0,4.0,2.0,13.4,0.0,0.0,0.0,0.0,-0.7660444431189779,-0.6427876096865395,0.1817597875913753,-0.9833429613388902,0,0,0,0,0,0.6411431,NORMAL
2019-06-22,96851,Stasiun Klimatologi DI Yogyakarta,Kab. Sleman,DI Yogyakarta,18.0,30.4,23.3,79.0,0.0,10.2,4.0,2.0,12.4,0.0,0.0,0.0,0.0,-0.9396926207859084,-0.3420201433256685,0.1648178466571979,-0.9863240225317866,0,0,0,0,0,0.6372238,NORMAL
2019-06-23,96851,Stasiun Klimatologi DI Yogyakarta,Kab. Sleman,DI Yogyakarta,19.0,29.8,23.6,80.0,0.0,7.8,5.0,2.0,10.8,0.0,0.0,0.0,1.0,-0.984807753012208,-0.1736481776669303,0.1478271334705304,-0.9890132145779884,0,0,0,0,0,0.65018606,NORMAL
2019-06-24,96851,Stasiun Klimatologi DI Yogyakarta,Kab. Sleman,DI Yogyakarta,20.0,30.6,24.8,76.0,0.0,8.5,4.0,2.0,10.6,0.0,0.0,0.0,-1.0,-0.984807753012208,0.1736481776669299,0.1307926758567592,-0.9914097417023038,0,0,0,0,0,0.6406062,NORMAL
2019-06-25,96851,Stasiun Klimatologi DI Yogyakarta,Kab. Sleman,DI Yogyakarta,18.0,31.0,23.8,78.0,0.0,9.9,4.0,2.0,13.0,0.0,0.0,0.0,0.0,-0.7660444431189779,-0.6427876096865395,0.1137195145859496,-0.9935128947338008,0,0,0,0,0,0.6345222,NORMAL
2019-06-26,96851,Stasiun Klimatologi DI Yogyakarta,Kab. Sleman,DI Yogyakarta,19.0,31.6,24.0,81.0,0.0,9.9,5.0,3.0,12.6,0.0,0.0,0.0,1.0,-1.0,-1.8369701987210294e-16,0.0966127018812031,-0.9953220513156602,0,0,0,0,0,0.65495634,NORMAL
2019-06-27,96851,Stasiun Klimatologi DI Yogyakarta,Kab. Sleman,DI Yogyakarta,20.0,31.2,23.8,82.0,0.0,5.7,5.0,2.0,11.2,0.0,0.0,0.0,0.0,-1.0,-1.8369701987210294e-16,0.0794772999236209,-0.9968366760893436,0,0,0,0,0,0.65990883,NORMAL
2019-06-28,96851,Stasiun Klimatologi DI Yogyakarta,Kab. Sleman,DI Yogyakarta,19.0,30.8,24.0,73.0,0.0,2.9,4.0,2.0,11.8,0.0,0.0,0.0,-1.0,0.8660254037844387,-0.4999999999999998,0.062318379354325,-0.998056320853012,0,0,0,0,0,0.6786267,NORMAL
2019-06-29,96851,Stasiun Klimatologi DI Yogyakarta,Kab. Sleman,DI Yogyakarta,19.0,30.4,23.9,75.0,0.0,10.8,5.0,2.0,11.4,0.0,0.0,0.0,1.0,-0.984807753012208,0.1736481776669299,0.0451410177739719,-0.998980624694158,0,0,0,0,0,0.68510973,NORMAL
2019-06-30,96851,Stasiun Klimatologi DI Yogyakarta,Kab. Sleman,DI Yogyakarta,18.0,28.9,23.3,74.0,0.0,0.0,4.0,2.0,10.9,0.0,0.0,0.0,-1.0,-0.8660254037844384,-0.5000000000000004,0.0279502982402103,-0.999609314096404,0,0,0,0,0,0.6886381,NORMAL
2019-07-01,96851,Stasiun Klimatologi DI Yogyakarta,Kab. Sleman,DI Yogyakarta,18.5,29.2,22.9,78.0,0.0,9.3,5.0,2.0,10.7,0.0,0.0,0.0,1.0,-1.0,-1.8369701987210294e-16,0.0107513077635219,-0.9999422030204416,0,0,0,0,0,0.6952763,NORMAL
2019-07-02,96851,Stasiun Klimatologi DI Yogyakarta,Kab. Sleman,DI Yogyakarta,19.0,30.6,23.8,74.0,0.0,10.5,4.0,2.0,11.6,0.0,0.0,0.0,-1.0,-1.0,-1.8369701987210294e-16,-0.0064508641981051,-0.9999791929590824,0,0,0,0,0,0.6852362,NORMAL
2019-07-03,96851,Stasiun Klimatologi DI Yogyakarta,Kab. Sleman,DI Yogyakarta,19.0,31.3,25.0,80.0,0.0,11.9,4.0,2.0,12.3,0.0,0.0,0.0,0.0,-0.6427876096865393,-0.766044443118978,-0.0236511272452315,-0.9997202729664084,0,0,0,0,0,0.6837003,NORMAL
2019-07-04,96851,Stasiun Klimatologi DI Yogyakarta,Kab. Sleman,DI Yogyakarta,21.0,29.4,24.7,86.0,0.0,9.1,5.0,2.0,8.399999999999999,0.0,0.0,0.0,1.0,1.2246467991473532e-16,-1.0,-0.0408443915432961,-0.9991655196610107,0,0,0,0,0,0.6922331,NORMAL
2019-07-05,96851,Stasiun Klimatologi DI Yogyakarta,Kab. Sleman,DI Yogyakarta,21.0,29.4,25.2,84.0,1.8,6.8,3.0,2.0,8.399999999999999,1.8000000000000145,1.7999999999999716,1.8,-2.0,-0.984807753012208,-0.1736481776669303,-0.0580255693287803,-0.9983150972033183,0,0,0,0,0,0.7026164,NORMAL
2019-07-06,96851,Stasiun Klimatologi DI Yogyakarta,Kab. Sleman,DI Yogyakarta,21.0,31.4,25.1,83.0,0.0,0.0,5.0,2.0,10.4,1.8000000000000145,1.7999999999999716,-1.8,2.0,-0.9396926207859084,0.342020143325669,-0.0751895764147585,-0.9971692572470178,0,0,0,0,0,0.7223385,NORMAL
2019-07-07,96851,Stasiun Klimatologi DI Yogyakarta,Kab. Sleman,DI Yogyakarta,21.0,30.6,24.8,80.0,0.0,9.6,4.0,2.0,9.6,1.8000000000000145,1.7999999999999716,0.0,-1.0,-0.8660254037844386,0.5000000000000001,-0.0923313336953912,-0.9957283388645872,0,0,0,0,0,0.72052944,NORMAL
2019-07-08,96851,Stasiun Klimatologi DI Yogyakarta,Kab. Sleman,DI Yogyakarta,21.0,31.2,24.5,82.0,0.0,9.3,4.0,2.0,10.2,0.0,1.7999999999999716,0.0,0.0,-0.9396926207859084,0.342020143325669,-0.1094457686489155,-0.993992768446958,0,0,0,0,0,0.71587706,NORMAL
2019-07-09,96851,Stasiun Klimatologi DI Yogyakarta,Kab. Sleman,DI Yogyakarta,19.0,29.7,23.7,76.0,0.0,8.2,4.0,2.0,10.7,0.0,1.7999999999999716,0.0,0.0,-0.984807753012208,-0.1736481776669303,-0.1265278168386831,-0.9919630595773395,0,0,0,0,0,0.71101207,NORMAL
2019-07-10,96851,Stasiun Klimatologi DI Yogyakarta,Kab. Sleman,DI Yogyakarta,19.0,31.5,23.9,75.0,0.0,10.1,4.0,2.0,12.5,0.0,1.7999999999999716,0.0,0.0,1.0,6.123233995736766e-17,-0.1435724234118113,-0.9896398128792412,0,0,0,0,0,0.7039054,NORMAL
2019-07-11,96851,Stasiun Klimatologi DI Yogyakarta,Kab. Sleman,DI Yogyakarta,19.0,30.2,24.2,80.0,0.0,10.6,4.0,2.0,11.2,0.0,1.7999999999999716,0.0,0.0,-0.9396926207859084,-0.3420201433256685,-0.1605745445949937,-0.9870237158387384,0,0,0,0,0,0.6974468,NORMAL
2019-07-12,96851,Stasiun Klimatologi DI Yogyakarta,Kab. Sleman,DI Yogyakarta,19.0,29.8,23.7,80.0,0.0,7.2,6.0,2.0,10.8,0.0,0.0,0.0,2.0,-0.984807753012208,0.1736481776669299,-0.1775291491870349,-0.984115542601034,0,0,0,0,0,0.72803444,NORMAL
2019-07-13,96851,Stasiun Klimatologi DI Yogyakarta,Kab. Sleman,DI Yogyakarta,20.0,30.4,24.2,74.0,0.0,9.7,6.0,2.0,10.4,0.0,0.0,0.0,0.0,-0.3420201433256686,-0.9396926207859084,-0.1944312200476619,-0.9809161537413774,0,0,0,0,0,0.74631524,NORMAL
2019-07-14,96851,Stasiun Klimatologi DI Yogyakarta,Kab. Sleman,DI Yogyakarta,18.0,29.4,22.9,77.0,0.0,10.0,5.0,3.0,11.4,0.0,0.0,0.0,-1.0,-0.984807753012208,-0.1736481776669303,-0.2112757555821793,-0.9774264960104057,0,0,0,0,0,0.777078,NORMAL
2019-07-15,96851,Stasiun Klimatologi DI Yogyakarta,Kab. Sleman,DI Yogyakarta,18.0,30.4,23.5,76.0,0.0,10.9,4.0,2.0,12.4,0.0,0.0,0.0,-1.0,0.3420201433256689,-0.9396926207859084,-0.2280577712215198,-0.9736476020539838,0,0,0,0,0,0.7654932,NORMAL
2019-07-16,96851,Stasiun Klimatologi DI Yogyakarta,Kab. Sleman,DI Yogyakarta,18.0,29.2,23.2,77.0,0.0,8.0,4.0,2.0,11.2,0.0,0.0,0.0,0.0,-0.5000000000000001,-0.8660254037844386,-0.2447723008972595,-0.9695805901076308,0,0,0,0,0,0.76326275,NORMAL
2019-07-17,96851,Stasiun Klimatologi DI Yogyakarta,Kab. Sleman,DI Yogyakarta,18.0,29.6,23.6,77.0,0.0,7.2,4.0,2.0,11.6,0.0,0.0,0.0,0.0,-0.9396926207859084,-0.3420201433256685,-0.2614143985111562,-0.965226663665613,0,0,0,0,0,0.7602408,NORMAL
2019-07-18,96851,Stasiun Klimatologi DI Yogyakarta,Kab. Sleman,DI Yogyakarta,20.0,30.3,24.1,81.0,0.0,10.0,4.0,2.0,10.3,0.0,0.0,0.0,0.0,-0.8660254037844386,0.5000000000000001,-0.2779791393987801,-0.9605871111248128,0,0,0,0,0,0.7635596,NORMAL
2019-07-19,96851,Stasiun Klimatologi DI Yogyakarta,Kab. Sleman,DI Yogyakarta,21.0,28.4,24.0,84.0,0.0,10.0,4.0,1.0,7.399999999999999,0.0,0.0,0.0,0.0,-0.984807753012208,0.1736481776669299,-0.2944616217868012,-0.9556633054034704,0,0,0,0,0,0.7283022,NORMAL
2019-07-20,96851,Stasiun Klimatologi DI Yogyakarta,Kab. Sleman,DI Yogyakarta,22.0,27.6,24.6,88.0,0.0,0.2,4.0,2.0,5.600000000000001,0.0,0.0,0.0,0.0,-0.984807753012208,-0.1736481776669303,-0.3108569682435036,-0.9504567035349152,0,0,0,0,0,0.73499477,NORMAL
2019-07-21,96851,Stasiun Klimatologi DI Yogyakarta,Kab. Sleman,DI Yogyakarta,23.0,29.4,25.1,85.0,0.0,1.3,4.0,2.0,6.399999999999999,0.0,0.0,0.0,0.0,-0.9396926207859084,0.342020143325669,-0.3271603271220951,-0.9449688462364056,0,0,0,0,0,0.7426149,NORMAL
2019-07-22,96851,Stasiun Klimatologi DI Yogyakarta,Kab. Sleman,DI Yogyakarta,21.0,29.5,24.3,82.0,0.0,5.7,5.0,2.0,8.5,0.0,0.0,0.0,1.0,0.1218693434051474,0.992546151641322,-0.343366873996388,-0.939201357453208,0,0,0,0,0,0.76034135,NORMAL
2019-07-23,96851,Stasiun Klimatologi DI Yogyakarta,Kab. Sleman,DI Yogyakarta,21.0,30.6,24.8,78.0,0.0,10.2,4.0,2.0,9.6,0.0,0.0,0.0,-1.0,-0.9396926207859084,0.342020143325669,-0.3594718130884232,-0.9331559438780432,0,0,0,0,0,0.7484037,NORMAL
2019-07-24,96851,Stasiun Klimatologi DI Yogyakarta,Kab. Sleman,DI Yogyakarta,21.0,29.8,25.2,78.0,0.0,8.5,4.0,2.0,8.8,0.0,0.0,0.0,0.0,-0.9396926207859084,0.342020143325669,-0.3754703786876202,-0.9268343944460494,0,0,0,0,0,0.75240535,NORMAL
2019-07-25,96851,Stasiun Klimatologi DI Yogyakarta,Kab. Sleman,DI Yogyakarta,19.0,30.8,23.7,79.0,0.0,8.7,5.0,2.0,11.8,0.0,0.0,0.0,1.0,-0.9396926207859084,-0.3420201433256685,-0.3913578365610259,-0.9202385798054076,0,0,0,0,0,0.7645701,NORMAL
2019-07-26,96851,Stasiun Klimatologi DI Yogyakarta,Kab. Sleman,DI Yogyakarta,20.0,30.3,24.8,80.0,0.0,9.9,5.0,2.0,10.3,0.0,0.0,0.0,0.0,-0.8660254037844384,-0.5000000000000004,-0.4071294853542516,-0.9133704517637858,0,0,0,0,0,0.74507934,NORMAL
2019-07-27,96851,Stasiun Klimatologi DI Yogyakarta,Kab. Sleman,DI Yogyakarta,21.0,27.4,24.0,86.0,0.0,7.8,3.0,2.0,6.399999999999999,0.0,0.0,0.0,-2.0,-0.9396926207859084,0.342020143325669,-0.4227806579826773,-0.9062320427107696,0,0,0,0,0,0.7614203,NORMAL
2019-07-28,96851,Stasiun Klimatologi DI Yogyakarta,Kab. Sleman,DI Yogyakarta,20.0,27.8,23.4,81.0,0.0,1.9,5.0,3.0,7.800000000000001,0.0,0.0,0.0,2.0,-1.0,-1.8369701987210294e-16,-0.4383067230125192,-0.898825465016444,0,0,0,0,0,0.79393923,NORMAL
2019-07-29,96851,Stasiun Klimatologi DI Yogyakarta,Kab. Sleman,DI Yogyakarta,21.0,29.4,23.8,81.0,0.0,6.9,4.0,2.0,8.399999999999999,0.0,0.0,0.0,-1.0,-0.984807753012208,-0.1736481776669303,-0.4537030860313442,-0.8911529104063088,0,0,0,0,0,0.781041,NORMAL
2019-07-30,96851,Stasiun Klimatologi DI Yogyakarta,Kab. Sleman,DI Yogyakarta,21.0,29.8,24.8,79.0,0.0,6.8,4.0,2.0,8.8,0.0,0.0,0.0,0.0,-0.8660254037844386,0.5000000000000001,-0.4689651910076318,-0.8832166493127127,0,0,0,0,0,0.76894385,NORMAL
2019-07-31,96851,Stasiun Klimatologi DI Yogyakarta,Kab. Sleman,DI Yogyakarta,21.0,29.2,24.6,78.0,0.0,8.3,5.0,2.0,8.2,0.0,0.0,0.0,1.0,-0.984807753012208,-0.1736481776669303,-0.4840885216389758,-0.8750190302029955,0,0,0,0,0,0.75576323,NORMAL
2019-08-01,96851,Stasiun Klimatologi DI Yogyakarta,Kab. Sleman,DI Yogyakarta,22.0,30.2,25.0,79.0,0.0,6.8,4.0,2.0,8.2,0.0,0.0,0.0,-1.0,-0.9396926207859084,0.342020143325669,-0.4990686026885319,-0.8665624788845385,0,0,0,0,0,0.75073826,NORMAL
2019-08-02,96851,Stasiun Klimatologi DI Yogyakarta,Kab. Sleman,DI Yogyakarta,21.0,30.4,25.0,77.0,0.0,8.7,4.0,2.0,9.4,0.0,0.0,0.0,0.0,-0.3420201433256686,-0.9396926207859084,-0.5139010013093103,-0.8578494977869301,0,0,0,0,0,0.7505818,NORMAL
2019-08-03,96851,Stasiun Klimatologi DI Yogyakarta,Kab. Sleman,DI Yogyakarta,19.0,30.4,23.9,72.0,0.0,8.6,5.0,2.0,11.4,0.0,0.0,0.0,1.0,-0.6427876096865393,-0.766044443118978,-0.5285813283559292,-0.8488826652214553,0,0,0,0,0,0.742507,NORMAL
2019-08-04,96851,Stasiun Klimatologi DI Yogyakarta,Kab. Sleman,DI Yogyakarta,20.0,29.4,24.2,73.0,0.0,9.3,6.0,3.0,9.4,0.0,0.0,0.0,1.0,-0.5000000000000001,-0.8660254037844386,-0.5431052396834317,-0.8396646346181327,0,0,0,0,0,0.7747472,NORMAL
2019-08-05,96851,Stasiun Klimatologi DI Yogyakarta,Kab. Sleman,DI Yogyakarta,18.0,28.4,23.0,74.0,0.0,9.2,5.0,3.0,10.4,0.0,0.0,0.0,-1.0,-0.9396926207859084,-0.3420201433256685,-0.5574684374327892,-0.8301981337405212,0,0,0,0,0,0.7833041,NORMAL
2019-08-06,96851,Stasiun Klimatologi DI Yogyakarta,Kab. Sleman,DI Yogyakarta,19.0,28.2,23.2,77.0,0.0,9.8,7.0,3.0,9.2,0.0,0.0,0.0,2.0,-0.9396926207859084,-0.3420201433256685,-0.5716666713027052,-0.8204859638785327,0,0,0,0,0,0.8544108,NORMAL
2019-08-07,96851,Stasiun Klimatologi DI Yogyakarta,Kab. Sleman,DI Yogyakarta,19.0,28.3,23.3,78.0,0.0,10.4,5.0,2.0,9.3,0.0,0.0,0.0,-2.0,-0.5000000000000001,-0.8660254037844386,-0.5856957398073508,-0.8105309990194823,0,0,0,0,0,0.8926667,NORMAL
2019-08-08,96851,Stasiun Klimatologi DI Yogyakarta,Kab. Sleman,DI Yogyakarta,20.0,29.4,24.1,77.0,0.0,10.2,3.0,2.0,9.4,0.0,0.0,0.0,-2.0,-0.984807753012208,-0.1736481776669303,-0.5995514915196489,-0.8003361849976323,0,0,0,0,0,0.91486204,NORMAL
2019-08-09,96851,Stasiun Klimatologi DI Yogyakarta,Kab. Sleman,DI Yogyakarta,21.0,30.4,24.8,74.0,0.0,4.7,6.0,2.0,9.4,0.0,0.0,0.0,3.0,-0.984807753012208,-0.1736481776669303,-0.6132298262997502,-0.7899045386224707,0,0,0,0,0,0.9409726,NORMAL
2019-08-10,96851,Stasiun Klimatologi DI Yogyakarta,Kab. Sleman,DI Yogyakarta,19.0,30.4,24.5,77.0,0.0,8.2,4.0,2.0,11.4,0.0,0.0,0.0,-2.0,-1.0,-1.8369701987210294e-16,-0.6267266965083301,-0.7792391467859886,0,1,0,0,0,0.9700901,NORMAL
2019-08-11,96851,Stasiun Klimatologi DI Yogyakarta,Kab. Sleman,DI Yogyakarta,19.0,30.0,23.7,77.0,0.0,10.0,6.0,3.0,11.0,0.0,0.0,0.0,2.0,-0.984807753012208,-0.1736481776669303,-0.6400381082043503,-0.7683431655492202,0,0,0,0,0,1.0026536,NORMAL
2019-08-12,96851,Stasiun Klimatologi DI Yogyakarta,Kab. Sleman,DI Yogyakarta,20.0,30.0,23.9,81.0,0.0,9.8,5.0,2.0,10.0,0.0,0.0,0.0,-1.0,-0.984807753012208,-0.1736481776669303,-0.65316012232693,-0.7572198192083127,0,0,0,0,0,1.0069461,NORMAL
2019-08-13,96851,Stasiun Klimatologi DI Yogyakarta,Kab. Sleman,DI Yogyakarta,21.0,30.6,24.9,80.0,0.0,7.7,5.0,2.0,9.6,0.0,0.0,0.0,0.0,-0.984807753012208,0.1736481776669299,-0.666088855860977,-0.7458723993404063,0,0,0,0,0,1.0019394,NORMAL
2019-08-14,96851,Stasiun Klimatologi DI Yogyakarta,Kab. Sleman,DI Yogyakarta,21.0,30.6,24.8,84.0,0.0,8.0,4.0,2.0,9.6,0.0,0.0,0.0,-1.0,-0.984807753012208,0.1736481776669299,-0.6788204829862355,-0.734304263829602,0,0,0,0,0,0.97538334,NORMAL
2019-08-15,96851,Stasiun Klimatologi DI Yogyakarta,Kab. Sleman,DI Yogyakarta,22.0,30.2,25.4,80.0,0.0,7.3,6.0,2.0,8.2,0.0,0.0,0.0,2.0,-0.984807753012208,0.1736481776669299,-0.6913512362094071,-0.722518835873311,0,0,0,0,0,0.98669916,NORMAL
2019-08-16,96851,Stasiun Klimatologi DI Yogyakarta,Kab. Sleman,DI Yogyakarta,20.0,31.0,24.7,78.0,0.0,7.4,5.0,3.0,11.0,0.0,0.0,0.0,-1.0,-1.0,-1.8369701987210294e-16,-0.7036774074790128,-0.7105196029692745,0,0,0,0,0,0.99835193,NORMAL
2019-08-17,96851,Stasiun Klimatologi DI Yogyakarta,Kab. Sleman,DI Yogyakarta,21.0,31.8,25.0,73.0,0.0,9.8,3.0,2.0,10.8,0.0,0.0,0.0,-2.0,-0.8660254037844384,-0.5000000000000004,-0.7157953492826642,-0.6983101158835584,0,0,0,0,0,0.9876533,NORMAL
2019-08-18,96851,Stasiun Klimatologi DI Yogyakarta,Kab. Sleman,DI Yogyakarta,18.0,30.700000000000003,24.0,73.0,0.0,7.6,5.0,2.0,12.700000000000005,0.0,0.0,0.0,2.0,-1.0,-1.8369701987210294e-16,-0.7277014757264236,-0.6858939875998223,0,0,0,0,0,0.9785798,NORMAL
2019-08-19,96851,Stasiun Klimatologi DI Yogyakarta,Kab. Sleman,DI Yogyakarta,20.0,29.6,24.1,74.0,0.0,10.5,5.0,3.0,9.6,0.0,0.0,0.0,0.0,-0.6427876096865393,-0.766044443118978,-0.7393922635959241,-0.673274892250183,0,0,0,0,0,0.97226655,NORMAL
2019-08-20,96851,Stasiun Klimatologi DI Yogyakarta,Kab. Sleman,DI Yogyakarta,21.0,30.4,25.1,75.0,0.0,9.6,4.0,2.0,9.4,0.0,0.0,0.0,-1.0,-0.984807753012208,0.1736481776669299,-0.7508642533989489,-0.6604565640279754,0,0,0,0,0,0.9689935,NORMAL
2019-08-21,96851,Stasiun Klimatologi DI Yogyakarta,Kab. Sleman,DI Yogyakarta,20.0,30.5,24.2,81.0,0.0,10.4,6.0,3.0,10.5,0.0,0.0,0.0,2.0,-0.9396926207859084,-0.3420201433256685,-0.7621140503891487,-0.6474427960827475,0,0,0,0,0,0.9951348,NORMAL
2019-08-22,96851,Stasiun Klimatologi DI Yogyakarta,Kab. Sleman,DI Yogyakarta,21.0,31.0,25.3,78.0,0.0,9.3,4.0,2.0,10.0,0.0,0.0,0.0,-2.0,-1.0,-1.8369701987210294e-16,-0.7731383255706026,-0.6342374393978054,0,0,0,0,0,1.001027,NORMAL
2019-08-23,96851,Stasiun Klimatologi DI Yogyakarta,Kab. Sleman,DI Yogyakarta,19.0,31.0,24.4,74.0,0.0,6.5,4.0,3.0,12.0,0.0,0.0,0.0,0.0,-1.0,-1.8369701987210294e-16,-0.7839338166829201,-0.620844401650647,0,0,0,0,0,1.0136806,NORMAL
2019-08-24,96851,Stasiun Klimatologi DI Yogyakarta,Kab. Sleman,DI Yogyakarta,20.0,32.0,24.1,79.0,0.0,9.8,6.0,3.0,12.0,0.0,0.0,0.0,2.0,-0.8660254037844384,-0.5000000000000004,-0.7944973291665992,-0.6072676460566135,0,0,0,0,0,1.0392432,NORMAL
2019-08-25,96851,Stasiun Klimatologi DI Yogyakarta,Kab. Sleman,DI Yogyakarta,21.0,27.6,24.0,85.0,0.0,6.6,4.0,3.0,6.600000000000001,0.0,0.0,0.0,-2.0,-1.0,-1.8369701987210294e-16,-0.8048257371083452,-0.593511190196115,0,0,0,0,0,1.0554209,NORMAL
2019-08-26,96851,Stasiun Klimatologi DI Yogyakarta,Kab. Sleman,DI Yogyakarta,22.0,27.4,24.6,84.0,1.3,0.5,4.0,2.0,5.399999999999999,1.3000000000000145,1.2999999999999716,1.3,0.0,-0.984807753012208,-0.1736481776669303,-0.8149159841660791,-0.5795791048257612,0,0,0,0,0,1.0608885,NORMAL
2019-08-27,96851,Stasiun Klimatologi DI Yogyakarta,Kab. Sleman,DI Yogyakarta,22.0,29.5,25.3,77.0,0.0,0.1,4.0,2.0,7.5,1.3000000000000145,1.2999999999999716,-1.3,0.0,-0.3420201433256686,-0.9396926207859084,-0.8247650844733614,-0.5654755126737576,0,0,0,0,0,1.0252604,NORMAL
2019-08-28,96851,Stasiun Klimatologi DI Yogyakarta,Kab. Sleman,DI Yogyakarta,19.0,31.0,25.0,74.0,0.0,5.3,4.0,2.0,12.0,1.3000000000000145,1.2999999999999716,0.0,0.0,-0.984807753012208,0.1736481776669299,-0.8343701235229537,-0.5512045872199277,0,0,0,0,0,1.0205064,NORMAL
2019-08-29,96851,Stasiun Klimatologi DI Yogyakarta,Kab. Sleman,DI Yogyakarta,19.0,30.4,24.1,81.0,0.0,10.2,7.0,2.0,11.4,0.0,1.2999999999999716,0.0,3.0,-0.984807753012208,0.1736481776669299,-0.8437282590292712,-0.5367705514607103,0,0,0,0,0,1.0888582,NORMAL
2019-08-30,96851,Stasiun Klimatologi DI Yogyakarta,Kab. Sleman,DI Yogyakarta,20.0,31.0,24.4,79.0,0.0,7.7,4.0,3.0,11.0,0.0,1.2999999999999716,0.0,-3.0,-1.0,-1.8369701987210294e-16,-0.8528367217694595,-0.522177676659508,0,0,0,0,0,1.1101549,NORMAL
2019-08-31,96851,Stasiun Klimatologi DI Yogyakarta,Kab. Sleman,DI Yogyakarta,19.0,31.0,24.3,75.0,0.0,9.5,4.0,2.0,12.0,0.0,1.2999999999999716,0.0,0.0,-0.5000000000000001,-0.8660254037844386,-0.8616928164028521,-0.5074302810827518,0,0,0,0,0,1.1162161,NORMAL
2019-09-01,96851,Stasiun Klimatologi DI Yogyakarta,Kab. Sleman,DI Yogyakarta,20.0,31.0,24.7,78.0,0.0,9.1,5.0,3.0,11.0,0.0,1.2999999999999716,0.0,1.0,-0.9396926207859084,-0.3420201433256685,-0.8702939222685674,-0.4925327287220543,0,0,0,0,0,1.1492023,NORMAL
2019-09-02,96851,Stasiun Klimatologi DI Yogyakarta,Kab. Sleman,DI Yogyakarta,21.0,29.8,25.1,76.0,0.0,9.2,5.0,2.0,8.8,0.0,0.0,0.0,0.0,-0.8660254037844384,-0.5000000000000004,-0.8786374941610001,-0.4774894280028391,0,0,0,0,0,1.1474264,NORMAL
2019-09-03,96851,Stasiun Klimatologi DI Yogyakarta,Kab. Sleman,DI Yogyakarta,21.0,29.4,24.4,79.0,0.0,8.7,6.0,3.0,8.399999999999999,0.0,0.0,0.0,1.0,-0.9396926207859084,-0.3420201433256685,-0.886721063082993,-0.4623048304798108,0,0,0,0,0,1.1505136,NORMAL
2019-09-04,96851,Stasiun Klimatologi DI Yogyakarta,Kab. Sleman,DI Yogyakarta,21.0,32.0,25.6,72.0,0.0,6.5,6.0,2.0,11.0,0.0,0.0,0.0,0.0,-0.9396926207859084,-0.3420201433256685,-0.8945422369764496,-0.4469834295196741,0,0,0,0,0,1.1403221,NORMAL
2019-09-05,96851,Stasiun Klimatologi DI Yogyakarta,Kab. Sleman,DI Yogyakarta,18.0,30.8,24.5,70.0,0.0,10.5,6.0,2.0,12.8,0.0,0.0,0.0,0.0,-0.9396926207859084,-0.3420201433256685,-0.9020987014301836,-0.4315297589714714,0,0,0,0,0,1.0822703,NORMAL
2019-09-06,96851,Stasiun Klimatologi DI Yogyakarta,Kab. Sleman,DI Yogyakarta,19.0,29.8,24.0,76.0,0.0,9.7,6.0,2.0,10.8,0.0,0.0,0.0,0.0,-0.9396926207859084,0.342020143325669,-0.9093882203647924,-0.4159483918249421,0,0,0,0,0,1.0755787,NORMAL
2019-09-07,96851,Stasiun Klimatologi DI Yogyakarta,Kab. Sleman,DI Yogyakarta,20.0,31.0,25.1,76.0,0.0,7.2,5.0,3.0,11.0,0.0,0.0,0.0,-1.0,-0.9396926207859084,-0.3420201433256685,-0.9164086366943458,-0.4002439388573056,0,0,0,0,0,1.0937836,NORMAL
2019-09-08,96851,Stasiun Klimatologi DI Yogyakarta,Kab. Sleman,DI Yogyakarta,22.0,32.0,25.7,77.0,0.0,8.7,6.0,3.0,10.0,0.0,0.0,0.0,1.0,-0.984807753012208,-0.1736481776669303,-0.923157872964704,-0.3844210472688554,0,0,0,0,0,1.0793601,NORMAL
2019-09-09,96851,Stasiun Klimatologi DI Yogyakarta,Kab. Sleman,DI Yogyakarta,22.0,32.8,25.9,76.0,0.0,6.1,5.0,2.0,10.799999999999995,0.0,0.0,0.0,-1.0,-0.984807753012208,0.1736481776669299,-0.9296339319682696,-0.3684843993077793,0,0,0,0,0,1.078112,NORMAL
2019-09-10,96851,Stasiun Klimatologi DI Yogyakarta,Kab. Sleman,DI Yogyakarta,20.0,32.8,25.4,77.0,0.0,9.7,6.0,3.0,12.799999999999995,0.0,0.0,0.0,1.0,-1.0,-1.8369701987210294e-16,-0.935834897334994,-0.3524387108846032,0,0,0,0,0,1.0592374,NORMAL
2019-09-11,96851,Stasiun Klimatologi DI Yogyakarta,Kab. Sleman,DI Yogyakarta,21.0,32.0,25.1,78.0,0.0,9.3,5.0,2.0,11.0,0.0,0.0,0.0,-1.0,-0.984807753012208,0.1736481776669299,-0.9417589340994617,-0.3362887301766828,0,0,0,0,0,1.0506712,NORMAL
2019-09-12,96851,Stasiun Klimatologi DI Yogyakarta,Kab. Sleman,DI Yogyakarta,19.0,30.2,24.3,68.0,0.0,9.6,6.0,3.0,11.2,0.0,0.0,0.0,1.0,-0.6427876096865393,-0.766044443118978,-0.9474042892438844,-0.3200392362231385,0,0,0,0,0,1.0803225,NORMAL
2019-09-13,96851,Stasiun Klimatologi DI Yogyakarta,Kab. Sleman,DI Yogyakarta,19.0,29.6,23.9,73.0,0.0,0.3,4.0,3.0,10.6,0.0,0.0,0.0,-2.0,-0.984807753012208,-0.1736481776669303,-0.9527692922168512,-0.3036950375106588,0,0,0,0,0,1.1065772,NORMAL
2019-09-14,96851,Stasiun Klimatologi DI Yogyakarta,Kab. Sleman,DI Yogyakarta,20.0,31.4,25.1,72.0,0.0,0.0,6.0,2.0,11.4,0.0,0.0,0.0,2.0,-0.7660444431189779,-0.6427876096865395,-0.9578523554276668,-0.2872609705505963,0,0,0,0,0,1.1107435,NORMAL
2019-09-15,96851,Stasiun Klimatologi DI Yogyakarta,Kab. Sleman,DI Yogyakarta,21.0,31.4,25.1,76.0,0.0,0.0,5.0,3.0,10.4,0.0,0.0,0.0,-1.0,-0.1736481776669304,-0.984807753012208,-0.9626519747161488,-0.2707418984477642,0,0,0,0,0,1.1102366,NORMAL
2019-09-16,96851,Stasiun Klimatologi DI Yogyakarta,Kab. Sleman,DI Yogyakarta,20.0,30.5,24.8,80.0,0.0,7.4,5.0,2.0,10.5,0.0,0.0,0.0,0.0,-0.8660254037844386,0.5000000000000001,-0.9671667297977312,-0.2541427094613622,0,0,0,0,0,1.120094,NORMAL
2019-09-17,96851,Stasiun Klimatologi DI Yogyakarta,Kab. Sleman,DI Yogyakarta,20.0,32.6,25.4,75.0,0.0,9.1,5.0,2.0,12.6,0.0,0.0,0.0,0.0,-1.0,-1.8369701987210294e-16,-0.97139528468375,-0.2374683155584684,0,0,0,0,0,1.100596,NORMAL
2019-09-18,96851,Stasiun Klimatologi DI Yogyakarta,Kab. Sleman,DI Yogyakarta,20.0,31.8,24.6,78.0,0.0,8.3,4.0,3.0,11.8,0.0,0.0,0.0,-1.0,-0.8660254037844384,-0.5000000000000004,-0.9753363880767836,-0.2207236509605022,0,0,0,0,0,1.0945157,NORMAL
2019-09-19,96851,Stasiun Klimatologi DI Yogyakarta,Kab. Sleman,DI Yogyakarta,21.0,30.5,25.0,77.0,0.0,10.2,5.0,3.0,9.5,0.0,0.0,0.0,1.0,-0.8660254037844386,0.5000000000000001,-0.978988873740932,-0.2039136706831147,0,0,0,0,0,1.1198711,NORMAL
2019-09-20,96851,Stasiun Klimatologi DI Yogyakarta,Kab. Sleman,DI Yogyakarta,20.0,31.3,25.0,75.0,0.0,9.1,4.0,2.0,11.3,0.0,0.0,0.0,-1.0,-0.7660444431189779,-0.6427876096865395,-0.9823516608469236,-0.1870433490699165,0,0,0,0,0,1.0708212,NORMAL
2019-09-21,96851,Stasiun Klimatologi DI Yogyakarta,Kab. Sleman,DI Yogyakarta,20.0,30.6,25.6,75.0,0.0,9.5,4.0,2.0,10.6,0.0,0.0,0.0,0.0,-0.9396926207859084,-0.3420201433256685,-0.9854237542919524,-0.1701176783204905,0,0,0,0,0,1.0636841,NORMAL
2019-09-22,96851,Stasiun Klimatologi DI Yogyakarta,Kab. Sleman,DI Yogyakarta,20.0,32.0,25.3,75.0,0.0,3.8,5.0,3.0,12.0,0.0,0.0,0.0,1.0,-0.9396926207859084,-0.3420201433256685,-0.9882042449941422,-0.15314166701312,0,0,0,0,0,1.0696187,NORMAL
2019-09-23,96851,Stasiun Klimatologi DI Yogyakarta,Kab. Sleman,DI Yogyakarta,21.0,32.2,26.1,75.0,0.0,9.5,5.0,2.0,11.200000000000005,0.0,0.0,0.0,0.0,-0.984807753012208,-0.1736481776669303,-0.9906923101615608,-0.136120338622667,0,0,0,0,0,1.0133395,NORMAL
2019-09-24,96851,Stasiun Klimatologi DI Yogyakarta,Kab. Sleman,DI Yogyakarta,21.0,32.1,26.2,78.0,0.0,8.9,5.0,3.0,11.1,0.0,0.0,0.0,0.0,-0.9396926207859084,-0.3420201433256685,-0.9928872135356962,-0.1190587300340498,0,0,0,0,0,1.0003691,NORMAL
2019-09-25,96851,Stasiun Klimatologi DI Yogyakarta,Kab. Sleman,DI Yogyakarta,22.0,32.0,26.2,78.0,0.0,10.0,5.0,2.0,10.0,0.0,0.0,0.0,0.0,-1.0,-1.8369701987210294e-16,-0.994788305609327,-0.1019618900517457,0,0,0,0,0,0.9993617,NORMAL
2019-09-26,96851,Stasiun Klimatologi DI Yogyakarta,Kab. Sleman,DI Yogyakarta,22.0,32.4,26.5,76.0,0.0,10.0,5.0,3.0,10.4,0.0,0.0,0.0,0.0,-0.984807753012208,-0.1736481776669303,-0.9963950238187232,-0.0848348779057653,0,0,0,0,0,1.0225387,NORMAL
2019-09-27,96851,Stasiun Klimatologi DI Yogyakarta,Kab. Sleman,DI Yogyakarta,23.0,30.7,26.3,76.0,0.0,10.0,5.0,3.0,7.699999999999999,0.0,0.0,0.0,0.0,-0.7660444431189779,-0.6427876096865395,-0.9977068927101168,-0.0676827617545516,0,0,0,0,0,1.0352663,NORMAL
2019-09-28,96851,Stasiun Klimatologi DI Yogyakarta,Kab. Sleman,DI Yogyakarta,23.0,31.7,26.7,78.0,0.0,4.9,4.0,2.0,8.7,0.0,0.0,0.0,-1.0,-0.7660444431189779,-0.6427876096865395,-0.9987235240803972,-0.0505106171852228,0,0,0,0,0,0.9417983,NORMAL
2019-09-29,96851,Stasiun Klimatologi DI Yogyakarta,Kab. Sleman,DI Yogyakarta,23.0,31.8,26.5,78.0,0.0,5.5,5.0,3.0,8.8,0.0,0.0,0.0,1.0,-1.0,-1.8369701987210294e-16,-0.9994446170919858,-0.0333235257116313,0,0,0,0,0,0.90288866,NORMAL
2019-09-30,96851,Stasiun Klimatologi DI Yogyakarta,Kab. Sleman,DI Yogyakarta,22.0,31.6,25.9,77.0,0.0,6.5,6.0,3.0,9.6,0.0,0.0,0.0,1.0,-0.984807753012208,-0.1736481776669303,-0.9998699583618592,-0.0161265732706577,0,0,0,0,0,0.90458006,NORMAL
2019-10-01,96851,Stasiun Klimatologi DI Yogyakarta,Kab. Sleman,DI Yogyakarta,20.0,31.0,25.5,76.0,0.0,10.1,5.0,3.0,11.0,0.0,0.0,0.0,-1.0,-0.9396926207859084,-0.3420201433256685,-0.9999994220246924,0.0010751512827982,0,0,0,0,0,0.90367377,NORMAL
2019-10-02,96851,Stasiun Klimatologi DI Yogyakarta,Kab. Sleman,DI Yogyakarta,23.0,31.8,26.0,79.0,0.0,10.2,5.0,3.0,8.8,0.0,0.0,0.0,0.0,-0.9396926207859084,-0.3420201433256685,-0.999832969770105,0.0182765576816912,0,0,0,0,0,0.8946696,NORMAL
2019-10-03,96851,Stasiun Klimatologi DI Yogyakarta,Kab. Sleman,DI Yogyakarta,23.0,32.0,26.4,78.0,0.0,7.1,7.0,3.0,9.0,0.0,0.0,0.0,2.0,-1.0,-1.8369701987210294e-16,-0.9993706508539968,0.0354725557531255,0,0,0,0,0,0.92460865,NORMAL
2019-10-04,96851,Stasiun Klimatologi DI Yogyakarta,Kab. Sleman,DI Yogyakarta,23.0,31.3,26.6,78.0,0.0,7.4,6.0,3.0,8.3,0.0,0.0,0.0,-1.0,-0.7660444431189779,-0.6427876096865395,-0.9986126020839734,0.052658056924614,0,0,0,0,0,0.9619758,NORMAL
2019-10-05,96851,Stasiun Klimatologi DI Yogyakarta,Kab. Sleman,DI Yogyakarta,19.0,32.6,26.1,72.0,0.0,7.4,6.0,3.0,13.6,0.0,0.0,0.0,0.0,-0.3420201433256686,-0.9396926207859084,-0.9975590477788612,0.0698279757298708,0,0,0,0,0,1.0209835,NORMAL
2019-10-06,96851,Stasiun Klimatologi DI Yogyakarta,Kab. Sleman,DI Yogyakarta,23.0,31.2,25.9,78.0,0.0,10.3,5.0,3.0,8.2,0.0,0.0,0.0,-1.0,-0.984807753012208,-0.1736481776669303,-0.9962102997023295,0.0869772313136861,0,0,0,0,0,1.0425884,NORMAL
2019-10-07,96851,Stasiun Klimatologi DI Yogyakarta,Kab. Sleman,DI Yogyakarta,23.0,31.8,26.5,79.0,0.0,8.0,6.0,3.0,8.8,0.0,0.0,0.0,1.0,-0.7660444431189779,-0.6427876096865395,-0.9945667569706336,0.1041007489354256,0,0,0,0,0,1.0678998,NORMAL
2019-10-08,96851,Stasiun Klimatologi DI Yogyakarta,Kab. Sleman,DI Yogyakarta,23.0,32.8,26.6,78.0,0.0,5.0,5.0,3.0,9.799999999999995,0.0,0.0,0.0,-1.0,-0.9396926207859084,0.342020143325669,-0.9926289059345096,0.121193461470736,0,0,0,0,0,1.053642,NORMAL
2019-10-09,96851,Stasiun Klimatologi DI Yogyakarta,Kab. Sleman,DI Yogyakarta,23.0,30.4,25.9,81.0,0.0,7.7,5.0,3.0,7.399999999999999,0.0,0.0,0.0,0.0,-0.984807753012208,0.1736481776669299,-0.9903973200352558,0.1382503109109819,0,0,0,0,0,1.0683278,NORMAL
2019-10-10,96851,Stasiun Klimatologi DI Yogyakarta,Kab. Sleman,DI Yogyakarta,23.0,31.8,26.4,81.0,0.0,8.2,5.0,3.0,8.8,0.0,0.0,0.0,0.0,-1.0,-1.8369701987210294e-16,-0.9878726596350428,0.1552662498599956,0,0,0,0,0,1.0518557,NORMAL
2019-10-11,96851,Stasiun Klimatologi DI Yogyakarta,Kab. Sleman,DI Yogyakarta,24.0,31.9,27.8,78.0,0.0,7.1,6.0,3.0,7.900000000000002,0.0,0.0,0.0,1.0,-1.0,-1.8369701987210294e-16,-0.9850556718215012,0.172236243027682,0,0,0,0,0,1.0665846,NORMAL
2019-10-12,96851,Stasiun Klimatologi DI Yogyakarta,Kab. Sleman,DI Yogyakarta,23.0,32.0,26.7,81.0,0.0,9.3,7.0,3.0,9.0,0.0,0.0,0.0,1.0,-0.7660444431189781,0.6427876096865393,-0.981947190186646,0.1891552687200409,0,0,0,0,0,1.0609516,NORMAL
2019-10-13,96851,Stasiun Klimatologi DI Yogyakarta,Kab. Sleman,DI Yogyakarta,23.0,31.9,26.2,82.0,0.0,8.2,4.0,2.0,8.899999999999999,0.0,0.0,0.0,-3.0,-0.9396926207859084,-0.3420201433256685,-0.9785481345802032,0.2060183203251708,0,0,0,0,0,1.0626547,NORMAL
2019-10-14,96851,Stasiun Klimatologi DI Yogyakarta,Kab. Sleman,DI Yogyakarta,23.0,31.4,26.5,78.0,0.0,7.9,6.0,4.0,8.399999999999999,0.0,0.0,0.0,2.0,-1.0,-1.8369701987210294e-16,-0.9748595108374124,0.2228204077947995,0,0,0,0,0,1.0657204,NORMAL
2019-10-15,96851,Stasiun Klimatologi DI Yogyakarta,Kab. Sleman,DI Yogyakarta,23.0,31.8,26.8,75.0,0.0,7.5,6.0,3.0,8.8,0.0,0.0,0.0,0.0,-0.6427876096865393,-0.766044443118978,-0.9708824104813836,0.239556559120927,0,0,0,0,0,1.0632471,NORMAL
2019-10-16,96851,Stasiun Klimatologi DI Yogyakarta,Kab. Sleman,DI Yogyakarta,23.0,30.8,26.4,77.0,0.0,5.0,4.0,2.0,7.800000000000001,0.0,0.0,0.0,-2.0,-0.8660254037844384,-0.5000000000000004,-0.9666180104000972,0.2562218218071163,0,0,0,0,0,1.0580142,NORMAL
2019-10-17,96851,Stasiun Klimatologi DI Yogyakarta,Kab. Sleman,DI Yogyakarta,22.0,31.4,26.4,74.0,0.0,3.7,6.0,3.0,9.4,0.0,0.0,0.0,2.0,-0.9396926207859084,-0.3420201433256685,-0.9620675724981452,0.2728112643340191,0,0,0,0,0,1.0779222,NORMAL
2019-10-18,96851,Stasiun Klimatologi DI Yogyakarta,Kab. Sleman,DI Yogyakarta,22.0,32.4,26.6,75.0,0.0,8.0,6.0,3.0,10.4,0.0,0.0,0.0,0.0,-0.984807753012208,0.1736481776669299,-0.957232443323312,0.2893199776186952,0,0,0,0,0,1.0876663,NORMAL
2019-10-19,96851,Stasiun Klimatologi DI Yogyakarta,Kab. Sleman,DI Yogyakarta,22.0,33.2,26.9,78.0,0.0,10.2,6.0,3.0,11.200000000000005,0.0,0.0,0.0,0.0,-1.0,-1.8369701987210294e-16,-0.9521140536681102,0.3057430764672831,0,0,0,0,0,1.0761973,NORMAL
2019-10-20,96851,Stasiun Klimatologi DI Yogyakarta,Kab. Sleman,DI Yogyakarta,24.0,31.8,27.55,75.0,0.0,9.7,5.0,3.0,7.800000000000001,0.0,0.0,0.0,-1.0,-0.5000000000000001,-0.8660254037844386,-0.9467139181463862,0.3220757010206104,0,0,0,0,1,1.0867409,NORMAL
2019-10-21,96851,Stasiun Klimatologi DI Yogyakarta,Kab. Sleman,DI Yogyakarta,22.0,36.4,28.2,72.0,0.0,8.0,6.0,3.0,14.4,0.0,0.0,0.0,1.0,0.9396926207859084,-0.3420201433256687,-0.9410336347451196,0.3383130181923076,0,0,0,0,0,1.1271467,NORMAL
2019-10-22,96851,Stasiun Klimatologi DI Yogyakarta,Kab. Sleman,DI Yogyakarta,22.0,31.8,26.4,81.0,0.0,10.5,6.0,3.0,9.8,0.0,0.0,0.0,0.0,-0.9396926207859084,-0.3420201433256685,-0.9350748843515574,0.3544502230989869,0,0,0,0,0,1.1193994,NORMAL
2019-10-23,96851,Stasiun Klimatologi DI Yogyakarta,Kab. Sleman,DI Yogyakarta,24.0,33.2,27.3,73.0,0.0,9.3,6.0,3.0,9.200000000000005,0.0,0.0,0.0,0.0,-0.984807753012208,-0.1736481776669303,-0.9288394302558068,0.3704825404820963,0,0,0,0,0,1.1324735,NORMAL
2019-10-24,96851,Stasiun Klimatologi DI Yogyakarta,Kab. Sleman,DI Yogyakarta,22.0,32.2,26.2,81.0,0.0,8.5,6.0,3.0,10.200000000000005,0.0,0.0,0.0,0.0,-0.9396926207859084,-0.3420201433256685,-0.9223291176290545,0.3864052261209853,0,0,0,0,0,1.1368245,NORMAL
2019-10-25,96851,Stasiun Klimatologi DI Yogyakarta,Kab. Sleman,DI Yogyakarta,23.0,32.2,26.9,78.0,0.0,10.1,6.0,3.0,9.200000000000005,0.0,0.0,0.0,0.0,-0.9396926207859084,-0.3420201433256685,-0.9155458729775467,0.4022135682368036,0,0,0,0,0,1.1511322,NORMAL
2019-10-26,96851,Stasiun Klimatologi DI Yogyakarta,Kab. Sleman,DI Yogyakarta,23.0,32.2,27.5,76.0,0.0,10.6,5.0,3.0,9.200000000000005,0.0,0.0,0.0,-1.0,-0.7660444431189779,-0.6427876096865395,-0.9084917035725082,0.4179028888867866,0,0,0,0,0,1.1468455,NORMAL
2019-10-27,96851,Stasiun Klimatologi DI Yogyakarta,Kab. Sleman,DI Yogyakarta,22.0,32.8,27.4,74.0,0.0,6.5,5.0,3.0,10.799999999999995,0.0,0.0,0.0,0.0,-0.9396926207859084,-0.3420201433256685,-0.9011686968561567,0.4334685453485363,0,0,0,0,0,1.1460575,NORMAL
2019-10-28,96851,Stasiun Klimatologi DI Yogyakarta,Kab. Sleman,DI Yogyakarta,23.0,31.8,26.9,79.0,0.0,10.7,6.0,3.0,8.8,0.0,0.0,0.0,1.0,-0.984807753012208,-0.1736481776669303,-0.8935790198239952,0.4489059314938798,0,0,0,0,0,1.1907039,NORMAL
2019-10-29,96851,Stasiun Klimatologi DI Yogyakarta,Kab. Sleman,DI Yogyakarta,23.0,31.6,26.4,80.0,2.5,9.6,6.0,3.0,8.600000000000001,2.500000000000014,2.499999999999972,2.5,0.0,-1.0,-1.8369701987210294e-16,-0.8857249183835637,0.4642104791518923,0,0,0,0,0,1.2013167,NORMAL
2019-10-30,96851,Stasiun Klimatologi DI Yogyakarta,Kab. Sleman,DI Yogyakarta,21.0,32.0,26.7,78.0,0.0,8.8,6.0,3.0,11.0,2.500000000000014,2.499999999999972,-2.5,0.0,-0.984807753012208,-0.1736481776669303,-0.8776087166898392,0.4793776594606945,0,0,0,0,0,1.1948869,NORMAL
2019-10-31,96851,Stasiun Klimatologi DI Yogyakarta,Kab. Sleman,DI Yogyakarta,24.0,32.6,27.7,76.0,0.0,9.9,6.0,3.0,8.600000000000001,2.500000000000014,2.499999999999972,0.0,0.0,-1.0,-1.8369701987210294e-16,-0.8692328164574792,0.4944029842076181,0,0,0,0,0,1.2416978,NORMAL
2019-11-01,96851,Stasiun Klimatologi DI Yogyakarta,Kab. Sleman,DI Yogyakarta,23.0,28.8,25.9,85.0,33.0,7.7,5.0,2.0,5.800000000000001,33.000000000000014,35.49999999999997,33.0,-1.0,-0.8660254037844384,-0.5000000000000004,-0.8605996962501181,0.5092820071573356,0,0,0,0,0,1.3951396,NORMAL
2019-11-02,96851,Stasiun Klimatologi DI Yogyakarta,Kab. Sleman,DI Yogyakarta,24.0,27.8,24.8,86.0,5.2,2.8,4.0,2.0,3.8000000000000007,38.20000000000002,40.69999999999997,-27.8,-1.0,-0.1736481776669304,-0.984807753012208,-0.8517119107469189,0.5240103253675756,0,0,0,0,0,1.4002502,NORMAL
2019-11-03,96851,Stasiun Klimatologi DI Yogyakarta,Kab. Sleman,DI Yogyakarta,23.0,27.8,25.1,86.0,1.6,0.0,4.0,2.0,4.800000000000001,39.80000000000001,42.29999999999997,-3.6,0.0,-0.9396926207859084,0.342020143325669,-0.8425720899866032,0.5385835804920232,0,0,0,0,0,1.416078,NORMAL
2019-11-04,96851,Stasiun Klimatologi DI Yogyakarta,Kab. Sleman,DI Yogyakarta,23.0,27.6,24.8,88.0,1.0,0.4,3.0,2.0,4.600000000000001,7.800000000000015,43.29999999999997,-0.6000000000000001,-1.0,-0.984807753012208,-0.1736481776669303,-0.8331829385891785,0.5529974600700271,0,0,0,0,0,1.4386798,NORMAL
2019-11-05,96851,Stasiun Klimatologi DI Yogyakarta,Kab. Sleman,DI Yogyakarta,23.0,31.0,26.0,82.0,0.0,1.0,5.0,3.0,8.0,2.6000000000000143,40.79999999999997,-1.0,2.0,-1.0,-1.8369701987210294e-16,-0.8235472349556007,0.5672476988027229,0,0,0,0,0,1.4767125,NORMAL
2019-11-06,96851,Stasiun Klimatologi DI Yogyakarta,Kab. Sleman,DI Yogyakarta,20.0,32.4,26.2,72.0,0.0,8.8,5.0,3.0,12.4,1.0000000000000142,40.79999999999997,0.0,0.0,-1.0,-1.8369701987210294e-16,-0.8136678304455991,0.5813300798152042,0,0,0,0,0,1.4653347,NORMAL
2019-11-07,96851,Stasiun Klimatologi DI Yogyakarta,Kab. Sleman,DI Yogyakarta,21.0,32.6,26.6,71.0,0.0,11.5,4.0,2.0,11.6,0.0,40.79999999999997,0.0,-1.0,-1.0,-1.8369701987210294e-16,-0.8035476485339116,0.5952404359043674,0,0,0,0,0,1.4469128,NORMAL
2019-11-08,96851,Stasiun Klimatologi DI Yogyakarta,Kab. Sleman,DI Yogyakarta,23.0,31.8,27.0,75.0,0.0,11.1,4.0,3.0,8.8,0.0,7.799999999999972,0.0,0.0,-0.984807753012208,0.1736481776669299,-0.7931896839451843,0.6089746507720486,0,0,0,0,0,1.4376367,NORMAL
2019-11-09,96851,Stasiun Klimatologi DI Yogyakarta,Kab. Sleman,DI Yogyakarta,24.0,31.8,27.6,76.0,0.0,6.2,6.0,3.0,7.800000000000001,0.0,2.599999999999972,0.0,2.0,-0.9396926207859084,-0.3420201433256685,-0.7825970017677834,0.6225286602431057,0,0,0,0,0,1.4570912,NORMAL
2019-11-10,96851,Stasiun Klimatologi DI Yogyakarta,Kab. Sleman,DI Yogyakarta,24.0,31.8,27.4,79.0,0.0,8.8,6.0,4.0,7.800000000000001,0.0,0.9999999999999716,0.0,0.0,-0.7660444431189779,-0.6427876096865395,-0.7717727365467837,0.6358984534680745,0,0,0,0,0,1.4468921,NORMAL
2019-11-11,96851,Stasiun Klimatologi DI Yogyakarta,Kab. Sleman,DI Yogyakarta,25.0,31.5,27.6,77.0,0.0,8.2,6.0,3.0,6.5,0.0,0.0,0.0,0.0,-1.0,-1.8369701987210294e-16,-0.7607200913564104,0.6490800741100398,0,0,0,0,0,1.3880286,NORMAL
2019-11-12,96851,Stasiun Klimatologi DI Yogyakarta,Kab. Sleman,DI Yogyakarta,24.0,32.0,27.6,78.0,0.0,8.0,5.0,3.0,8.0,0.0,0.0,0.0,-1.0,-0.9396926207859084,-0.3420201433256685,-0.7494423368521953,0.6620696215153815,0,0,0,0,0,1.4115903,NORMAL
2019-11-13,96851,Stasiun Klimatologi DI Yogyakarta,Kab. Sleman,DI Yogyakarta,24.0,34.2,28.0,80.0,1.3,7.2,5.0,2.0,10.200000000000005,1.3000000000000145,1.2999999999999716,1.3,0.0,0.8660254037844387,-0.4999999999999998,-0.7379428103031386,0.6748632518680403,0,0,0,0,0,1.3582762,NORMAL
2019-11-14,96851,Stasiun Klimatologi DI Yogyakarta,Kab. Sleman,DI Yogyakarta,24.0,34.6,27.9,78.0,15.0,8.7,5.0,2.0,10.6,16.300000000000015,16.299999999999972,13.7,0.0,0.6427876096865395,-0.7660444431189779,-0.7262249146041543,0.6874571793269664,0,0,0,0,0,1.3504059,NORMAL
2019-11-15,96851,Stasiun Klimatologi DI Yogyakarta,Kab. Sleman,DI Yogyakarta,24.0,32.3,27.4,81.0,0.0,6.3,5.0,3.0,8.299999999999997,16.300000000000015,16.299999999999972,-15.0,0.0,-0.7660444431189779,-0.6427876096865395,-0.7142921172691032,0.699847677146407,0,0,0,0,0,1.4168112,NORMAL
2019-11-16,96851,Stasiun Klimatologi DI Yogyakarta,Kab. Sleman,DI Yogyakarta,22.0,31.8,27.2,77.0,0.0,10.4,6.0,3.0,9.8,15.000000000000014,16.299999999999972,0.0,1.0,-1.0,-1.8369701987210294e-16,-0.7021479494046978,0.7120310787787131,0,0,0,0,0,1.4048238,NORMAL
2019-11-17,96851,Stasiun Klimatologi DI Yogyakarta,Kab. Sleman,DI Yogyakarta,25.0,32.3,27.8,80.0,0.0,7.6,6.0,3.0,7.299999999999997,0.0,16.299999999999972,0.0,0.0,-0.984807753012208,-0.1736481776669303,-0.6897960046655887,0.7240037789593305,0,0,0,0,0,1.4030945,NORMAL
2019-11-18,96851,Stasiun Klimatologi DI Yogyakarta,Kab. Sleman,DI Yogyakarta,24.0,33.1,27.4,83.0,0.0,8.5,5.0,3.0,9.1,0.0,16.299999999999972,0.0,-1.0,-0.8660254037844384,-0.5000000000000004,-0.6772399381909491,0.7357622347736527,0,0,0,0,0,1.3987548,NORMAL
2019-11-19,96851,Stasiun Klimatologi DI Yogyakarta,Kab. Sleman,DI Yogyakarta,24.0,32.6,27.5,82.0,0.0,6.9,5.0,2.0,8.600000000000001,0.0,16.299999999999972,0.0,0.0,-0.9396926207859084,0.342020143325669,-0.6644834655228552,0.7473029667054297,0,0,0,0,0,1.4077084,NORMAL
2019-11-20,96851,Stasiun Klimatologi DI Yogyakarta,Kab. Sleman,DI Yogyakarta,25.0,30.6,26.8,84.0,0.0,8.8,5.0,3.0,5.600000000000001,0.0,14.999999999999972,0.0,0.0,-0.9396926207859084,-0.3420201433256685,-0.6515303615068021,0.75862255966641,0,0,0,0,0,1.3838388,NORMAL
2019-11-21,96851,Stasiun Klimatologi DI Yogyakarta,Kab. Sleman,DI Yogyakarta,24.0,32.0,27.6,78.0,0.0,4.1,5.0,3.0,8.0,0.0,0.0,0.0,0.0,-0.984807753012208,-0.1736481776669303,-0.6383844591746642,0.769717664006921,0,0,0,0,0,1.3790169,NORMAL
2019-11-22,96851,Stasiun Klimatologi DI Yogyakarta,Kab. Sleman,DI Yogyakarta,24.0,31.2,27.0,80.0,0.0,7.9,5.0,2.0,7.199999999999999,0.0,0.0,0.0,0.0,-1.0,-1.8369701987210294e-16,-0.6250496486104377,0.7805849965070866,0,0,0,0,0,1.3620487,NORMAL
2019-11-23,96851,Stasiun Klimatologi DI Yogyakarta,Kab. Sleman,DI Yogyakarta,25.0,32.4,27.5,82.0,0.0,6.0,5.0,2.0,7.399999999999999,0.0,0.0,0.0,0.0,-0.9396926207859084,-0.3420201433256685,-0.6115298757991053,0.7912213413483807,0,0,0,0,0,1.3425369,NORMAL
2019-11-24,96851,Stasiun Klimatologi DI Yogyakarta,Kab. Sleman,DI Yogyakarta,24.0,31.8,26.8,87.0,37.8,6.6,5.0,3.0,7.800000000000001,37.80000000000001,37.79999999999997,37.8,0.0,-0.9396926207859084,-0.3420201433256685,-0.5978291414589552,0.801623551065242,0,0,0,0,0,1.4785967,NORMAL
2019-11-25,96851,Stasiun Klimatologi DI Yogyakarta,Kab. Sleman,DI Yogyakarta,24.0,31.8,27.4,84.0,7.2,7.6,4.0,2.0,7.800000000000001,45.000000000000014,44.99999999999997,-30.6,-1.0,-0.7660444431189779,-0.6427876096865395,-0.5839514998576998,0.8117885474764613,0,0,0,0,0,1.5753546,NORMAL
2019-11-26,96851,Stasiun Klimatologi DI Yogyakarta,Kab. Sleman,DI Yogyakarta,23.0,32.2,27.3,78.0,0.0,6.6,5.0,3.0,9.200000000000005,45.000000000000014,44.99999999999997,-7.2,1.0,-0.984807753012208,0.1736481776669299,-0.5699010576127624,0.821713322596059,0,0,0,0,0,1.5864636,NORMAL
2019-11-27,96851,Stasiun Klimatologi DI Yogyakarta,Kab. Sleman,DI Yogyakarta,23.0,32.4,27.1,79.0,0.0,10.8,4.0,2.0,9.4,7.200000000000014,44.99999999999997,0.0,-1.0,-0.984807753012208,0.1736481776669299,-0.5556819724760489,0.8313949395234058,0,0,0,0,0,1.5661399,NORMAL
2019-11-28,96851,Stasiun Klimatologi DI Yogyakarta,Kab. Sleman,DI Yogyakarta,24.0,32.2,27.2,80.0,0.0,7.1,5.0,2.0,8.200000000000003,0.0,44.99999999999997,0.0,1.0,-1.0,-1.8369701987210294e-16,-0.5412984521036173,0.8408305333122887,0,0,0,0,0,1.5416561,NORMAL
2019-11-29,96851,Stasiun Klimatologi DI Yogyakarta,Kab. Sleman,DI Yogyakarta,25.0,31.9,27.0,86.0,0.0,6.7,4.0,2.0,6.899999999999999,0.0,44.99999999999997,0.0,-1.0,-0.6427876096865393,-0.766044443118978,-0.5267547528105542,0.8500173118187018,0,0,0,0,0,1.5120307,NORMAL
2019-11-30,96851,Stasiun Klimatologi DI Yogyakarta,Kab. Sleman,DI Yogyakarta,24.0,32.5,27.5,80.0,34.9,5.1,7.0,3.0,8.5,34.90000000000001,79.89999999999998,34.9,3.0,-0.1736481776669304,-0.984807753012208,-0.5120551783114646,0.8589525565270845,0,0,0,0,0,1.6497616,NORMAL
2019-12-01,96851,Stasiun Klimatologi DI Yogyakarta,Kab. Sleman,DI Yogyakarta,24.0,32.2,27.7,84.0,2.0,7.7,4.0,2.0,8.200000000000003,36.90000000000001,44.09999999999997,-32.9,-3.0,-1.0,-1.8369701987210294e-16,-0.4972040784469378,0.8676336233547726,0,0,0,0,0,1.6425685,NORMAL
2019-12-02,96851,Stasiun Klimatologi DI Yogyakarta,Kab. Sleman,DI Yogyakarta,24.0,33.5,28.5,83.0,0.0,7.8,6.0,3.0,9.5,36.90000000000001,36.89999999999997,-2.0,2.0,-0.9396926207859084,-0.3420201433256685,-0.4822058478963526,0.8760579434344281,0,0,0,0,0,1.5870446,NORMAL
2019-12-03,96851,Stasiun Klimatologi DI Yogyakarta,Kab. Sleman,DI Yogyakarta,25.0,31.9,28.4,79.0,0.0,7.5,4.0,2.0,6.899999999999999,2.000000000000014,36.89999999999997,0.0,-2.0,-1.0,-1.8369701987210294e-16,-0.4670649248774303,0.8842230238742036,0,0,0,0,0,1.5816026,NORMAL
2019-12-04,96851,Stasiun Klimatologi DI Yogyakarta,Kab. Sleman,DI Yogyakarta,25.0,32.4,28.0,81.0,13.0,8.2,5.0,2.0,7.399999999999999,13.000000000000014,49.89999999999997,13.0,1.0,-0.984807753012208,-0.1736481776669303,-0.451785789832884,0.8921264484954345,0,0,0,0,0,1.5577655,NORMAL
2019-12-05,96851,Stasiun Klimatologi DI Yogyakarta,Kab. Sleman,DI Yogyakarta,24.0,32.6,28.3,77.0,0.0,7.6,4.0,2.0,8.600000000000001,13.000000000000014,49.89999999999997,-13.0,-1.0,-0.6427876096865393,-0.766044443118978,-0.4363729641045924,0.8997658785476209,0,0,0,0,0,1.5371815,NORMAL
2019-12-06,96851,Stasiun Klimatologi DI Yogyakarta,Kab. Sleman,DI Yogyakarta,24.0,32.8,27.2,84.0,14.7,6.55,5.0,2.0,8.799999999999997,27.700000000000014,64.59999999999997,14.7,1.0,-0.9396926207859084,-0.3420201433256685,-0.4208310085956556,0.9071390534005044,0,1,0,0,0,1.4918773,NORMAL
2019-12-07,96851,Stasiun Klimatologi DI Yogyakarta,Kab. Sleman,DI Yogyakarta,22.0,33.3,27.2,80.0,29.4,5.5,7.0,3.0,11.299999999999995,44.10000000000001,59.099999999999966,14.7,2.0,-0.9396926207859084,-0.3420201433256685,-0.4051645224207563,0.9142437912130223,0,0,0,0,0,1.5401394,NORMAL
2019-12-08,96851,Stasiun Klimatologi DI Yogyakarta,Kab. Sleman,DI Yogyakarta,23.0,32.8,26.8,85.0,14.5,10.1,2.0,1.0,9.799999999999995,58.60000000000001,71.59999999999997,-14.9,-5.0,-1.0,-1.8369701987210294e-16,-0.3893781415452015,0.9210779895789526,0,0,0,0,0,1.6478312,NORMAL
2019-12-09,96851,Stasiun Klimatologi DI Yogyakarta,Kab. Sleman,DI Yogyakarta,24.0,32.0,26.9,86.0,0.0,4.2,6.0,2.0,8.0,43.900000000000006,71.59999999999997,-14.5,4.0,-0.8660254037844384,-0.5000000000000004,-0.3734765374130707,0.9276396261490468,0,0,0,0,0,1.6768897,NORMAL
2019-12-10,96851,Stasiun Klimatologi DI Yogyakarta,Kab. Sleman,DI Yogyakarta,24.0,32.2,27.4,84.0,3.4,5.6,5.0,2.0,8.200000000000003,17.900000000000013,74.99999999999997,3.4,-1.0,-0.3420201433256686,-0.9396926207859084,-0.3574644155648614,0.9339267592294762,0,0,0,0,0,1.635092,NORMAL
2019-12-11,96851,Stasiun Klimatologi DI Yogyakarta,Kab. Sleman,DI Yogyakarta,24.0,31.2,26.5,87.0,35.7,9.5,5.0,2.0,7.199999999999999,39.100000000000016,97.69999999999996,32.300000000000004,0.0,-0.6427876096865393,-0.766044443118978,-0.3413465142450361,0.9399375283564132,0,0,0,0,0,1.7239068,NORMAL
2019-12-12,96851,Stasiun Klimatologi DI Yogyakarta,Kab. Sleman,DI Yogyakarta,22.0,31.8,27.1,84.0,12.6,4.0,3.0,2.0,9.8,51.70000000000002,110.29999999999995,-23.1,-2.0,-0.6427876096865393,-0.766044443118978,-0.3251276029999093,0.9456701548465688,0,0,0,0,0,1.7796897,NORMAL
2019-12-13,96851,Stasiun Klimatologi DI Yogyakarta,Kab. Sleman,DI Yogyakarta,24.0,31.6,25.9,87.0,1.1,2.7,6.0,2.0,7.600000000000001,49.40000000000002,96.69999999999996,-11.5,3.0,0.9396926207859084,0.3420201433256688,-0.3088124812662537,0.9511229423235356,0,0,0,0,0,1.8440219,NORMAL
2019-12-14,96851,Stasiun Klimatologi DI Yogyakarta,Kab. Sleman,DI Yogyakarta,22.0,32.0,26.8,84.0,12.8,4.4,3.0,2.0,10.0,26.50000000000001,80.09999999999998,11.7,-3.0,-0.8660254037844384,-0.5000000000000004,-0.2924059769510773,0.956294277219772,0,0,0,0,0,1.855955,NORMAL
2019-12-15,96851,Stasiun Klimatologi DI Yogyakarta,Kab. Sleman,DI Yogyakarta,22.0,31.0,26.2,88.0,55.3,6.2,10.0,2.0,9.0,69.20000000000002,120.89999999999998,42.5,7.0,-0.6427876096865396,0.7660444431189778,-0.2759129450029604,0.9611826292540836,0,0,0,0,0,2.3132765,NORMAL
2019-12-16,96851,Stasiun Klimatologi DI Yogyakarta,Kab. Sleman,DI Yogyakarta,24.0,31.0,25.8,89.0,30.75,5.6,4.0,2.0,7.0,98.85000000000002,151.64999999999998,-24.55,-6.0,-0.6427876096865393,-0.766044443118978,-0.2593382659754056,0.9657865518844574,0,1,0,0,0,2.4733167,NORMAL
2019-12-17,96851,Stasiun Klimatologi DI Yogyakarta,Kab. Sleman,DI Yogyakarta,22.0,31.5,26.1,86.0,6.2,4.3,6.0,2.0,9.5,92.25,154.44999999999996,-24.55,2.0,-0.8660254037844384,-0.5000000000000004,-0.2426868445825954,0.9701046827361176,0,0,0,0,0,2.5254934,NORMAL
2019-12-18,96851,Stasiun Klimatologi DI Yogyakarta,Kab. Sleman,DI Yogyakarta,23.0,31.4,26.2,88.0,15.6,5.8,6.0,3.0,8.399999999999999,52.55000000000001,134.34999999999997,9.4,0.0,-0.9396926207859084,-0.3420201433256685,-0.225963608248019,0.974135744004672,0,0,0,0,0,2.5284905,NORMAL
2019-12-19,96851,Stasiun Klimatologi DI Yogyakarta,Kab. Sleman,DI Yogyakarta,23.0,32.7,26.6,88.0,23.0,7.7,6.0,2.0,9.700000000000005,44.80000000000001,144.74999999999997,7.4,0.0,-0.9396926207859084,0.342020143325669,-0.2091735056463563,0.9778785428342386,0,0,0,0,0,2.5426006,NORMAL
2019-12-20,96851,Stasiun Klimatologi DI Yogyakarta,Kab. Sleman,DI Yogyakarta,24.0,32.6,27.7,80.0,10.5,7.2,4.0,2.0,8.600000000000001,49.10000000000001,154.14999999999998,-12.5,-2.0,-0.9396926207859084,-0.3420201433256685,-0.1923215052390948,0.9813319716704276,0,0,0,0,0,2.5431046,NORMAL
2019-12-21,96851,Stasiun Klimatologi DI Yogyakarta,Kab. Sleman,DI Yogyakarta,25.0,32.1,27.9,84.0,0.0,9.5,9.0,3.0,7.100000000000001,33.500000000000014,141.34999999999997,-10.5,5.0,0.4999999999999999,-0.8660254037844387,-0.1754125938042784,0.9844950085880858,0,0,0,0,0,2.6967483,NORMAL
2019-12-22,96851,Stasiun Klimatologi DI Yogyakarta,Kab. Sleman,DI Yogyakarta,23.0,32.6,26.3,86.0,14.5,6.4,6.0,3.0,9.6,25.00000000000001,100.54999999999995,14.5,-3.0,-1.0,-1.8369701987210294e-16,-0.1584517749608363,0.9873667175937016,0,0,0,0,0,2.7533326,NORMAL
2019-12-23,96851,Stasiun Klimatologi DI Yogyakarta,Kab. Sleman,DI Yogyakarta,23.0,30.6,26.9,85.0,13.7,4.6,4.0,2.0,7.600000000000001,28.200000000000014,83.49999999999997,-0.8000000000000007,-2.0,-0.984807753012208,-0.1736481776669303,-0.141444067687942,0.989946248902378,0,0,0,0,0,2.7607887,NORMAL
2019-12-24,96851,Stasiun Klimatologi DI Yogyakarta,Kab. Sleman,DI Yogyakarta,23.0,32.6,27.4,79.0,0.0,3.9,5.0,2.0,9.6,28.200000000000014,77.29999999999997,-13.7,1.0,-0.5000000000000004,0.8660254037844384,-0.1243945048397999,0.9922328391893008,0,0,0,0,0,2.5704217,NORMAL
2019-12-25,96851,Stasiun Klimatologi DI Yogyakarta,Kab. Sleman,DI Yogyakarta,24.0,31.6,25.7,88.0,1.6,7.5,4.0,2.0,7.600000000000001,15.300000000000011,63.299999999999976,1.6,-1.0,-0.8660254037844386,0.5000000000000001,-0.1073081316563624,0.994225811815616,0,0,0,0,0,2.4996758,NORMAL
2019-12-26,96851,Stasiun Klimatologi DI Yogyakarta,Kab. Sleman,DI Yogyakarta,24.0,32.0,26.7,85.0,9.2,2.7,4.0,2.0,8.0,10.800000000000011,49.499999999999964,7.6,0.0,-0.8660254037844384,-0.5000000000000004,-0.0901900042703451,0.99592457702866,0,0,0,0,0,2.4793103,NORMAL
2019-12-27,96851,Stasiun Klimatologi DI Yogyakarta,Kab. Sleman,DI Yogyakarta,24.0,32.6,26.9,85.0,0.0,4.1,6.0,1.0,8.600000000000001,10.800000000000011,38.99999999999997,-9.2,2.0,-0.6427876096865393,-0.766044443118978,-0.0730451882110474,0.9973286321364752,0,0,0,0,0,2.5256996,NORMAL
2019-12-28,96851,Stasiun Klimatologi DI Yogyakarta,Kab. Sleman,DI Yogyakarta,24.0,31.8,24.8,93.0,48.4,4.7,2.0,1.0,7.800000000000001,57.60000000000001,87.39999999999998,48.4,-4.0,-2.4492935982947064e-16,1.0,-0.0558787569053731,0.9984375616565666,0,0,0,0,0,2.8577094,NORMAL
2019-12-29,96851,Stasiun Klimatologi DI Yogyakarta,Kab. Sleman,DI Yogyakarta,24.0,32.0,26.1,84.0,2.3,3.4,6.0,2.0,8.0,50.70000000000001,75.19999999999997,-46.1,4.0,0.4999999999999999,0.8660254037844387,-0.0386957901765268,0.999251037438848,0,0,0,0,0,3.1715686,NORMAL
2019-12-30,96851,Stasiun Klimatologi DI Yogyakarta,Kab. Sleman,DI Yogyakarta,24.0,31.8,26.3,88.0,4.5,2.2,4.0,2.0,7.800000000000001,55.20000000000002,65.99999999999997,2.2,-2.0,1.2246467991473532e-16,-1.0,-0.0215013727408137,0.999768818762748,0,0,0,0,0,2.9116948,NORMAL
2019-12-31,96851,Stasiun Klimatologi DI Yogyakarta,Kab. Sleman,DI Yogyakarta,23.0,31.7,25.4,92.0,8.7,4.8,6.0,3.0,8.7,15.500000000000014,74.69999999999996,4.199999999999999,2.0,1.2246467991473532e-16,-1.0,-0.0043005927029819,0.9999907524084426,0,0,0,0,0,2.8336308,NORMAL
2020-01-01,96851,Stasiun Klimatologi DI Yogyakarta,Kab. Sleman,DI Yogyakarta,23.4,31.2,25.0,90.0,29.5,4.8,7.0,2.0,7.800000000000001,42.70000000000002,102.59999999999997,20.8,1.0,-0.9396926207859084,0.342020143325669,0.0172015754182605,0.9998520419557736,0,0,0,0,0,2.8793886,NORMAL
2020-01-02,96851,Stasiun Klimatologi DI Yogyakarta,Kab. Sleman,DI Yogyakarta,22.2,30.4,25.4,87.0,30.9,2.9,4.0,1.0,8.2,69.10000000000001,124.29999999999995,1.3999999999999986,-3.0,-0.5000000000000004,0.8660254037844384,0.034398060613608,0.9994082116062598,0,0,0,0,0,2.9265492,NORMAL
2020-01-03,96851,Stasiun Klimatologi DI Yogyakarta,Kab. Sleman,DI Yogyakarta,22.7,29.4,25.2,90.0,13.3,1.8,8.0,2.0,6.699999999999999,73.70000000000002,137.59999999999997,-17.599999999999998,4.0,-0.9396926207859084,0.342020143325669,0.0515843668694083,0.9986686402879996,0,0,0,0,0,3.0181127,NORMAL
2020-01-04,96851,Stasiun Klimatologi DI Yogyakarta,Kab. Sleman,DI Yogyakarta,23.2,30.4,27.3,83.0,46.6,2.6,6.0,2.0,7.199999999999999,90.8,135.79999999999995,33.3,-2.0,-0.9396926207859084,-0.3420201433256685,0.0687554084811394,0.9976335468520452,0,0,0,0,0,3.2166104,NORMAL
2020-01-05,96851,Stasiun Klimatologi DI Yogyakarta,Kab. Sleman,DI Yogyakarta,24.5,27.9,25.2,94.0,3.0,1.3,4.0,1.0,3.3999999999999986,62.90000000000002,136.5,-43.6,-2.0,0.5446390350150271,0.838670567945424,0.0859061042613327,0.9963032375991964,0,0,0,0,0,3.4221117,NORMAL
2020-01-06,96851,Stasiun Klimatologi DI Yogyakarta,Kab. Sleman,DI Yogyakarta,24.1,31.7,25.65,92.0,16.3,4.5,5.0,3.0,7.600000000000001,65.90000000000002,148.29999999999998,13.3,1.0,1.2246467991473532e-16,-1.0,0.1030313790431787,0.9946781061893646,0,1,0,0,1,3.305735,NORMAL
2020-01-07,96851,Stasiun Klimatologi DI Yogyakarta,Kab. Sleman,DI Yogyakarta,23.7,29.1,26.1,90.0,29.6,7.7,5.0,2.0,5.400000000000002,48.90000000000002,169.19999999999996,13.3,0.0,1.2246467991473532e-16,-1.0,0.1201261651823505,0.9927586335250792,0,0,0,0,0,3.2661822,NORMAL
2020-01-08,96851,Stasiun Klimatologi DI Yogyakarta,Kab. Sleman,DI Yogyakarta,24.0,29.3,25.7,90.0,0.0,1.8,3.0,1.0,5.300000000000001,45.90000000000002,139.69999999999996,-29.6,-2.0,-0.3420201433256686,-0.9396926207859084,0.1371854040566005,0.9905453876091832,0,0,0,0,0,3.327835,NORMAL
2020-01-09,96851,Stasiun Klimatologi DI Yogyakarta,Kab. Sleman,DI Yogyakarta,23.8,30.2,26.6,85.0,2.6,2.0,3.0,1.0,6.399999999999999,32.20000000000002,111.39999999999998,2.6,0.0,-0.8660254037844384,-0.5000000000000004,0.1542040475626894,0.988039023376751,0,0,0,0,0,3.3145041,NORMAL
2020-01-10,96851,Stasiun Klimatologi DI Yogyakarta,Kab. Sleman,DI Yogyakarta,23.0,30.3,25.6,90.0,19.1,3.6,10.0,2.0,7.300000000000001,21.700000000000017,117.2,16.5,7.0,-0.6427876096865393,-0.766044443118978,0.1711770596101998,0.985240282501282,0,0,0,0,0,3.4173052,NORMAL
2020-01-11,96851,Stasiun Klimatologi DI Yogyakarta,Kab. Sleman,DI Yogyakarta,23.1,30.2,26.8,82.0,9.2,1.6,12.0,3.0,7.099999999999998,30.900000000000016,79.79999999999998,-9.900000000000002,2.0,-0.984807753012208,0.1736481776669299,0.1880994176117975,0.9821499931752292,0,0,0,0,0,3.6384728,NORMAL
2020-01-12,96851,Stasiun Klimatologi DI Yogyakarta,Kab. Sleman,DI Yogyakarta,23.2,30.9,26.6,80.0,5.5,5.8,8.0,3.0,7.699999999999999,33.80000000000001,82.29999999999998,-3.6999999999999993,-4.0,-1.0,-1.8369701987210294e-16,0.2049661139694953,0.9787690698649216,0,0,0,0,0,3.7169137,NORMAL
2020-01-13,96851,Stasiun Klimatologi DI Yogyakarta,Kab. Sleman,DI Yogyakarta,23.8,31.8,27.6,78.0,0.0,6.9,6.0,3.0,8.0,14.700000000000014,65.99999999999997,-5.5,-2.0,-0.9396926207859084,-0.3420201433256685,0.2217721575564818,0.975098513039961,0,0,0,0,0,3.768646,NORMAL
2020-01-14,96851,Stasiun Klimatologi DI Yogyakarta,Kab. Sleman,DI Yogyakarta,24.6,32.6,28.0,80.0,0.7,9.6,4.0,2.0,8.0,6.200000000000014,37.09999999999997,0.7,-2.0,-0.5000000000000001,-0.8660254037844386,0.2385125751940764,0.9711394088771652,0,0,0,0,0,3.2007065,NORMAL
2020-01-15,96851,Stasiun Klimatologi DI Yogyakarta,Kab. Sleman,DI Yogyakarta,24.4,31.8,27.4,84.0,0.0,7.8,5.0,2.0,7.400000000000002,0.7000000000000142,37.09999999999998,-0.7,1.0,-0.7660444431189779,-0.6427876096865395,0.2551824131233728,0.966892928939152,0,0,0,0,0,3.0366259,NORMAL
2020-01-16,96851,Stasiun Klimatologi DI Yogyakarta,Kab. Sleman,DI Yogyakarta,23.4,31.4,27.5,86.0,18.6,6.0,2.0,1.0,8.0,19.30000000000001,53.09999999999998,18.6,-3.0,-0.984807753012208,-0.1736481776669303,0.2717767384711357,0.9623603298276544,0,0,0,0,0,3.0230436,NORMAL
2020-01-17,96851,Stasiun Klimatologi DI Yogyakarta,Kab. Sleman,DI Yogyakarta,23.4,32.4,27.9,78.0,0.4,4.4,3.0,1.0,9.0,19.00000000000001,34.39999999999997,-18.200000000000003,1.0,-1.0,-1.8369701987210294e-16,0.2882906407095177,0.957542952811672,0,0,0,0,0,3.030565,NORMAL
2020-01-18,96851,Stasiun Klimatologi DI Yogyakarta,Kab. Sleman,DI Yogyakarta,22.4,32.9,27.7,74.0,0.0,10.1,3.0,2.0,10.5,19.00000000000001,25.19999999999997,-0.4,0.0,-0.7660444431189779,-0.6427876096865395,0.3047192331091634,0.9524422234305676,0,0,0,0,0,3.0037005,NORMAL
2020-01-19,96851,Stasiun Klimatologi DI Yogyakarta,Kab. Sleman,DI Yogyakarta,23.2,33.2,28.0,76.0,0.0,11.4,4.0,2.0,10.000000000000004,0.4000000000000142,19.69999999999997,0.0,1.0,-1.0,-1.8369701987210294e-16,0.321057654185271,0.9470596510722284,0,0,0,0,0,3.0125613,NORMAL
2020-01-20,96851,Stasiun Klimatologi DI Yogyakarta,Kab. Sleman,DI Yogyakarta,23.2,32.8,28.1,80.0,0.0,11.45,2.0,1.0,9.599999999999998,0.0,19.69999999999997,0.0,-2.0,-1.0,-1.8369701987210294e-16,0.3373010691361842,0.9413968285264122,0,0,0,0,0,2.8545346,NORMAL
2020-01-21,96851,Stasiun Klimatologi DI Yogyakarta,Kab. Sleman,DI Yogyakarta,23.4,33.2,27.1,80.0,0.0,11.5,3.0,1.0,9.800000000000004,0.0,18.99999999999997,0.0,1.0,-1.0,-1.8369701987210294e-16,0.3534446712740877,0.9354554315134164,0,0,0,0,0,2.7813294,NORMAL
2020-01-22,96851,Stasiun Klimatologi DI Yogyakarta,Kab. Sleman,DI Yogyakarta,23.5,32.6,27.2,84.0,2.2,7.8,7.0,2.0,9.1,2.2000000000000144,21.19999999999997,2.2,4.0,-1.0,-1.8369701987210294e-16,0.3694836834473831,0.9292372181882051,0,0,0,0,0,2.8477557,NORMAL
2020-01-23,96851,Stasiun Klimatologi DI Yogyakarta,Kab. Sleman,DI Yogyakarta,23.2,31.8,26.5,87.0,6.8,6.1,3.0,1.0,8.600000000000001,9.000000000000014,9.399999999999972,4.6,-4.0,-0.7660444431189779,-0.6427876096865395,0.3854133594543256,0.9227440286201428,0,0,0,0,0,2.8800764,NORMAL
2020-01-24,96851,Stasiun Klimatologi DI Yogyakarta,Kab. Sleman,DI Yogyakarta,23.5,32.8,28.0,80.0,8.5,4.2,5.0,2.0,9.299999999999995,17.500000000000014,17.49999999999997,1.7000000000000002,2.0,-1.0,-1.8369701987210294e-16,0.4012289854475009,0.9159777842484876,0,0,0,0,0,2.8950877,NORMAL
2020-01-25,96851,Stasiun Klimatologi DI Yogyakarta,Kab. Sleman,DI Yogyakarta,24.8,31.4,26.2,91.0,0.0,7.8,5.0,1.0,6.599999999999998,15.300000000000017,17.49999999999997,-8.5,0.0,-0.8660254037844386,0.5000000000000001,0.4169258813287287,0.908940487313808,0,0,0,0,0,2.9273908,NORMAL
2020-01-26,96851,Stasiun Klimatologi DI Yogyakarta,Kab. Sleman,DI Yogyakarta,23.6,31.8,27.3,82.0,30.8,4.4,2.0,1.0,8.2,39.30000000000001,48.29999999999997,30.8,-3.0,-0.8660254037844386,0.5000000000000001,0.4324994021339788,0.901634220265486,0,0,0,0,0,3.0466597,NORMAL
2020-01-27,96851,Stasiun Klimatologi DI Yogyakarta,Kab. Sleman,DI Yogyakarta,23.3,31.7,26.6,84.0,0.0,5.6,6.0,2.0,8.399999999999999,30.80000000000001,48.29999999999997,-30.8,4.0,0.8660254037844386,0.5000000000000001,0.4479449394078911,0.8940611451454876,0,0,0,0,0,2.86546,NORMAL
2020-01-28,96851,Stasiun Klimatologi DI Yogyakarta,Kab. Sleman,DI Yogyakarta,23.1,32.3,27.7,83.0,8.0,5.7,2.0,1.0,9.199999999999996,38.80000000000001,56.29999999999997,8.0,-4.0,-0.984807753012208,0.1736481776669299,0.4632579225674917,0.88622350294858,0,0,0,0,0,2.6690307,NORMAL
2020-01-29,96851,Stasiun Klimatologi DI Yogyakarta,Kab. Sleman,DI Yogyakarta,24.3,32.6,27.6,84.0,3.2,5.6,3.0,1.0,8.3,11.200000000000014,57.29999999999997,-4.8,1.0,1.2246467991473532e-16,-1.0,0.4784338202547012,0.8781236129591848,0,0,0,0,0,2.701862,NORMAL
2020-01-30,96851,Stasiun Klimatologi DI Yogyakarta,Kab. Sleman,DI Yogyakarta,24.0,30.6,26.2,85.0,0.0,3.1,5.0,2.0,6.600000000000001,11.200000000000014,50.49999999999997,-3.2,2.0,-0.6427876096865393,-0.766044443118978,0.4934681416772373,0.8697638720650646,0,0,0,0,0,2.7094712,NORMAL
2020-01-31,96851,Stasiun Klimatologi DI Yogyakarta,Kab. Sleman,DI Yogyakarta,22.7,32.4,26.6,84.0,5.1,2.5,4.0,1.0,9.7,8.300000000000015,47.09999999999997,5.1,-1.0,-0.8660254037844386,0.5000000000000001,0.5083564379375122,0.8611467540480452,0,0,0,0,0,2.614578,NORMAL
2020-02-01,96851,Stasiun Klimatologi DI Yogyakarta,Kab. Sleman,DI Yogyakarta,23.6,32.4,27.2,83.0,3.0,6.3,4.0,1.0,8.799999999999997,8.100000000000014,50.09999999999997,-2.1,0.0,-0.6427876096865396,0.7660444431189778,0.5230943033491326,0.8522748088519838,0,0,0,0,0,2.5831714,NORMAL
2020-02-02,96851,Stasiun Klimatologi DI Yogyakarta,Kab. Sleman,DI Yogyakarta,23.9,30.6,26.1,89.0,0.0,7.1,2.0,1.0,6.700000000000003,8.100000000000014,19.29999999999997,-3.0,-2.0,-0.3420201433256686,-0.9396926207859084,0.5376773767406141,0.8431506618282,0,0,0,0,0,2.4744399,NORMAL
2020-02-03,96851,Stasiun Klimatologi DI Yogyakarta,Kab. Sleman,DI Yogyakarta,24.2,31.7,26.5,86.0,14.8,0.0,3.0,1.0,7.5,17.800000000000015,34.09999999999997,14.8,1.0,-1.0,-1.8369701987210294e-16,0.5521013427459208,0.8337770129585915,0,0,0,0,0,2.2629368,NORMAL
2020-02-04,96851,Stasiun Klimatologi DI Yogyakarta,Kab. Sleman,DI Yogyakarta,23.4,32.0,26.6,85.0,1.2,5.8,4.0,1.0,8.600000000000001,16.000000000000014,27.29999999999997,-13.6,1.0,0.984807753012208,0.1736481776669304,0.5663619330814524,0.8241566360566663,0,0,0,0,0,2.1094975,NORMAL
2020-02-05,96851,Stasiun Klimatologi DI Yogyakarta,Kab. Sleman,DI Yogyakarta,23.1,31.2,26.7,85.0,10.9,6.4,6.0,3.0,8.099999999999998,26.900000000000013,34.99999999999997,9.7,2.0,-0.7660444431189779,-0.6427876096865395,0.580454927809098,0.8142923779467267,0,0,0,0,0,2.1096888,NORMAL
2020-02-06,96851,Stasiun Klimatologi DI Yogyakarta,Kab. Sleman,DI Yogyakarta,23.8,31.7,27.3,83.0,0.0,6.9,6.0,2.0,7.899999999999999,12.100000000000014,34.99999999999997,-10.9,0.0,-0.3420201433256686,-0.9396926207859084,0.5943761565849831,0.804187157621448,0,0,0,0,0,2.0820663,NORMAL
2020-02-07,96851,Stasiun Klimatologi DI Yogyakarta,Kab. Sleman,DI Yogyakarta,24.2,32.3,27.2,81.0,4.0,5.7,4.0,2.0,8.099999999999998,14.900000000000016,33.89999999999997,4.0,-2.0,-2.4492935982947064e-16,1.0,0.6081214998935418,0.7938439653781019,0,1,0,0,0,2.0342164,NORMAL
2020-02-08,96851,Stasiun Klimatologi DI Yogyakarta,Kab. Sleman,DI Yogyakarta,23.4,31.6,26.4,86.0,8.0,4.8,4.0,1.0,8.200000000000003,12.000000000000014,38.89999999999997,4.0,0.0,-0.984807753012208,0.1736481776669299,0.6216868902665479,0.7832658619336791,0,0,0,0,0,2.0757434,NORMAL
2020-02-09,96851,Stasiun Klimatologi DI Yogyakarta,Kab. Sleman,DI Yogyakarta,24.2,30.4,26.5,86.0,0.3,4.2,6.0,2.0,6.199999999999999,12.300000000000017,39.19999999999997,-7.7,2.0,-0.3420201433256686,-0.9396926207859084,0.6350683134867438,0.7724559775191742,0,0,0,0,0,1.8066325,NORMAL
2020-02-10,96851,Stasiun Klimatologi DI Yogyakarta,Kab. Sleman,DI Yogyakarta,23.3,31.2,26.6,80.0,13.5,1.3,5.0,2.0,7.899999999999999,21.80000000000001,37.89999999999997,13.2,-1.0,-0.9396926207859084,-0.3420201433256685,0.6482618097757122,0.7614175109532997,0,0,0,0,0,1.5344863,NORMAL
2020-02-11,96851,Stasiun Klimatologi DI Yogyakarta,Kab. Sleman,DI Yogyakarta,23.6,31.3,26.5,86.0,1.4,6.4,4.0,2.0,7.699999999999999,15.200000000000015,38.099999999999966,-12.1,-1.0,-0.8660254037844384,-0.5000000000000004,0.6612634749656386,0.7501537286959042,0,0,0,0,0,1.410216,NORMAL
2020-02-12,96851,Stasiun Klimatologi DI Yogyakarta,Kab. Sleman,DI Yogyakarta,23.9,31.2,26.4,84.0,9.5,3.8,3.0,1.0,7.300000000000001,24.400000000000013,36.69999999999997,8.1,-1.0,-0.6427876096865393,-0.766044443118978,0.6740694616546161,0.7386679638813748,0,0,0,0,0,1.3521494,NORMAL
2020-02-13,96851,Stasiun Klimatologi DI Yogyakarta,Kab. Sleman,DI Yogyakarta,22.6,31.8,26.4,86.0,2.7,3.8,3.0,1.0,9.2,13.600000000000016,39.39999999999997,-6.8,0.0,0.8660254037844387,-0.4999999999999998,0.6866759803451553,0.726963615332308,0,0,0,0,0,1.3479165,NORMAL
2020-02-14,96851,Stasiun Klimatologi DI Yogyakarta,Kab. Sleman,DI Yogyakarta,24.0,32.6,26.3,86.0,4.7,4.15,6.0,1.0,8.600000000000001,16.900000000000013,40.09999999999997,2.0,3.0,-0.6427876096865393,-0.766044443118978,0.6990793005655562,0.7150441465537444,0,0,0,0,0,1.3624878,NORMAL
2020-02-15,96851,Stasiun Klimatologi DI Yogyakarta,Kab. Sleman,DI Yogyakarta,22.2,32.3,26.4,87.0,77.2,4.5,3.0,1.0,10.099999999999998,84.60000000000002,109.29999999999998,72.5,-3.0,-0.7660444431189779,-0.6427876096865395,0.7112757519738152,0.7029130847082615,0,0,0,0,0,2.0038605,NORMAL
2020-02-16,96851,Stasiun Klimatologi DI Yogyakarta,Kab. Sleman,DI Yogyakarta,23.4,31.4,26.8,83.0,2.0,6.0,6.0,3.0,8.0,83.9,110.99999999999996,-75.2,3.0,-0.1736481776669304,0.984807753012208,0.7232617254437388,0.6905740195722294,0,0,0,0,0,2.5792055,NORMAL
2020-02-17,96851,Stasiun Klimatologi DI Yogyakarta,Kab. Sleman,DI Yogyakarta,23.8,31.5,26.3,84.0,2.7,6.7,5.0,3.0,7.699999999999999,81.9,100.19999999999996,0.7000000000000002,-1.0,-0.8660254037844384,-0.5000000000000004,0.7350336741329412,0.6780306024735382,0,0,0,0,0,2.5913503,NORMAL
2020-02-18,96851,Stasiun Klimatologi DI Yogyakarta,Kab. Sleman,DI Yogyakarta,24.3,31.6,26.5,82.0,0.4,4.0,5.0,2.0,7.300000000000001,5.1000000000000005,99.19999999999996,-2.3000000000000003,0.0,-0.984807753012208,-0.1736481776669303,0.746588114532413,0.6652865452111116,0,0,0,0,0,2.5819619,NORMAL
2020-02-19,96851,Stasiun Klimatologi DI Yogyakarta,Kab. Sleman,DI Yogyakarta,23.3,30.6,26.7,85.0,12.8,4.2,5.0,2.0,7.300000000000001,15.900000000000002,102.49999999999996,12.4,0.0,1.2246467991473532e-16,-1.0,0.7579216274973472,0.6523456189565257,0,0,0,0,0,2.5894015,NORMAL
2020-02-20,96851,Stasiun Klimatologi DI Yogyakarta,Kab. Sleman,DI Yogyakarta,23.2,29.2,25.2,91.0,26.3,5.5,5.0,2.0,6.0,39.5,126.09999999999997,13.5,0.0,-0.6427876096865396,0.7660444431189778,0.7690308592589181,0.6392116531380588,0,0,0,0,0,2.6441603,NORMAL
2020-02-21,96851,Stasiun Klimatologi DI Yogyakarta,Kab. Sleman,DI Yogyakarta,23.1,32.0,26.2,88.0,24.5,1.1,5.0,2.0,8.899999999999999,63.60000000000001,145.89999999999998,-1.8000000000000007,0.0,-0.3420201433256686,-0.9396926207859084,0.7799125224167177,0.6258885343075018,0,0,0,0,0,2.5641434,NORMAL
2020-02-22,96851,Stasiun Klimatologi DI Yogyakarta,Kab. Sleman,DI Yogyakarta,23.6,31.8,27.0,86.0,27.0,6.7,6.0,2.0,8.2,77.8,95.69999999999996,2.5,1.0,1.2246467991473532e-16,-1.0,0.7905633969115482,0.612380204990065,0,0,0,0,0,2.5580897,NORMAL
2020-02-23,96851,Stasiun Klimatologi DI Yogyakarta,Kab. Sleman,DI Yogyakarta,23.2,33.0,27.3,82.0,0.0,6.4,6.0,2.0,9.8,51.5,93.69999999999996,-27.0,0.0,-0.7660444431189779,-0.6427876096865395,0.8009803309782905,0.5986906625177214,0,0,0,0,0,2.6287162,NORMAL
2020-02-24,96851,Stasiun Klimatologi DI Yogyakarta,Kab. Sleman,DI Yogyakarta,23.5,31.2,26.3,87.0,0.3,8.3,4.0,1.0,7.699999999999999,27.300000000000004,91.29999999999995,0.3,-2.0,1.0,6.123233995736766e-17,0.8111602420785621,0.5848239578463322,0,0,0,0,0,2.6322834,NORMAL
2020-02-25,96851,Stasiun Klimatologi DI Yogyakarta,Kab. Sleman,DI Yogyakarta,23.4,31.4,26.4,89.0,6.1,5.0,6.0,1.0,8.0,6.400000000000003,97.0,5.8,2.0,-1.0,-1.8369701987210294e-16,0.8211001178128892,0.5707841943569036,0,0,0,0,0,2.5127938,NORMAL
2020-02-26,96851,Stasiun Klimatologi DI Yogyakarta,Kab. Sleman,DI Yogyakarta,23.4,31.8,26.3,89.0,29.8,4.1,4.0,1.0,8.400000000000002,36.2,113.99999999999996,23.700000000000003,-2.0,0.766044443118978,0.6427876096865394,0.8307970168121247,0.5565755266413303,0,0,0,0,0,2.4179378,NORMAL
2020-02-27,96851,Stasiun Klimatologi DI Yogyakarta,Kab. Sleman,DI Yogyakarta,23.6,32.6,27.1,84.0,7.1,3.7,3.0,1.0,9.0,43.00000000000001,94.79999999999995,-22.700000000000003,-1.0,-0.7660444431189779,-0.6427876096865395,0.8402480696078469,0.5422021592729844,0,0,0,0,0,2.427141,NORMAL
2020-02-28,96851,Stasiun Klimatologi DI Yogyakarta,Kab. Sleman,DI Yogyakarta,24.2,31.7,26.75,87.0,0.0,5.3,5.0,2.0,7.5,36.900000000000006,70.29999999999997,-7.1,2.0,-0.6427876096865396,0.7660444431189778,0.8494504794814806,0.527668345562516,0,0,0,0,1,2.4633787,NORMAL
2020-02-29,96851,Stasiun Klimatologi DI Yogyakarta,Kab. Sleman,DI Yogyakarta,23.8,31.4,26.4,90.0,0.0,3.1,6.0,2.0,7.599999999999998,7.100000000000003,43.29999999999997,0.0,1.0,1.2246467991473532e-16,-1.0,0.8584015232918917,0.512978386299228,0,0,0,0,0,2.4570127,NORMAL
2020-03-01,96851,Stasiun Klimatologi DI Yogyakarta,Kab. Sleman,DI Yogyakarta,23.7,30.0,24.5,96.0,59.5,4.0,3.0,0.0,6.300000000000001,59.5,102.79999999999995,59.5,-3.0,-0.8660254037844386,0.5000000000000001,0.8670985522812081,0.4981366284784055,0,0,0,0,0,2.897304,NORMAL
2020-03-02,96851,Stasiun Klimatologi DI Yogyakarta,Kab. Sleman,DI Yogyakarta,23.2,30.8,26.5,89.0,49.6,1.0,2.0,1.0,7.600000000000001,109.1,152.09999999999997,-9.9,-1.0,0.984807753012208,-0.1736481776669303,0.8755389928586302,0.4831474640149687,0,0,0,0,0,3.0110612,NORMAL
2020-03-03,96851,Stasiun Klimatologi DI Yogyakarta,Kab. Sleman,DI Yogyakarta,23.5,31.8,26.1,90.0,24.4,4.8,10.0,2.0,8.3,133.5,170.39999999999998,-25.200000000000003,8.0,-0.6427876096865396,0.7660444431189778,0.8837203473619977,0.4680153284438345,0,0,0,0,0,3.3963368,NORMAL
2020-03-04,96851,Stasiun Klimatologi DI Yogyakarta,Kab. Sleman,DI Yogyakarta,23.3,29.1,25.5,94.0,39.6,5.1,3.0,1.0,5.800000000000001,113.6,180.2,15.200000000000005,-7.0,-1.0,-1.8369701987210294e-16,0.8916401947968874,0.452744699607371,0,0,0,0,0,3.589503,NORMAL
2020-03-05,96851,Stasiun Klimatologi DI Yogyakarta,Kab. Sleman,DI Yogyakarta,22.2,27.4,24.4,87.0,89.8,0.8,5.0,2.0,5.199999999999999,153.8,262.9,50.2,2.0,-0.8660254037844386,0.5000000000000001,0.8992961915530253,0.4373400963303323,0,0,0,0,0,4.1359563,NORMAL
2020-03-06,96851,Stasiun Klimatologi DI Yogyakarta,Kab. Sleman,DI Yogyakarta,23.4,32.0,27.5,79.0,2.3,0.2,3.0,2.0,8.600000000000001,131.70000000000002,265.2,-87.5,-2.0,-0.8660254037844384,-0.5000000000000004,0.9066860720977984,0.4218060770826634,0,0,0,0,0,4.8530703,NORMAL
2020-03-07,96851,Stasiun Klimatologi DI Yogyakarta,Kab. Sleman,DI Yogyakarta,24.2,30.8,26.6,82.0,1.0,8.9,6.0,2.0,6.600000000000001,93.1,266.2,-1.2999999999999998,3.0,-0.984807753012208,0.1736481776669299,0.9138076496466616,0.4061472386305788,0,0,0,0,0,4.859633,NORMAL
2020-03-08,96851,Stasiun Klimatologi DI Yogyakarta,Kab. Sleman,DI Yogyakarta,23.1,30.2,25.6,90.0,20.8,2.4,6.0,2.0,7.099999999999998,24.100000000000016,227.5,19.8,0.0,1.2246467991473532e-16,-1.0,0.9206588168102428,0.3903682146763026,0,0,0,0,0,4.885738,NORMAL
2020-03-09,96851,Stasiun Klimatologi DI Yogyakarta,Kab. Sleman,DI Yogyakarta,24.0,28.2,25.5,90.0,9.6,1.8,8.0,2.0,4.199999999999999,31.400000000000013,187.5,-11.2,2.0,-0.1736481776669304,-0.984807753012208,0.9272375462179536,0.374473674486883,0,0,0,0,0,4.9738235,NORMAL
2020-03-10,96851,Stasiun Klimatologi DI Yogyakarta,Kab. Sleman,DI Yogyakarta,22.9,31.8,26.8,80.0,16.4,0.0,5.0,2.0,8.900000000000002,46.80000000000001,179.49999999999997,6.799999999999999,-3.0,-0.3420201433256686,-0.9396926207859084,0.9335418911179212,0.3584683215124808,0,0,0,0,0,4.940691,NORMAL
2020-03-11,96851,Stasiun Klimatologi DI Yogyakarta,Kab. Sleman,DI Yogyakarta,24.7,32.6,27.0,86.0,0.0,8.7,3.0,1.0,7.900000000000002,26.00000000000001,139.89999999999998,-16.4,-2.0,1.2246467991473532e-16,-1.0,0.9395699859530622,0.342356891994542,0,0,0,0,0,4.935336,NORMAL
2020-03-12,96851,Stasiun Klimatologi DI Yogyakarta,Kab. Sleman,DI Yogyakarta,23.3,31.0,26.2,89.0,14.7,5.2,6.0,1.0,7.699999999999999,31.10000000000001,64.79999999999997,14.7,3.0,1.0,6.123233995736766e-17,0.945320046913132,0.3261441535642696,0,0,0,0,0,4.974622,NORMAL
2020-03-13,96851,Stasiun Klimatologi DI Yogyakarta,Kab. Sleman,DI Yogyakarta,23.8,31.8,27.3,84.0,7.5,4.6,2.0,1.0,8.0,22.200000000000014,69.99999999999997,-7.199999999999999,-4.0,-0.8660254037844384,-0.5000000000000004,0.9507903724625832,0.3098349038318025,0,0,0,0,0,5.0439763,NORMAL
2020-03-14,96851,Stasiun Klimatologi DI Yogyakarta,Kab. Sleman,DI Yogyakarta,23.5,33.0,27.8,78.0,0.0,5.3,3.0,1.0,9.5,22.200000000000014,68.99999999999997,-7.5,1.0,-0.984807753012208,0.1736481776669299,0.9559793438440766,0.2934339689665273,0,0,0,0,0,5.0758486,NORMAL
2020-03-15,96851,Stasiun Klimatologi DI Yogyakarta,Kab. Sleman,DI Yogyakarta,24.6,33.2,27.9,81.0,0.0,7.7,3.0,1.0,8.600000000000001,7.500000000000014,48.19999999999997,0.0,0.0,-0.7660444431189779,-0.6427876096865395,0.9608854255574976,0.2769462022689364,0,0,0,0,0,5.0752473,NORMAL
2020-03-16,96851,Stasiun Klimatologi DI Yogyakarta,Kab. Sleman,DI Yogyakarta,23.6,32.2,27.8,80.0,1.8,7.0,5.0,2.0,8.600000000000001,1.8000000000000145,40.39999999999997,1.8,2.0,1.2246467991473532e-16,-1.0,0.9655071658143364,0.2603764827344581,0,0,0,0,0,4.359686,NORMAL
2020-03-17,96851,Stasiun Klimatologi DI Yogyakarta,Kab. Sleman,DI Yogyakarta,24.7,32.7,27.7,82.0,0.0,7.5,3.0,1.0,8.000000000000004,1.8000000000000145,23.99999999999997,-1.8,-2.0,0.766044443118978,-0.6427876096865394,0.969843196967294,0.2437297136096838,0,0,0,0,0,3.8186746,NORMAL
2020-03-18,96851,Stasiun Klimatologi DI Yogyakarta,Kab. Sleman,DI Yogyakarta,24.6,31.9,26.5,87.0,9.7,6.8,3.0,1.0,7.299999999999997,11.500000000000014,33.699999999999974,9.7,0.0,-0.9396926207859084,0.342020143325669,0.9738922359149924,0.2270108209414184,0,0,0,0,0,3.8141372,NORMAL
2020-03-19,96851,Stasiun Klimatologi DI Yogyakarta,Kab. Sleman,DI Yogyakarta,24.0,31.4,25.6,90.0,39.6,2.4,6.0,1.0,7.399999999999999,49.30000000000001,58.599999999999966,29.9,3.0,-2.4492935982947064e-16,1.0,0.977653084481664,0.2102247521189836,0,0,0,0,0,3.9864547,NORMAL
2020-03-20,96851,Stasiun Klimatologi DI Yogyakarta,Kab. Sleman,DI Yogyakarta,23.0,31.6,26.0,89.0,39.6,2.8,5.0,1.0,8.600000000000001,88.90000000000002,90.69999999999996,0.0,-1.0,-0.9396926207859084,0.342020143325669,0.981124629771712,0.1933764744102058,0,0,0,0,0,4.0252233,NORMAL
2020-03-21,96851,Stasiun Klimatologi DI Yogyakarta,Kab. Sleman,DI Yogyakarta,23.2,32.6,26.8,86.0,35.0,6.2,4.0,1.0,9.400000000000002,114.20000000000002,125.69999999999996,-4.600000000000001,-1.0,-0.9396926207859084,-0.3420201433256685,0.984305844499033,0.1764709734915216,0,0,0,0,0,4.0257463,NORMAL
2020-03-22,96851,Stasiun Klimatologi DI Yogyakarta,Kab. Sleman,DI Yogyakarta,24.6,32.6,27.4,85.0,1.5,7.3,3.0,1.0,8.0,76.10000000000002,127.19999999999996,-33.5,-1.0,-0.9396926207859084,-0.3420201433256685,0.9871957872910084,0.1595132519726365,0,0,0,0,0,4.1259794,NORMAL
2020-03-23,96851,Stasiun Klimatologi DI Yogyakarta,Kab. Sleman,DI Yogyakarta,24.066666666666663,29.7,24.1,95.0,76.4,3.2,3.0,1.0,5.633333333333333,112.90000000000003,201.79999999999995,74.9,0.0,-0.6427876096865393,-0.766044443118978,0.9897936029670716,0.1425083279161708,0,0,0,0,0,4.7613816,NORMAL
2020-04-23,96851,Stasiun Klimatologi DI Yogyakarta,Kab. Sleman,DI Yogyakarta,24.5,33.8,28.9,79.0,11.1,7.2,5.0,2.0,9.299999999999995,30.10000000000003,98.29999999999995,1.9000000000000004,1.0,0.8660254037844387,-0.4999999999999998,0.9248025743285088,-0.3804473662878516,0,1,0,0,0,5.286859,NORMAL
2020-04-24,96851,Stasiun Klimatologi DI Yogyakarta,Kab. Sleman,DI Yogyakarta,23.6,32.8,27.4,82.0,13.0,9.0,3.0,1.0,9.199999999999996,33.300000000000026,110.29999999999995,1.9000000000000004,-2.0,-0.8660254037844386,0.5000000000000001,0.9181214482844364,-0.3962991372689181,0,0,0,0,0,5.067872,NORMAL
2020-04-25,96851,Stasiun Klimatologi DI Yogyakarta,Kab. Sleman,DI Yogyakarta,23.3,32.2,26.3,86.0,27.85,8.8,3.0,1.0,8.900000000000002,51.95000000000003,83.14999999999996,14.85,0.0,-0.984807753012208,0.1736481776669299,0.9111686353326632,-0.4120336369594263,0,1,0,0,0,4.635722,NORMAL
2020-04-26,96851,Stasiun Klimatologi DI Yogyakarta,Kab. Sleman,DI Yogyakarta,23.2,32.8,27.5,82.0,42.7,1.4,4.0,1.0,9.599999999999998,83.55000000000004,124.04999999999995,14.85,1.0,0.8660254037844387,-0.4999999999999998,0.9039461929224012,-0.4276462092677746,0,0,0,0,0,4.2137704,NORMAL
2020-04-27,96851,Stasiun Klimatologi DI Yogyakarta,Kab. Sleman,DI Yogyakarta,25.0,31.2,26.5,90.0,0.0,7.8,5.0,1.0,6.199999999999999,70.55000000000004,113.64999999999996,-42.7,1.0,-0.7660444431189779,-0.6427876096865395,0.8964562582905575,-0.4431322341826345,0,0,0,0,0,4.248018,NORMAL
2020-04-28,96851,Stasiun Klimatologi DI Yogyakarta,Kab. Sleman,DI Yogyakarta,25.0,31.4,27.3,82.0,1.5,3.5,5.0,2.0,6.399999999999999,44.20000000000003,105.34999999999997,1.5,0.0,-1.0,-1.8369701987210294e-16,0.8887010478292915,-0.4584871291400876,0,0,0,0,0,4.0865154,NORMAL
2020-04-29,96851,Stasiun Klimatologi DI Yogyakarta,Kab. Sleman,DI Yogyakarta,23.5,31.3,26.2,90.0,3.0,2.5,5.0,2.0,7.800000000000001,4.500000000000028,99.14999999999996,1.5,0.0,0.6427876096865395,-0.7660444431189779,0.8806828564301475,-0.47370635037968,0,0,0,0,0,4.0786505,NORMAL
2020-04-30,96851,Stasiun Klimatologi DI Yogyakarta,Kab. Sleman,DI Yogyakarta,23.4,32.9,27.4,80.0,0.9,3.2,3.0,1.0,9.5,5.400000000000029,88.94999999999997,-2.1,-2.0,0.9396926207859084,-0.3420201433256687,0.8724040568049612,-0.4887853942889926,0,0,0,0,0,4.124163,NORMAL
2020-05-01,96851,Stasiun Klimatologi DI Yogyakarta,Kab. Sleman,DI Yogyakarta,23.4,32.2,27.2,80.0,0.6000000000000001,7.6,4.0,2.0,8.800000000000004,4.500000000000028,76.54999999999997,-0.2999999999999999,1.0,-0.8660254037844384,-0.5000000000000004,0.8638670987837349,-0.503719798736334,0,1,0,0,0,3.6305046,NORMAL
2020-05-02,96851,Stasiun Klimatologi DI Yogyakarta,Kab. Sleman,DI Yogyakarta,24.1,30.8,27.2,82.0,0.3,6.7,4.0,2.0,6.699999999999999,1.800000000000029,48.99999999999996,-0.3,0.0,-0.9396926207859084,-0.3420201433256685,0.8550745085896932,-0.518505144391157,0,1,0,0,0,3.321664,NORMAL
2020-05-03,96851,Stasiun Klimatologi DI Yogyakarta,Kab. Sleman,DI Yogyakarta,22.6,31.6,27.2,82.0,0.0,8.3,4.0,2.0,9.0,0.9000000000000286,6.299999999999957,-0.3,0.0,0.9396926207859084,0.3420201433256688,0.8460288880917339,-0.533137056031809,0,0,0,0,0,3.306382,NORMAL
2020-05-04,96851,Stasiun Klimatologi DI Yogyakarta,Kab. Sleman,DI Yogyakarta,23.200000000000003,32.8,27.2,82.0,0.0,6.3,3.0,2.0,9.599999999999994,0.3000000000000284,6.299999999999957,0.0,-1.0,0.984807753012208,-0.1736481776669303,0.8367329140344921,-0.5476112038402312,0,0,0,0,0,3.2992995,NORMAL
2020-05-05,96851,Stasiun Klimatologi DI Yogyakarta,Kab. Sleman,DI Yogyakarta,23.8,32.5,27.4,82.0,0.0,7.3,4.0,2.0,8.7,0.0,4.799999999999957,0.0,1.0,-0.984807753012208,0.1736481776669299,0.8271893372462497,-0.5619233046832195,0,0,0,0,0,3.2532578,NORMAL
2020-05-06,96851,Stasiun Klimatologi DI Yogyakarta,Kab. Sleman,DI Yogyakarta,24.4,31.8,27.2,84.0,0.0,5.5,5.0,2.0,7.400000000000002,0.0,1.7999999999999576,0.0,1.0,-0.3420201433256686,-0.9396926207859084,0.8174009818249189,-0.5760691233798758,0,0,0,0,0,2.4569228,NORMAL
2020-05-07,96851,Stasiun Klimatologi DI Yogyakarta,Kab. Sleman,DI Yogyakarta,24.2,31.6,27.3,84.5,0.0,5.4,4.0,2.0,7.400000000000002,0.0,0.8999999999999575,0.0,-1.0,-0.984807753012208,-0.1736481776669303,0.8073707443023492,-0.5900444739548627,0,1,0,0,1,1.9237251,NORMAL
2020-05-08,96851,Stasiun Klimatologi DI Yogyakarta,Kab. Sleman,DI Yogyakarta,23.2,32.4,27.4,85.0,0.0,6.2,3.0,1.0,9.2,0.0,0.2999999999999574,0.0,-1.0,-0.3420201433256686,-0.9396926207859084,0.7971015927871943,-0.6038452208771035,0,0,0,0,0,1.8946832,NORMAL
2020-05-09,96851,Stasiun Klimatologi DI Yogyakarta,Kab. Sleman,DI Yogyakarta,24.0,32.1,26.6,90.0,54.5,6.1,4.0,1.0,8.100000000000001,54.50000000000003,54.49999999999996,54.5,1.0,-0.9396926207859084,0.342020143325669,0.7865965660866021,-0.6174672802835514,0,0,0,0,0,2.2644608,NORMAL
2020-05-10,96851,Stasiun Klimatologi DI Yogyakarta,Kab. Sleman,DI Yogyakarta,23.0,32.2,27.1,84.0,77.5,6.0,5.0,2.0,9.200000000000005,132.00000000000003,131.99999999999994,23.0,1.0,-0.984807753012208,-0.1736481776669303,0.7758587728069828,-0.6309066211876704,0,0,0,0,0,2.5211535,NORMAL
2020-05-11,96851,Stasiun Klimatologi DI Yogyakarta,Kab. Sleman,DI Yogyakarta,24.9,31.0,24.8,96.0,64.0,6.8,2.0,1.0,6.100000000000001,196.00000000000003,195.99999999999997,-13.5,-3.0,0.3420201433256687,0.9396926207859084,0.7648913904341226,-0.6441592666722685,0,1,0,0,0,2.690755,NORMAL
2020-05-12,96851,Stasiun Klimatologi DI Yogyakarta,Kab. Sleman,DI Yogyakarta,23.2,32.2,27.2,81.0,50.5,2.3,3.0,1.0,9.000000000000004,192.00000000000003,246.49999999999997,-13.5,1.0,0.3420201433256689,-0.9396926207859084,0.753697664392914,-0.6572212950663319,0,0,0,0,0,2.7812793,NORMAL
2020-05-13,96851,Stasiun Klimatologi DI Yogyakarta,Kab. Sleman,DI Yogyakarta,23.6,32.5,27.8,78.0,25.25,9.4,2.0,1.0,8.899999999999999,139.75000000000003,271.74999999999994,-25.25,-1.0,0.7071067811865476,-0.7071067811865475,0.742280907086982,-0.6700888411055113,0,1,0,0,0,2.8917787,NORMAL
2020-05-14,96851,Stasiun Klimatologi DI Yogyakarta,Kab. Sleman,DI Yogyakarta,23.6,31.0,26.9,82.0,0.0,8.8,4.0,2.0,7.399999999999999,75.75000000000003,271.74999999999994,-25.25,2.0,0.3420201433256689,-0.9396926207859084,0.7306444969184916,-0.6827580970759147,0,0,0,0,0,2.9897583,NORMAL
2020-05-15,96851,Stasiun Klimatologi DI Yogyakarta,Kab. Sleman,DI Yogyakarta,23.0,32.4,27.4,78.0,0.0,4.4,3.0,1.0,9.4,25.25000000000003,271.74999999999994,0.0,-1.0,0.8660254037844387,-0.4999999999999998,0.7187918772884232,-0.6952253139408722,0,0,0,0,0,3.0159636,NORMAL
2020-05-16,96851,Stasiun Klimatologi DI Yogyakarta,Kab. Sleman,DI Yogyakarta,24.0,33.0,28.0,83.0,0.0,7.1,4.0,1.0,9.0,0.0,217.24999999999997,0.0,1.0,1.2246467991473532e-16,-1.0,0.7067265555776158,-0.7074868024503348,0,0,0,0,0,3.05044,NORMAL
2020-05-17,96851,Stasiun Klimatologi DI Yogyakarta,Kab. Sleman,DI Yogyakarta,24.4,31.9,28.0,82.0,0.0,7.4,3.0,2.0,7.5,0.0,139.74999999999994,0.0,-1.0,-0.1736481776669304,-0.984807753012208,0.6944521021088763,-0.719538934232584,0,1,0,0,0,2.8859801,NORMAL
2020-05-18,96851,Stasiun Klimatologi DI Yogyakarta,Kab. Sleman,DI Yogyakarta,24.4,30.3,26.2,88.0,0.0,5.8,8.0,2.0,5.900000000000002,0.0,75.74999999999996,0.0,5.0,-1.0,-1.8369701987210294e-16,0.6819721490904629,-0.7313781428679254,0,0,0,0,0,2.58831,NORMAL
2020-05-19,96851,Stasiun Klimatologi DI Yogyakarta,Kab. Sleman,DI Yogyakarta,23.7,29.6,26.0,92.0,12.4,1.5,3.0,1.0,5.900000000000002,12.400000000000029,37.64999999999996,12.4,-5.0,0.4999999999999999,-0.8660254037844387,0.6692903895412567,-0.7430009249440493,0,0,0,0,0,2.4298966,NORMAL
2020-05-20,96851,Stasiun Klimatologi DI Yogyakarta,Kab. Sleman,DI Yogyakarta,23.4,32.0,26.4,88.0,13.0,1.3,3.0,1.0,8.600000000000001,25.400000000000027,25.39999999999996,0.5999999999999996,0.0,-0.8660254037844386,0.5000000000000001,0.6564105761979381,-0.7544038410927472,0,0,0,0,0,2.4271894,NORMAL
2020-05-21,96851,Stasiun Klimatologi DI Yogyakarta,Kab. Sleman,DI Yogyakarta,24.3,29.3,26.5,88.0,3.7,5.5,5.0,2.0,5.0,29.10000000000003,29.09999999999996,-9.3,2.0,-0.984807753012208,-0.1736481776669303,0.6433365204044917,-0.765583517007675,0,0,0,0,0,2.4462125,NORMAL
2020-05-22,96851,Stasiun Klimatologi DI Yogyakarta,Kab. Sleman,DI Yogyakarta,23.8,30.9,27.8,80.0,0.0,0.9,3.0,1.0,7.099999999999998,16.70000000000003,29.09999999999996,-3.7,-2.0,-0.3420201433256686,-0.9396926207859084,0.6300720909843687,-0.7765366444428655,0,0,0,0,0,2.4619193,NORMAL
2020-05-23,96851,Stasiun Klimatologi DI Yogyakarta,Kab. Sleman,DI Yogyakarta,22.7,32.5,27.4,80.0,2.5600000000000005,9.1,4.0,2.0,9.8,6.260000000000029,31.65999999999996,2.5600000000000005,1.0,-0.6427876096865393,-0.766044443118978,0.6166212130956382,-0.7872599821916922,0,1,0,0,0,2.4569817,NORMAL
2020-05-24,96851,Stasiun Klimatologi DI Yogyakarta,Kab. Sleman,DI Yogyakarta,23.2,32.1,27.9,80.0,5.120000000000001,10.4,4.0,2.0,8.900000000000002,7.68000000000003,36.77999999999996,2.5600000000000005,0.0,-0.8660254037844386,0.5000000000000001,0.6029878670694714,-0.7977503570459932,0,1,0,0,0,2.4676802,NORMAL
2020-06-24,96851,Stasiun Klimatologi DI Yogyakarta,Kab. Sleman,DI Yogyakarta,23.5,31.1,26.4,79.0,0.0,7.1,4.0,2.0,7.600000000000001,14.100000000000028,14.099999999999955,0.0,-1.0,-1.0,-1.8369701987210294e-16,0.1137195145859496,-0.9935128947338008,0,1,0,0,0,1.1500927,NORMAL
2020-06-25,96851,Stasiun Klimatologi DI Yogyakarta,Kab. Sleman,DI Yogyakarta,21.4,30.7,25.4,79.0,0.0,7.6,4.0,2.0,9.3,0.0,14.099999999999955,0.0,0.0,-0.984807753012208,-0.1736481776669303,0.0966127018812031,-0.9953220513156602,0,0,0,0,0,1.1235542,NORMAL
2020-06-26,96851,Stasiun Klimatologi DI Yogyakarta,Kab. Sleman,DI Yogyakarta,20.6,30.3,25.7,77.0,0.0,8.9,5.0,3.0,9.7,0.0,14.099999999999955,0.0,1.0,-1.0,-1.8369701987210294e-16,0.0794772999236209,-0.9968366760893436,0,1,0,0,0,1.1217725,NORMAL
2020-06-27,96851,Stasiun Klimatologi DI Yogyakarta,Kab. Sleman,DI Yogyakarta,21.6,32.2,26.2,77.0,0.0,8.1,4.0,2.0,10.6,0.0,14.099999999999955,0.0,-1.0,1.2246467991473532e-16,-1.0,0.062318379354325,-0.998056320853012,0,0,0,0,0,1.1278127,NORMAL
2020-06-28,96851,Stasiun Klimatologi DI Yogyakarta,Kab. Sleman,DI Yogyakarta,21.0,31.2,25.8,75.0,0.0,9.4,4.0,2.0,10.2,0.0,14.099999999999955,0.0,0.0,-0.7660444431189781,0.6427876096865393,0.0451410177739719,-0.998980624694158,0,0,0,0,0,1.1143154,NORMAL
2020-06-29,96851,Stasiun Klimatologi DI Yogyakarta,Kab. Sleman,DI Yogyakarta,22.3,31.0,26.2,77.0,0.0,10.1,3.0,1.0,8.7,0.0,0.0,0.0,-1.0,-0.984807753012208,0.1736481776669299,0.0279502982402103,-0.999609314096404,0,1,0,0,0,1.1014119,NORMAL
2020-06-30,96851,Stasiun Klimatologi DI Yogyakarta,Kab. Sleman,DI Yogyakarta,21.8,32.0,26.1,78.0,0.0,9.3,4.0,2.0,10.2,0.0,0.0,0.0,1.0,-1.0,-1.8369701987210294e-16,0.0107513077635219,-0.9999422030204416,0,0,0,0,0,1.0175151,NORMAL
2020-07-01,96851,Stasiun Klimatologi DI Yogyakarta,Kab. Sleman,DI Yogyakarta,22.2,29.7,25.7,80.0,0.0,9.5,6.0,3.0,7.5,0.0,0.0,0.0,2.0,-1.0,-1.8369701987210294e-16,-0.0064508641981051,-0.9999791929590824,0,0,0,0,0,0.9647399,NORMAL
2020-07-02,96851,Stasiun Klimatologi DI Yogyakarta,Kab. Sleman,DI Yogyakarta,22.8,30.2,26.0,81.0,0.0,5.8,5.0,2.0,7.399999999999999,0.0,0.0,0.0,-1.0,-0.9396926207859084,-0.3420201433256685,-0.0236511272452315,-0.9997202729664084,0,0,0,0,0,0.966931,NORMAL
2020-08-10,96851,Stasiun Klimatologi DI Yogyakarta,Kab. Sleman,DI Yogyakarta,20.9,31.3,25.5,86.0,0.0,9.6,4.0,2.0,10.400000000000002,0.0,0.0,0.0,-1.0,-0.9396926207859084,-0.3420201433256685,-0.6400381082043503,-0.7683431655492202,0,1,0,0,0,0.8592006,NORMAL
2020-08-11,96851,Stasiun Klimatologi DI Yogyakarta,Kab. Sleman,DI Yogyakarta,22.8,31.2,25.9,86.0,0.0,6.8,4.0,2.0,8.399999999999999,0.0,0.0,0.0,0.0,-0.984807753012208,0.1736481776669299,-0.65316012232693,-0.7572198192083127,0,0,0,0,0,0.8549887,NORMAL
2020-08-12,96851,Stasiun Klimatologi DI Yogyakarta,Kab. Sleman,DI Yogyakarta,22.8,30.1,25.7,92.0,11.7,4.5,4.0,1.0,7.300000000000001,11.700000000000028,11.699999999999957,11.7,0.0,1.2246467991473532e-16,-1.0,-0.666088855860977,-0.7458723993404063,0,0,0,0,0,0.8715835,NORMAL
2020-08-13,96851,Stasiun Klimatologi DI Yogyakarta,Kab. Sleman,DI Yogyakarta,23.6,29.6,25.4,94.0,11.4,1.3,4.0,2.0,6.0,23.10000000000003,23.09999999999996,-0.2999999999999989,0.0,-0.5000000000000004,0.8660254037844384,-0.6788204829862355,-0.734304263829602,0,0,0,0,0,0.8923999,NORMAL
2020-08-14,96851,Stasiun Klimatologi DI Yogyakarta,Kab. Sleman,DI Yogyakarta,23.2,30.4,26.2,91.0,14.4,3.3,4.0,1.0,7.199999999999999,37.50000000000003,37.49999999999996,3.0,0.0,-0.984807753012208,0.1736481776669299,-0.6913512362094071,-0.722518835873311,0,0,0,0,0,0.88845,NORMAL
2020-08-15,96851,Stasiun Klimatologi DI Yogyakarta,Kab. Sleman,DI Yogyakarta,23.4,32.0,26.8,84.0,7.2,4.3,5.0,2.0,8.600000000000001,33.00000000000003,44.69999999999996,-7.2,1.0,-0.984807753012208,-0.1736481776669303,-0.7036774074790128,-0.7105196029692745,0,1,0,0,0,0.8912212,NORMAL
2020-08-16,96851,Stasiun Klimatologi DI Yogyakarta,Kab. Sleman,DI Yogyakarta,24.0,30.4,26.5,88.0,0.0,7.8,5.0,2.0,6.399999999999999,21.60000000000003,44.69999999999996,-7.2,0.0,-0.984807753012208,-0.1736481776669303,-0.7157953492826642,-0.6983101158835584,0,0,0,0,0,0.8367643,NORMAL
2020-08-17,96851,Stasiun Klimatologi DI Yogyakarta,Kab. Sleman,DI Yogyakarta,23.2,32.4,26.7,84.0,0.4,5.5,5.0,1.0,9.2,7.600000000000029,45.09999999999996,0.4,0.0,1.2246467991473532e-16,-1.0,-0.7277014757264236,-0.6858939875998223,0,0,0,0,0,0.8267162,NORMAL
2020-08-18,96851,Stasiun Klimatologi DI Yogyakarta,Kab. Sleman,DI Yogyakarta,22.8,30.9,26.5,84.0,0.0,6.1,4.0,2.0,8.099999999999998,0.4000000000000284,45.09999999999996,-0.4,-1.0,-0.7660444431189779,-0.6427876096865395,-0.7393922635959241,-0.673274892250183,0,0,0,0,0,0.8923667,NORMAL
2020-08-19,96851,Stasiun Klimatologi DI Yogyakarta,Kab. Sleman,DI Yogyakarta,23.1,31.4,26.4,86.0,0.0,9.1,4.0,2.0,8.299999999999997,0.4000000000000284,33.39999999999996,0.0,0.0,-1.0,-1.8369701987210294e-16,-0.7508642533989489,-0.6604565640279754,0,0,0,0,0,0.93007404,NORMAL
2020-08-20,96851,Stasiun Klimatologi DI Yogyakarta,Kab. Sleman,DI Yogyakarta,22.0,30.8,26.0,86.0,0.0,9.8,5.0,2.0,8.8,0.0,21.99999999999996,0.0,1.0,-1.0,-1.8369701987210294e-16,-0.7621140503891487,-0.6474427960827475,0,0,0,0,0,0.9687163,NORMAL
2020-08-21,96851,Stasiun Klimatologi DI Yogyakarta,Kab. Sleman,DI Yogyakarta,20.8,34.2,26.1,80.0,0.0,9.1,5.0,3.0,13.400000000000002,0.0,7.599999999999958,0.0,0.0,-1.0,-1.8369701987210294e-16,-0.7731383255706026,-0.6342374393978054,0,0,0,0,0,0.9970666,NORMAL
2020-08-22,96851,Stasiun Klimatologi DI Yogyakarta,Kab. Sleman,DI Yogyakarta,21.8,30.6,25.9,88.0,0.0,10.4,5.0,3.0,8.8,0.0,0.3999999999999574,0.0,0.0,-1.0,-1.8369701987210294e-16,-0.7839338166829201,-0.620844401650647,0,0,0,0,0,1.0014924,NORMAL
2020-08-23,96851,Stasiun Klimatologi DI Yogyakarta,Kab. Sleman,DI Yogyakarta,22.8,30.8,26.3,86.0,0.0,8.6,6.0,3.0,8.0,0.0,0.3999999999999574,0.0,1.0,-0.8660254037844384,-0.5000000000000004,-0.7944973291665992,-0.6072676460566135,0,0,0,0,0,1.0236638,NORMAL
2020-08-24,96851,Stasiun Klimatologi DI Yogyakarta,Kab. Sleman,DI Yogyakarta,21.9,31.4,26.4,84.0,0.0,8.9,5.0,2.0,9.5,0.0,0.0,0.0,-1.0,-0.8660254037844384,-0.5000000000000004,-0.8048257371083452,-0.593511190196115,0,0,0,0,0,0.9711841,NORMAL
2020-08-25,96851,Stasiun Klimatologi DI Yogyakarta,Kab. Sleman,DI Yogyakarta,21.0,32.4,26.4,82.0,0.0,9.6,5.0,3.0,11.4,0.0,0.0,0.0,0.0,0.6427876096865395,-0.7660444431189779,-0.8149159841660791,-0.5795791048257612,0,1,0,0,0,0.9476,NORMAL
2020-08-26,96851,Stasiun Klimatologi DI Yogyakarta,Kab. Sleman,DI Yogyakarta,22.0,32.2,26.6,85.0,0.0,10.7,6.0,3.0,10.200000000000005,0.0,0.0,0.0,1.0,1.2246467991473532e-16,-1.0,-0.8247650844733614,-0.5654755126737576,0,0,0,0,0,0.9702807,NORMAL
2020-08-27,96851,Stasiun Klimatologi DI Yogyakarta,Kab. Sleman,DI Yogyakarta,20.1,31.8,25.7,78.0,0.0,10.4,5.0,2.0,11.7,0.0,0.0,0.0,-1.0,-0.9396926207859084,-0.3420201433256685,-0.8343701235229537,-0.5512045872199277,0,1,0,0,0,0.9835126,NORMAL
2020-08-28,96851,Stasiun Klimatologi DI Yogyakarta,Kab. Sleman,DI Yogyakarta,21.2,30.4,25.5,86.0,0.0,8.7,5.0,3.0,9.2,0.0,0.0,0.0,0.0,0.1736481776669302,-0.984807753012208,-0.8437282590292712,-0.5367705514607103,0,1,0,0,0,0.99612844,NORMAL
2020-08-29,96851,Stasiun Klimatologi DI Yogyakarta,Kab. Sleman,DI Yogyakarta,22.8,31.5,26.9,82.0,0.0,6.1,6.0,2.0,8.7,0.0,0.0,0.0,1.0,-0.6427876096865393,-0.766044443118978,-0.8528367217694595,-0.522177676659508,0,0,0,0,0,0.9419066,NORMAL
2020-08-30,96851,Stasiun Klimatologi DI Yogyakarta,Kab. Sleman,DI Yogyakarta,21.0,32.5,26.4,74.0,0.0,6.3,4.0,2.0,11.5,0.0,0.0,0.0,-2.0,-1.0,-1.8369701987210294e-16,-0.8616928164028521,-0.5074302810827518,0,1,0,0,0,0.935051,NORMAL
2020-08-31,96851,Stasiun Klimatologi DI Yogyakarta,Kab. Sleman,DI Yogyakarta,21.8,30.5,25.8,81.0,0.0,8.7,4.0,2.0,8.7,0.0,0.0,0.0,0.0,-0.8660254037844384,-0.5000000000000004,-0.8702939222685674,-0.4925327287220543,0,0,0,0,0,0.9057065,NORMAL
2020-09-01,96851,Stasiun Klimatologi DI Yogyakarta,Kab. Sleman,DI Yogyakarta,22.0,30.4,25.8,86.0,0.0,9.0,5.0,3.0,8.399999999999999,0.0,0.0,0.0,1.0,-1.0,-1.8369701987210294e-16,-0.8786374941610001,-0.4774894280028391,0,0,0,0,0,0.9071278,NORMAL
2020-09-02,96851,Stasiun Klimatologi DI Yogyakarta,Kab. Sleman,DI Yogyakarta,23.6,30.73333333333333,25.9,87.0,0.0,4.7,5.0,2.0,7.133333333333329,0.0,0.0,0.0,0.0,1.2246467991473532e-16,-1.0,-0.886721063082993,-0.4623048304798108,0,0,0,0,0,0.8693539,NORMAL
2020-10-27,96851,Stasiun Klimatologi DI Yogyakarta,Kab. Sleman,DI Yogyakarta,22.6,28.2,24.4,90.0,47.05,1.4,4.0,1.0,5.599999999999998,123.35,156.44999999999993,-18.05,0.0,-0.6427876096865396,0.7660444431189778,-0.8935790198239952,0.4489059314938798,0,1,0,0,0,1.7617959,NORMAL
2020-10-28,96851,Stasiun Klimatologi DI Yogyakarta,Kab. Sleman,DI Yogyakarta,22.2,30.7,26.3,88.0,29.0,0.4,4.0,2.0,8.5,141.15,158.94999999999993,-18.05,0.0,-0.6427876096865393,-0.766044443118978,-0.8857249183835637,0.4642104791518923,0,0,0,0,0,1.8377072,NORMAL
2020-10-29,96851,Stasiun Klimatologi DI Yogyakarta,Kab. Sleman,DI Yogyakarta,23.6,33.6,28.4,81.0,18.1,4.6,4.0,2.0,10.0,94.15,177.04999999999995,-10.9,0.0,0.984807753012208,-0.1736481776669303,-0.8776087166898392,0.4793776594606945,0,0,0,0,0,1.8696349,NORMAL
2020-10-30,96851,Stasiun Klimatologi DI Yogyakarta,Kab. Sleman,DI Yogyakarta,24.0,32.9,28.1,78.0,13.95,9.6,8.0,3.0,8.899999999999999,61.05000000000002,188.79999999999995,-4.15,4.0,0.984807753012208,-0.1736481776669303,-0.8692328164574792,0.4944029842076181,0,1,0,0,0,1.9668148,NORMAL
2020-10-31,96851,Stasiun Klimatologi DI Yogyakarta,Kab. Sleman,DI Yogyakarta,23.6,30.8,26.5,87.0,9.8,6.5,5.0,2.0,7.199999999999999,41.850000000000016,194.2,-4.15,-3.0,-0.9396926207859084,-0.3420201433256685,-0.8605996962501181,0.5092820071573356,0,0,0,0,0,1.9768183,NORMAL
2020-11-01,96851,Stasiun Klimatologi DI Yogyakarta,Kab. Sleman,DI Yogyakarta,22.8,30.8,27.0,83.0,6.0,1.2,5.0,2.0,8.0,29.75000000000001,188.99999999999997,-3.8000000000000007,0.0,-0.9396926207859084,-0.3420201433256685,-0.8517119107469189,0.5240103253675756,0,0,0,0,0,1.9427521,NORMAL
2020-11-02,96851,Stasiun Klimatologi DI Yogyakarta,Kab. Sleman,DI Yogyakarta,23.2,30.8,26.4,86.0,21.2,4.0,6.0,3.0,7.600000000000001,37.000000000000014,145.09999999999997,15.2,1.0,-0.7660444431189779,-0.6427876096865395,-0.8425720899866032,0.5385835804920232,0,0,0,0,0,1.8879685,NORMAL
2020-11-03,96851,Stasiun Klimatologi DI Yogyakarta,Kab. Sleman,DI Yogyakarta,22.85,31.8,26.8,82.0,1.1,3.0,4.0,2.0,8.95,28.30000000000001,99.14999999999996,-20.1,-2.0,-0.8660254037844384,-0.5000000000000004,-0.8331829385891785,0.5529974600700271,0,0,0,0,0,1.8843234,NORMAL
2020-11-04,96851,Stasiun Klimatologi DI Yogyakarta,Kab. Sleman,DI Yogyakarta,22.5,32.0,27.0,81.0,5.8,6.4,4.0,2.0,9.5,28.100000000000016,75.94999999999996,4.699999999999999,0.0,-0.984807753012208,-0.1736481776669303,-0.8235472349556007,0.5672476988027229,0,0,0,0,0,1.8304071,NORMAL
2020-11-05,96851,Stasiun Klimatologi DI Yogyakarta,Kab. Sleman,DI Yogyakarta,24.2,33.3,27.6,82.0,1.8,5.6,10.0,3.0,9.099999999999998,8.700000000000015,59.64999999999996,-4.0,6.0,-1.0,-1.8369701987210294e-16,-0.8136678304455991,0.5813300798152042,0,0,0,0,0,2.023734,NORMAL
2020-11-06,96851,Stasiun Klimatologi DI Yogyakarta,Kab. Sleman,DI Yogyakarta,22.4,34.0,27.8,80.0,3.1,6.9,5.0,2.0,11.6,10.700000000000015,48.79999999999996,1.3,-5.0,0.766044443118978,-0.6427876096865394,-0.8035476485339116,0.5952404359043674,0,0,0,0,0,2.0940115,NORMAL
2020-11-07,96851,Stasiun Klimatologi DI Yogyakarta,Kab. Sleman,DI Yogyakarta,24.6,32.8,28.6,75.0,0.0,8.9,5.0,3.0,8.199999999999996,4.900000000000015,38.99999999999996,-3.1,0.0,-1.0,-1.8369701987210294e-16,-0.7931896839451843,0.6089746507720486,0,0,0,0,0,2.1037915,NORMAL
2020-11-08,96851,Stasiun Klimatologi DI Yogyakarta,Kab. Sleman,DI Yogyakarta,24.6,32.2,27.6,81.0,1.85,9.8,5.0,2.0,7.600000000000001,4.950000000000015,34.84999999999996,1.85,0.0,-0.3420201433256686,-0.9396926207859084,-0.7825970017677834,0.6225286602431057,0,1,0,0,0,2.116737,NORMAL
2020-11-09,96851,Stasiun Klimatologi DI Yogyakarta,Kab. Sleman,DI Yogyakarta,23.9,31.0,27.4,82.0,3.7,8.0,5.0,2.0,7.100000000000001,5.550000000000015,17.34999999999996,1.85,0.0,-0.7660444431189779,-0.6427876096865395,-0.7717727365467837,0.6358984534680745,0,0,0,0,0,2.1168334,NORMAL
2020-11-10,96851,Stasiun Klimatologi DI Yogyakarta,Kab. Sleman,DI Yogyakarta,24.4,31.6,26.9,84.0,0.0,5.0,5.0,3.0,7.200000000000003,5.550000000000015,16.249999999999957,-3.7,0.0,1.2246467991473532e-16,-1.0,-0.7607200913564104,0.6490800741100398,0,0,0,0,0,2.0193644,NORMAL
2020-11-11,96851,Stasiun Klimatologi DI Yogyakarta,Kab. Sleman,DI Yogyakarta,23.6,31.6,27.7,78.0,0.0,6.7,4.0,2.0,8.0,3.7000000000000144,10.449999999999958,0.0,-1.0,1.2246467991473532e-16,-1.0,-0.7494423368521953,0.6620696215153815,0,1,0,0,0,1.9689894,NORMAL
2020-11-12,96851,Stasiun Klimatologi DI Yogyakarta,Kab. Sleman,DI Yogyakarta,23.2,32.8,27.8,80.0,0.0,4.9,6.0,3.0,9.599999999999998,0.0,8.649999999999958,0.0,2.0,1.0,6.123233995736766e-17,-0.7379428103031386,0.6748632518680403,0,0,0,0,0,1.9906557,NORMAL
2020-11-13,96851,Stasiun Klimatologi DI Yogyakarta,Kab. Sleman,DI Yogyakarta,23.8,34.2,29.0,75.0,1.0,6.4,5.0,3.0,10.400000000000002,1.0000000000000142,6.549999999999958,1.0,-1.0,1.0,6.123233995736766e-17,-0.7262249146041543,0.6874571793269664,0,0,0,0,0,2.0160782,NORMAL
2020-11-14,96851,Stasiun Klimatologi DI Yogyakarta,Kab. Sleman,DI Yogyakarta,23.2,33.1,27.7,80.0,10.8,8.0,5.0,2.0,9.900000000000002,11.800000000000017,17.34999999999996,9.8,0.0,-0.9396926207859084,0.342020143325669,-0.7142921172691032,0.699847677146407,0,0,0,0,0,1.9917502,NORMAL
2020-11-15,96851,Stasiun Klimatologi DI Yogyakarta,Kab. Sleman,DI Yogyakarta,23.8,32.6,28.2,70.0,12.25,6.7,4.0,2.0,8.8,24.05000000000001,27.74999999999996,1.4499999999999993,-1.0,0.6427876096865395,-0.7660444431189779,-0.7021479494046978,0.7120310787787131,0,1,0,0,0,1.9873846,NORMAL
2020-11-16,96851,Stasiun Klimatologi DI Yogyakarta,Kab. Sleman,DI Yogyakarta,22.6,32.1,27.9,82.0,13.7,4.5,3.0,2.0,9.5,36.750000000000014,37.74999999999996,1.4499999999999993,-1.0,1.2246467991473532e-16,-1.0,-0.6897960046655887,0.7240037789593305,0,0,0,0,0,1.9575523,NORMAL
2020-11-17,96851,Stasiun Klimatologi DI Yogyakarta,Kab. Sleman,DI Yogyakarta,25.8,31.6,28.4,78.0,4.9,8.0,5.0,3.0,5.800000000000001,30.850000000000016,42.64999999999996,-8.799999999999999,2.0,0.4999999999999999,-0.8660254037844387,-0.6772399381909491,0.7357622347736527,0,0,0,0,0,2.001353,NORMAL
2020-11-18,96851,Stasiun Klimatologi DI Yogyakarta,Kab. Sleman,DI Yogyakarta,24.0,34.0,28.0,78.0,0.0,4.8,6.0,2.0,10.0,18.600000000000016,42.64999999999996,-4.9,1.0,-0.9396926207859084,0.342020143325669,-0.6644834655228552,0.7473029667054297,0,0,0,0,0,2.0289044,NORMAL
2020-11-19,96851,Stasiun Klimatologi DI Yogyakarta,Kab. Sleman,DI Yogyakarta,24.0,32.6,27.1,86.0,8.6,8.2,5.0,2.0,8.600000000000001,13.500000000000014,51.24999999999996,8.6,-1.0,-0.6427876096865396,0.7660444431189778,-0.6515303615068021,0.75862255966641,0,0,0,0,0,1.9997346,NORMAL
2020-11-20,96851,Stasiun Klimatologi DI Yogyakarta,Kab. Sleman,DI Yogyakarta,21.7,33.8,26.5,86.0,75.0,6.3,5.0,2.0,12.099999999999998,83.60000000000001,125.24999999999996,66.4,0.0,-0.6427876096865393,-0.766044443118978,-0.6383844591746642,0.769717664006921,0,0,0,0,0,2.5480914,NORMAL
2020-11-21,96851,Stasiun Klimatologi DI Yogyakarta,Kab. Sleman,DI Yogyakarta,23.0,31.4,26.8,85.0,1.0,4.5,3.0,1.0,8.399999999999999,84.60000000000001,115.44999999999996,-74.0,-2.0,-1.0,-1.8369701987210294e-16,-0.6250496486104377,0.7805849965070866,0,0,0,0,0,3.0216777,NORMAL
2020-12-22,96851,Stasiun Klimatologi DI Yogyakarta,Kab. Sleman,DI Yogyakarta,23.7,30.6,26.8,84.0,0.0,5.2,6.0,3.0,6.900000000000002,5.600000000000028,67.69999999999995,0.0,0.0,-0.3420201433256686,-0.9396926207859084,-0.141444067687942,0.989946248902378,0,0,0,0,0,15.5866165,AWAS
2020-12-23,96851,Stasiun Klimatologi DI Yogyakarta,Kab. Sleman,DI Yogyakarta,23.8,30.9,27.1,80.0,0.0,3.4,5.0,2.0,7.099999999999998,0.0,67.69999999999995,0.0,-1.0,-0.7660444431189779,-0.6427876096865395,-0.1243945048397999,0.9922328391893008,0,0,0,0,0,15.5755625,AWAS
2020-12-24,96851,Stasiun Klimatologi DI Yogyakarta,Kab. Sleman,DI Yogyakarta,23.1,31.4,27.5,79.0,0.0,6.9,5.0,2.0,8.299999999999997,0.0,67.39999999999995,0.0,0.0,-0.7660444431189779,-0.6427876096865395,-0.1073081316563624,0.994225811815616,0,0,0,0,0,15.499087,AWAS
2020-12-25,96851,Stasiun Klimatologi DI Yogyakarta,Kab. Sleman,DI Yogyakarta,22.4,31.6,26.6,83.0,0.0,7.1000000000000005,5.0,2.0,9.200000000000005,0.0,16.79999999999994,0.0,0.0,-1.0,-1.8369701987210294e-16,-0.0901900042703451,0.99592457702866,0,0,0,0,0,15.48257,AWAS
2020-12-26,96851,Stasiun Klimatologi DI Yogyakarta,Kab. Sleman,DI Yogyakarta,23.2,30.7,25.9,85.0,7.6,7.3,3.0,1.0,7.5,7.600000000000028,13.199999999999942,7.6,-2.0,-0.9396926207859084,-0.3420201433256685,-0.0730451882110474,0.9973286321364752,0,0,0,0,0,15.487037,AWAS
2020-12-27,96851,Stasiun Klimatologi DI Yogyakarta,Kab. Sleman,DI Yogyakarta,23.2,30.6,27.2,82.0,19.2,5.2,6.0,3.0,7.400000000000002,26.800000000000026,26.79999999999994,11.6,3.0,-0.984807753012208,0.1736481776669299,-0.0558787569053731,0.9984375616565666,0,0,0,0,0,15.440927,AWAS
2020-12-28,96851,Stasiun Klimatologi DI Yogyakarta,Kab. Sleman,DI Yogyakarta,23.4,30.4,26.3,87.0,4.1,8.0,5.0,3.0,7.0,30.900000000000027,30.89999999999994,-15.1,-1.0,-0.7660444431189779,-0.6427876096865395,-0.0386957901765268,0.999251037438848,0,0,0,0,0,15.460776,AWAS
2020-12-29,96851,Stasiun Klimatologi DI Yogyakarta,Kab. Sleman,DI Yogyakarta,23.8,30.8,26.4,87.0,0.5,3.9,5.0,4.0,7.0,23.800000000000026,31.39999999999994,-3.6,0.0,-1.0,-1.8369701987210294e-16,-0.0215013727408137,0.999768818762748,0,0,0,0,0,15.333804,AWAS
2020-12-30,96851,Stasiun Klimatologi DI Yogyakarta,Kab. Sleman,DI Yogyakarta,23.0,27.8,24.8,94.0,14.6,3.3,4.0,2.0,4.800000000000001,19.20000000000003,45.99999999999994,14.1,-1.0,-1.0,-1.8369701987210294e-16,-0.0043005927029819,0.9999907524084426,0,0,0,0,0,15.318867,AWAS
2020-12-31,96851,Stasiun Klimatologi DI Yogyakarta,Kab. Sleman,DI Yogyakarta,22.3,29.2,24.9,91.0,44.1,0.8,5.0,2.0,6.899999999999999,59.20000000000003,90.09999999999994,29.5,1.0,-0.9396926207859084,-0.3420201433256685,0.0129014599494196,0.9999167727021951,0,0,0,0,0,15.404686,AWAS
2018-03-28,96855,Stasiun Geofisika Sleman,Kab. Sleman,DI Yogyakarta,23.0,30.0,25.7,87.0,5.5,3.8,2.0,1.0,7.0,23.30000000000005,148.8,-4.1,0.0,-0.3420201433256686,-0.9396926207859084,0.9972495210773452,0.0741174251509443,1,0,0,0,0,0.78634226,NORMAL
2018-03-29,96855,Stasiun Geofisika Sleman,Kab. Sleman,DI Yogyakarta,22.0,32.0,26.1,84.0,0.0,4.2,2.0,1.0,10.0,15.100000000000056,132.4,-5.5,0.0,-0.3420201433256686,-0.9396926207859084,0.998376906467142,0.0569521960340397,1,0,0,0,0,0.788397,NORMAL
2018-03-30,96855,Stasiun Geofisika Sleman,Kab. Sleman,DI Yogyakarta,23.0,32.4,26.9,83.0,0.0,10.2,2.0,1.0,9.4,5.500000000000057,99.6,0.0,0.0,1.2246467991473532e-16,-1.0,0.9992088560679752,0.0397701138460557,1,0,0,0,0,0.78813124,NORMAL
2018-03-31,96855,Stasiun Geofisika Sleman,Kab. Sleman,DI Yogyakarta,24.0,31.6,26.8,86.0,0.0,8.6,2.0,1.0,7.600000000000001,0.0,50.4,0.0,0.0,-0.7660444431189779,-0.6427876096865395,0.9997451236925734,0.0225762630415454,1,1,0,0,0,0.79069823,NORMAL
2018-04-01,96855,Stasiun Geofisika Sleman,Kab. Sleman,DI Yogyakarta,23.0,33.4,27.0,83.0,0.0,5.6,2.0,1.0,10.4,0.0,23.3,0.0,0.0,-0.3420201433256686,-0.9396926207859084,0.9999855506507186,0.0053757315575838,1,0,0,0,0,0.7905882,NORMAL
2018-04-02,96855,Stasiun Geofisika Sleman,Kab. Sleman,DI Yogyakarta,23.0,32.8,26.8,84.0,0.0,7.9,2.0,1.0,9.799999999999995,0.0,15.1,0.0,0.0,-0.3420201433256686,-0.9396926207859084,0.9999300657962056,-0.0118263906918325,1,0,0,0,0,0.7907951,NORMAL
2018-04-03,96855,Stasiun Geofisika Sleman,Kab. Sleman,DI Yogyakarta,23.0,31.8,26.9,81.0,4.4,4.3,2.0,1.0,8.8,4.400000000000057,9.9,4.4,0.0,-0.3420201433256686,-0.9396926207859084,0.9995786855478958,-0.0290250133219752,1,0,0,0,0,0.78988683,NORMAL
2018-04-04,96855,Stasiun Geofisika Sleman,Kab. Sleman,DI Yogyakarta,23.0,32.0,26.9,85.0,0.0,9.4,2.0,1.0,9.0,4.400000000000057,4.4,-4.4,0.0,-0.3420201433256686,-0.9396926207859084,0.9989315138848576,-0.0462150469837083,1,0,0,0,0,0.796783,NORMAL
2018-04-05,96855,Stasiun Geofisika Sleman,Kab. Sleman,DI Yogyakarta,24.0,32.9,27.1,88.0,0.0,8.0,2.0,0.0,8.899999999999999,4.400000000000057,4.4,0.0,0.0,1.2246467991473532e-16,-1.0,0.9979887423155984,-0.0633914048695103,1,0,0,0,0,0.7785711,NORMAL
2018-04-06,96855,Stasiun Geofisika Sleman,Kab. Sleman,DI Yogyakarta,24.0,32.7,26.8,87.0,1.0,6.5,2.0,1.0,8.700000000000003,1.0000000000000568,5.4,1.0,0.0,-0.3420201433256686,-0.9396926207859084,0.9967506498213928,-0.0805490042187416,1,0,0,0,0,0.76526856,NORMAL
2018-04-07,96855,Stasiun Geofisika Sleman,Kab. Sleman,DI Yogyakarta,21.0,32.4,26.5,87.0,2.4,7.6,2.0,1.0,11.4,3.4000000000000568,7.800000000000001,1.4,0.0,1.2246467991473532e-16,-1.0,0.9952176027737294,-0.0976827678217159,1,0,0,0,0,0.7464376,NORMAL
2018-04-08,96855,Stasiun Geofisika Sleman,Kab. Sleman,DI Yogyakarta,24.0,32.8,27.1,86.0,32.7,7.0,2.0,1.0,8.799999999999997,36.10000000000006,40.5,30.300000000000004,0.0,0.4999999999999999,0.8660254037844387,0.9933900548258936,-0.114787625522127,1,0,0,0,0,0.8222832,NORMAL
2018-04-09,96855,Stasiun Geofisika Sleman,Kab. Sleman,DI Yogyakarta,23.0,32.8,26.5,84.0,0.0,7.8,2.0,1.0,9.799999999999995,35.10000000000006,40.5,-32.7,0.0,-0.3420201433256686,-0.9396926207859084,0.9912685467787256,-0.1318585157173911,1,0,0,0,0,0.9177554,NORMAL
2018-04-10,96855,Stasiun Geofisika Sleman,Kab. Sleman,DI Yogyakarta,23.0,31.8,26.5,85.0,8.5,4.0,2.0,0.0,8.8,41.20000000000006,44.6,8.5,0.0,1.2246467991473532e-16,-1.0,0.9888537064205885,-0.1488903868564548,1,0,0,0,0,0.92139447,NORMAL
2018-04-11,96855,Stasiun Geofisika Sleman,Kab. Sleman,DI Yogyakarta,24.0,33.8,27.3,86.0,4.25,7.6,2.0,0.0,9.799999999999995,12.750000000000057,48.85,-4.25,0.0,-0.3420201433256686,-0.9396926207859084,0.986146248341595,-0.1658781989346314,1,1,0,0,0,0.92471063,NORMAL
2018-04-12,96855,Stasiun Geofisika Sleman,Kab. Sleman,DI Yogyakarta,23.0,33.2,27.3,84.0,0.0,5.7,2.0,1.0,10.200000000000005,12.750000000000057,48.85,-4.25,0.0,1.2246467991473532e-16,-1.0,0.98314697372215,-0.1828169249850199,1,0,0,0,0,0.9317183,NORMAL
2018-04-13,96855,Stasiun Geofisika Sleman,Kab. Sleman,DI Yogyakarta,25.0,33.6,28.0,85.0,0.0,5.8,2.0,1.0,8.600000000000001,4.250000000000057,47.85,0.0,0.0,-0.3420201433256686,-0.9396926207859084,0.9798567700958664,-0.1997015525660636,1,0,0,0,0,0.9385393,NORMAL
2018-04-14,96855,Stasiun Geofisika Sleman,Kab. Sleman,DI Yogyakarta,25.0,33.0,28.2,85.0,0.0,8.9,1.0,0.0,8.0,0.0,45.45,0.0,-1.0,1.2246467991473532e-16,-1.0,0.976276611086932,-0.2165270852448143,1,0,0,0,0,0.95315117,NORMAL
2018-04-15,96855,Stasiun Geofisika Sleman,Kab. Sleman,DI Yogyakarta,25.0,33.0,27.7,87.0,0.0,7.6,2.0,0.0,8.0,0.0,12.75,0.0,1.0,1.2246467991473532e-16,-1.0,0.9724075561219968,-0.2332885440754551,1,1,0,0,0,0.9516991,NORMAL
2018-04-16,96855,Stasiun Geofisika Sleman,Kab. Sleman,DI Yogyakarta,24.0,32.0,27.4,86.0,0.0,8.4,2.0,0.0,8.0,0.0,12.75,0.0,0.0,-0.3420201433256686,-0.9396926207859084,0.9682507501166718,-0.2499809690726521,1,0,0,0,0,0.93361425,NORMAL
2018-04-17,96855,Stasiun Geofisika Sleman,Kab. Sleman,DI Yogyakarta,25.0,31.2,27.3,88.0,0.0,7.0,2.0,1.0,6.199999999999999,0.0,4.25,0.0,0.0,1.2246467991473532e-16,-1.0,0.9638074231367308,-0.2665994206792935,1,0,0,0,0,0.88894016,NORMAL
2018-04-18,96855,Stasiun Geofisika Sleman,Kab. Sleman,DI Yogyakarta,24.0,32.4,26.3,90.0,8.35,4.8,2.0,0.0,8.399999999999999,8.350000000000056,8.35,8.35,0.0,-0.3420201433256686,-0.9396926207859084,0.9590788900341132,-0.2831389812281835,1,1,0,0,0,0.803523,NORMAL
2018-04-19,96855,Stasiun Geofisika Sleman,Kab. Sleman,DI Yogyakarta,24.0,32.6,27.2,86.0,16.7,4.7,2.0,1.0,8.600000000000001,25.05000000000005,25.05,8.35,0.0,1.2246467991473532e-16,-1.0,0.9540665500578388,-0.2995947563972602,1,0,0,0,0,0.82314914,NORMAL
2018-04-20,96855,Stasiun Geofisika Sleman,Kab. Sleman,DI Yogyakarta,24.0,32.2,26.6,93.0,0.0,9.2,2.0,0.0,8.200000000000003,25.050000000000058,25.05,-16.7,0.0,1.2246467991473532e-16,-1.0,0.9487718864399473,-0.3159618766579029,1,0,0,0,0,0.86111784,NORMAL
2018-04-21,96855,Stasiun Geofisika Sleman,Kab. Sleman,DI Yogyakarta,24.0,32.6,27.1,87.0,32.0,4.0,0.0,0.0,8.600000000000001,48.70000000000006,57.05,32.0,-2.0,0.0,1.0,0.9431964659565866,-0.3322354987159043,1,0,0,0,0,1.0036368,NORMAL
2018-04-22,96855,Stasiun Geofisika Sleman,Kab. Sleman,DI Yogyakarta,24.0,32.6,27.0,86.0,16.1,5.1,2.0,0.0,8.600000000000001,48.10000000000006,73.15,-15.9,2.0,1.2246467991473532e-16,-1.0,0.9373419384643772,-0.3484108069446808,1,1,0,0,0,0.9790054,NORMAL
2018-04-23,96855,Stasiun Geofisika Sleman,Kab. Sleman,DI Yogyakarta,24.0,32.7,26.8,87.0,0.2,5.7,3.0,0.0,8.700000000000003,48.30000000000006,73.35000000000001,-15.900000000000002,1.0,-0.3420201433256686,-0.9396926207859084,0.9312100364121948,-0.3644830148102912,1,0,0,0,0,0.8667915,NORMAL
2018-04-24,96855,Stasiun Geofisika Sleman,Kab. Sleman,DI Yogyakarta,24.0,32.8,26.4,87.0,0.0,3.7,2.0,0.0,8.799999999999997,16.300000000000058,73.35000000000001,-0.2,-1.0,1.2246467991473532e-16,-1.0,0.9248025743285088,-0.3804473662878516,1,0,0,0,0,0.7433677,NORMAL
2018-04-25,96855,Stasiun Geofisika Sleman,Kab. Sleman,DI Yogyakarta,24.0,32.0,26.5,89.0,9.2,6.3,1.0,0.0,8.0,9.400000000000055,74.2,9.2,-1.0,-0.3420201433256686,0.9396926207859084,0.9181214482844364,-0.3962991372689181,1,0,0,0,0,0.7105293,NORMAL
2018-04-26,96855,Stasiun Geofisika Sleman,Kab. Sleman,DI Yogyakarta,24.0,32.8,27.6,82.0,0.4,6.1,3.0,0.0,8.799999999999997,9.600000000000056,57.900000000000006,-8.799999999999999,2.0,1.0,6.123233995736766e-17,0.9111686353326632,-0.4120336369594263,1,0,0,0,0,0.7247553,NORMAL
2018-04-27,96855,Stasiun Geofisika Sleman,Kab. Sleman,DI Yogyakarta,23.0,33.4,27.8,79.0,0.0,5.8,2.0,1.0,10.4,9.600000000000056,57.900000000000006,-0.4,-1.0,1.0,6.123233995736766e-17,0.9039461929224012,-0.4276462092677746,1,0,0,0,0,0.7222984,NORMAL
2018-04-28,96855,Stasiun Geofisika Sleman,Kab. Sleman,DI Yogyakarta,24.0,31.3,26.9,86.0,0.0,9.1,2.0,0.0,7.300000000000001,0.4000000000000568,25.9,0.0,0.0,1.0,6.123233995736766e-17,0.8964562582905575,-0.4431322341826345,1,0,0,0,0,0.71886724,NORMAL
2018-04-29,96855,Stasiun Geofisika Sleman,Kab. Sleman,DI Yogyakarta,23.0,33.8,26.9,80.0,0.0,4.7,2.0,1.0,10.799999999999995,0.0,9.800000000000002,0.0,0.0,1.0,6.123233995736766e-17,0.8887010478292915,-0.4584871291400876,1,0,0,0,0,0.72116643,NORMAL
2018-04-30,96855,Stasiun Geofisika Sleman,Kab. Sleman,DI Yogyakarta,22.0,32.2,26.1,82.0,0.0,9.8,2.0,1.0,10.200000000000005,0.0,9.600000000000003,0.0,0.0,1.0,6.123233995736766e-17,0.8806828564301475,-0.47370635037968,1,0,0,0,0,0.7236978,NORMAL
2018-05-01,96855,Stasiun Geofisika Sleman,Kab. Sleman,DI Yogyakarta,22.0,32.4,25.9,79.0,0.0,9.6,2.0,0.0,10.4,0.0,9.600000000000003,0.0,0.0,0.984807753012208,-0.1736481776669303,0.8724040568049612,-0.4887853942889926,1,0,0,0,0,0.7270165,NORMAL
2018-05-02,96855,Stasiun Geofisika Sleman,Kab. Sleman,DI Yogyakarta,22.0,31.8,25.9,80.0,0.0,8.3,2.0,1.0,9.8,0.0,0.4000000000000036,0.0,0.0,-0.3420201433256686,-0.9396926207859084,0.8638670987837349,-0.503719798736334,1,1,0,0,0,0.7275479,NORMAL
2018-05-03,96855,Stasiun Geofisika Sleman,Kab. Sleman,DI Yogyakarta,21.0,31.6,25.6,84.0,0.0,9.4,2.0,1.0,10.6,0.0,0.0,0.0,0.0,-0.3420201433256686,-0.9396926207859084,0.8550745085896932,-0.518505144391157,1,0,0,0,0,0.72824955,NORMAL
2018-05-04,96855,Stasiun Geofisika Sleman,Kab. Sleman,DI Yogyakarta,22.0,33.0,26.6,78.0,0.0,10.0,2.0,1.0,11.0,0.0,0.0,0.0,0.0,-0.3420201433256686,-0.9396926207859084,0.8460288880917339,-0.533137056031809,1,1,0,0,0,0.7300186,NORMAL
2018-05-05,96855,Stasiun Geofisika Sleman,Kab. Sleman,DI Yogyakarta,21.0,33.0,26.3,79.0,0.0,9.8,2.0,1.0,12.0,0.0,0.0,0.0,0.0,0.984807753012208,-0.1736481776669303,0.8367329140344921,-0.5476112038402312,1,0,0,0,0,0.7396242,NORMAL
2018-05-06,96855,Stasiun Geofisika Sleman,Kab. Sleman,DI Yogyakarta,22.0,34.0,26.9,79.0,0.0,10.0,2.0,1.0,12.0,0.0,0.0,0.0,0.0,-1.0,-1.8369701987210294e-16,0.8271893372462497,-0.5619233046832195,1,1,0,0,0,0.7498034,NORMAL
2018-05-07,96855,Stasiun Geofisika Sleman,Kab. Sleman,DI Yogyakarta,23.0,33.8,26.8,81.0,0.0,8.0,2.0,0.0,10.799999999999995,0.0,0.0,0.0,0.0,1.2246467991473532e-16,-1.0,0.8174009818249189,-0.5760691233798758,1,1,0,0,0,0.75290895,NORMAL
2018-05-08,96855,Stasiun Geofisika Sleman,Kab. Sleman,DI Yogyakarta,23.0,33.4,27.3,81.0,0.0,9.1,2.0,1.0,10.4,0.0,0.0,0.0,0.0,1.0,6.123233995736766e-17,0.8073707443023492,-0.5900444739548627,1,0,0,0,0,0.62192136,NORMAL
2018-05-09,96855,Stasiun Geofisika Sleman,Kab. Sleman,DI Yogyakarta,22.0,33.2,26.1,79.0,0.0,9.4,2.0,1.0,11.200000000000005,0.0,0.0,0.0,0.0,-0.3420201433256686,0.9396926207859084,0.7971015927871943,-0.6038452208771035,1,0,0,0,0,0.52962214,NORMAL
2018-05-10,96855,Stasiun Geofisika Sleman,Kab. Sleman,DI Yogyakarta,22.0,33.4,26.8,79.0,0.0,9.6,2.0,1.0,11.4,0.0,0.0,0.0,0.0,1.0,6.123233995736766e-17,0.7865965660866021,-0.6174672802835514,1,0,0,0,0,0.52850556,NORMAL
2018-05-11,96855,Stasiun Geofisika Sleman,Kab. Sleman,DI Yogyakarta,22.0,33.6,26.6,78.0,0.0,8.6,2.0,1.0,11.6,0.0,0.0,0.0,0.0,0.984807753012208,-0.1736481776669303,0.7758587728069828,-0.6309066211876704,1,0,0,0,0,0.53164434,NORMAL
2018-05-12,96855,Stasiun Geofisika Sleman,Kab. Sleman,DI Yogyakarta,21.0,33.5,26.4,79.0,0.0,9.4,2.0,1.0,12.5,0.0,0.0,0.0,0.0,1.0,6.123233995736766e-17,0.7648913904341226,-0.6441592666722685,1,0,0,0,0,0.5360086,NORMAL
2018-05-13,96855,Stasiun Geofisika Sleman,Kab. Sleman,DI Yogyakarta,22.0,33.4,26.1,80.0,0.0,7.5,2.0,1.0,11.4,0.0,0.0,0.0,0.0,1.2246467991473532e-16,-1.0,0.753697664392914,-0.6572212950663319,1,0,0,0,0,0.53123873,NORMAL
2018-05-14,96855,Stasiun Geofisika Sleman,Kab. Sleman,DI Yogyakarta,23.0,32.8,27.0,82.0,0.0,8.9,2.0,1.0,9.799999999999995,0.0,0.0,0.0,0.0,1.2246467991473532e-16,-1.0,0.742280907086982,-0.6700888411055113,1,1,0,0,0,0.5195922,NORMAL
2018-05-15,96855,Stasiun Geofisika Sleman,Kab. Sleman,DI Yogyakarta,24.0,32.2,26.4,88.0,0.0,7.5,2.0,1.0,8.200000000000003,0.0,0.0,0.0,0.0,1.2246467991473532e-16,-1.0,0.7306444969184916,-0.6827580970759147,1,0,0,0,0,0.5124594,NORMAL
2018-05-16,96855,Stasiun Geofisika Sleman,Kab. Sleman,DI Yogyakarta,23.0,31.0,26.5,87.0,3.8,5.0,2.0,0.0,8.0,3.8000000000000567,3.8000000000000034,3.8,0.0,1.2246467991473532e-16,-1.0,0.7187918772884232,-0.6952253139408722,1,0,0,0,0,0.512944,NORMAL
2018-05-17,96855,Stasiun Geofisika Sleman,Kab. Sleman,DI Yogyakarta,24.0,32.0,26.9,86.0,2.05,2.9,2.0,0.0,8.0,5.8500000000000565,5.850000000000003,-1.75,0.0,-0.3420201433256686,-0.9396926207859084,0.7067265555776158,-0.7074868024503348,1,1,0,0,0,0.5102478,NORMAL
2018-05-18,96855,Stasiun Geofisika Sleman,Kab. Sleman,DI Yogyakarta,24.0,31.8,26.4,86.0,0.3,2.9,2.0,0.0,7.800000000000001,6.150000000000056,6.150000000000003,-1.7499999999999998,0.0,0.984807753012208,-0.1736481776669303,0.6944521021088763,-0.719538934232584,1,0,0,0,0,0.5070583,NORMAL
2018-05-19,96855,Stasiun Geofisika Sleman,Kab. Sleman,DI Yogyakarta,23.0,32.4,26.0,82.0,0.0,4.5,2.0,0.0,9.4,2.3500000000000565,6.150000000000003,-0.3,0.0,-0.3420201433256686,-0.9396926207859084,0.6819721490904629,-0.7313781428679254,1,0,0,0,0,0.491563,NORMAL
2018-05-20,96855,Stasiun Geofisika Sleman,Kab. Sleman,DI Yogyakarta,23.0,32.3,26.5,86.0,0.5,7.5,1.0,0.0,9.299999999999995,0.8000000000000569,6.650000000000003,0.5,-1.0,-0.3420201433256686,-0.9396926207859084,0.6692903895412567,-0.7430009249440493,1,1,0,0,0,0.47370195,NORMAL
2018-05-21,96855,Stasiun Geofisika Sleman,Kab. Sleman,DI Yogyakarta,24.0,31.2,26.2,88.0,1.0,4.5,2.0,0.0,7.199999999999999,1.5000000000000568,7.650000000000003,0.5,1.0,-0.5000000000000001,-0.8660254037844386,0.6564105761979381,-0.7544038410927472,1,0,0,0,0,0.31054714,NORMAL
2018-05-22,96855,Stasiun Geofisika Sleman,Kab. Sleman,DI Yogyakarta,23.0,33.4,27.2,83.0,2.0,3.5,2.0,1.0,10.4,3.500000000000057,9.650000000000002,1.0,0.0,1.0,6.123233995736766e-17,0.6433365204044917,-0.765583517007675,1,0,0,0,0,0.27153397,NORMAL
2018-05-23,96855,Stasiun Geofisika Sleman,Kab. Sleman,DI Yogyakarta,24.0,32.4,26.3,88.0,2.0500000000000003,9.1,2.0,0.0,8.399999999999999,5.0500000000000576,7.900000000000004,0.0500000000000002,0.0,1.2246467991473532e-16,-1.0,0.6300720909843687,-0.7765366444428655,1,1,0,0,0,0.24569589,NORMAL
2018-05-24,96855,Stasiun Geofisika Sleman,Kab. Sleman,DI Yogyakarta,24.0,31.8,26.6,88.0,2.1,7.9,2.0,0.0,7.800000000000001,6.150000000000057,7.950000000000004,0.0499999999999998,0.0,-0.3420201433256686,-0.9396926207859084,0.6166212130956382,-0.7872599821916922,1,0,0,0,0,0.24879842,NORMAL
2018-05-25,96855,Stasiun Geofisika Sleman,Kab. Sleman,DI Yogyakarta,23.0,32.0,26.4,87.0,0.7,3.3,2.0,0.0,9.0,4.850000000000057,8.350000000000003,-1.4,0.0,-0.3420201433256686,-0.9396926207859084,0.6029878670694714,-0.7977503570459932,1,0,0,0,0,0.22980541,NORMAL
2018-05-26,96855,Stasiun Geofisika Sleman,Kab. Sleman,DI Yogyakarta,23.0,30.2,26.9,85.0,0.35,6.2,2.0,0.0,7.199999999999999,3.1500000000000568,8.700000000000005,-0.35,0.0,-0.3420201433256686,-0.9396926207859084,0.5891760872322963,-0.8080046647350754,1,1,0,0,0,0.20848213,NORMAL
2018-05-27,96855,Stasiun Geofisika Sleman,Kab. Sleman,DI Yogyakarta,23.0,32.2,26.8,79.0,0.0,2.0,2.0,1.0,9.200000000000005,1.0500000000000569,8.200000000000005,-0.35,0.0,0.984807753012208,-0.1736481776669303,0.5751899607119775,-0.8180198708443175,1,0,0,0,0,0.2027535,NORMAL
2018-05-28,96855,Stasiun Geofisika Sleman,Kab. Sleman,DI Yogyakarta,23.0,30.6,25.9,84.0,0.0,7.0,2.0,1.0,7.600000000000001,0.3500000000000568,7.200000000000004,0.0,0.0,0.984807753012208,-0.1736481776669303,0.5610336262283677,-0.8277930117131022,1,0,0,0,0,0.20149884,NORMAL
2018-05-29,96855,Stasiun Geofisika Sleman,Kab. Sleman,DI Yogyakarta,22.0,31.2,25.5,84.0,0.0,6.7,2.0,1.0,9.2,0.0,5.200000000000004,0.0,0.0,-0.3420201433256686,-0.9396926207859084,0.5467112728685939,-0.8373211953118121,1,1,0,0,0,0.1932141,NORMAL
2018-05-30,96855,Stasiun Geofisika Sleman,Kab. Sleman,DI Yogyakarta,21.0,31.0,24.8,84.0,0.0,7.5,2.0,0.0,10.0,0.0,3.1500000000000035,0.0,0.0,-0.5000000000000001,-0.8660254037844386,0.5322271388474397,-0.8466016020976267,1,1,0,0,0,0.1867194,NORMAL
2018-05-31,96855,Stasiun Geofisika Sleman,Kab. Sleman,DI Yogyakarta,22.0,30.8,24.9,83.0,0.0,7.3,2.0,1.0,8.8,0.0,1.0500000000000034,0.0,0.0,0.984807753012208,-0.1736481776669303,0.5175855102531889,-0.8556314858488706,1,0,0,0,0,0.18322986,NORMAL
2018-06-01,96855,Stasiun Geofisika Sleman,Kab. Sleman,DI Yogyakarta,20.0,30.2,23.8,85.0,0.0,8.9,2.0,1.0,10.2,0.0,0.3500000000000035,0.0,0.0,1.2246467991473532e-16,-1.0,0.5027907197793043,-0.8644081744776648,1,0,0,0,0,0.1867376,NORMAL
2018-06-02,96855,Stasiun Geofisika Sleman,Kab. Sleman,DI Yogyakarta,20.5,31.6,24.8,82.0,0.0,8.6,2.0,1.0,11.1,0.0,0.0,0.0,0.0,0.984807753012208,0.1736481776669304,0.4878471454423119,-0.8729290708206411,1,0,0,0,0,0.19198382,NORMAL
2018-06-03,96855,Stasiun Geofisika Sleman,Kab. Sleman,DI Yogyakarta,21.0,31.4,25.5,83.0,0.0,7.5,2.0,0.0,10.4,0.0,0.0,0.0,0.0,1.2246467991473532e-16,-1.0,0.4727592092862775,-0.881191653407483,1,1,0,0,0,0.19097036,NORMAL
2018-06-04,96855,Stasiun Geofisika Sleman,Kab. Sleman,DI Yogyakarta,22.0,32.2,25.9,86.0,0.0,7.6,2.0,1.0,10.200000000000005,0.0,0.0,0.0,0.0,1.2246467991473532e-16,-1.0,0.4575313760742512,-0.8891934772070711,1,0,0,0,0,0.18294735,NORMAL
2018-06-05,96855,Stasiun Geofisika Sleman,Kab. Sleman,DI Yogyakarta,23.0,32.1,25.9,86.0,0.0,7.9,2.0,0.0,9.1,0.0,0.0,0.0,0.0,-0.3420201433256686,-0.9396926207859084,0.442168151967072,-0.8969321743510065,1,0,0,0,0,0.1746286,NORMAL
2018-06-06,96855,Stasiun Geofisika Sleman,Kab. Sleman,DI Yogyakarta,22.0,31.4,26.0,84.0,0.0,6.7,2.0,1.0,9.4,0.0,0.0,0.0,0.0,-0.3420201433256686,-0.9396926207859084,0.4266740831899246,-0.9044054548343,1,0,0,0,0,0.17311393,NORMAL
2018-06-07,96855,Stasiun Geofisika Sleman,Kab. Sleman,DI Yogyakarta,21.0,30.6,25.2,84.0,0.0,8.8,2.0,1.0,9.6,0.0,0.0,0.0,0.0,-0.3420201433256686,-0.9396926207859084,0.4110537546870351,-0.911611107193024,1,0,0,0,0,0.16701299,NORMAL
2018-06-08,96855,Stasiun Geofisika Sleman,Kab. Sleman,DI Yogyakarta,23.0,30.6,25.7,87.0,0.0,7.6,2.0,1.0,7.600000000000001,0.0,0.0,0.0,0.0,0.984807753012208,-0.1736481776669303,0.3953117887649151,-0.9185469991587164,1,1,0,0,0,0.15874542,NORMAL
2018-06-09,96855,Stasiun Geofisika Sleman,Kab. Sleman,DI Yogyakarta,22.0,31.4,25.8,83.0,0.0,3.2,2.0,1.0,9.4,0.0,0.0,0.0,0.0,-0.984807753012208,-0.1736481776669303,0.3794528437245443,-0.925211078289358,1,1,0,0,0,0.15233345,NORMAL
2018-06-10,96855,Stasiun Geofisika Sleman,Kab. Sleman,DI Yogyakarta,23.0,31.0,26.3,83.0,0.0,6.8,2.0,1.0,8.0,0.0,0.0,0.0,0.0,-0.3420201433256686,-0.9396926207859084,0.3634816124829063,-0.9316013725767188,1,0,0,0,0,0.14177833,NORMAL
2018-06-11,96855,Stasiun Geofisika Sleman,Kab. Sleman,DI Yogyakarta,23.0,32.4,26.5,83.0,0.0,6.3,2.0,1.0,9.4,0.0,0.0,0.0,0.0,-0.3420201433256686,-0.9396926207859084,0.3474028211842774,-0.9377159910299092,1,1,0,0,0,0.12882076,NORMAL
2018-06-12,96855,Stasiun Geofisika Sleman,Kab. Sleman,DI Yogyakarta,24.0,29.4,26.0,88.0,0.0,5.2,2.0,0.0,5.399999999999999,0.0,0.0,0.0,0.0,1.2246467991473532e-16,-1.0,0.3312212278016865,-0.9435531242349544,1,0,0,0,0,0.12714969,NORMAL
2018-06-13,96855,Stasiun Geofisika Sleman,Kab. Sleman,DI Yogyakarta,24.0,30.6,26.1,83.0,0.0,1.7,2.0,0.0,6.600000000000001,0.0,0.0,0.0,0.0,-0.3420201433256686,-0.9396926207859084,0.3149416207289519,-0.9491110448902284,1,1,0,0,0,0.12647377,NORMAL
2018-06-14,96855,Stasiun Geofisika Sleman,Kab. Sleman,DI Yogyakarta,22.0,31.0,25.5,82.0,0.0,1.5,2.0,1.0,9.0,0.0,0.0,0.0,0.0,-0.3420201433256686,-0.9396926207859084,0.2985688173637202,-0.9543881083175908,1,0,0,0,0,0.124766946,NORMAL
2018-06-15,96855,Stasiun Geofisika Sleman,Kab. Sleman,DI Yogyakarta,21.0,30.4,25.3,80.0,0.0,8.3,2.0,1.0,9.4,0.0,0.0,0.0,0.0,-0.3420201433256686,-0.9396926207859084,0.2821076626819194,-0.9593827529490744,1,0,0,0,0,0.12392533,NORMAL
2018-06-16,96855,Stasiun Geofisika Sleman,Kab. Sleman,DI Yogyakarta,20.0,32.6,25.5,81.0,0.0,9.2,2.0,1.0,12.6,0.0,0.0,0.0,0.0,1.2246467991473532e-16,-1.0,0.2655630278040559,-0.9640935007889756,1,0,0,0,0,0.12855244,NORMAL
2018-06-17,96855,Stasiun Geofisika Sleman,Kab. Sleman,DI Yogyakarta,20.0,32.8,25.3,80.0,0.0,9.1,1.0,0.0,12.799999999999995,0.0,0.0,0.0,-1.0,1.2246467991473532e-16,-1.0,0.2489398085537665,-0.9685189578512204,1,1,0,0,0,0.13636129,NORMAL
2018-06-18,96855,Stasiun Geofisika Sleman,Kab. Sleman,DI Yogyakarta,21.0,32.9,26.2,74.0,0.0,9.3,2.0,1.0,11.9,0.0,0.0,0.0,1.0,0.9396926207859084,-0.3420201433256687,0.2322429240090701,-0.9726578145718654,1,1,0,0,0,0.14743306,NORMAL
2018-06-19,96855,Stasiun Geofisika Sleman,Kab. Sleman,DI Yogyakarta,22.0,31.4,25.5,84.0,0.0,7.9,2.0,0.0,9.4,0.0,0.0,0.0,0.0,1.2246467991473532e-16,-1.0,0.2154773150467301,-0.976508846196619,1,0,0,0,0,0.14125228,NORMAL
2018-06-20,96855,Stasiun Geofisika Sleman,Kab. Sleman,DI Yogyakarta,22.0,31.1,25.6,86.0,0.0,7.1,2.0,0.0,9.1,0.0,0.0,0.0,0.0,-0.3420201433256686,-0.9396926207859084,0.1986479428801711,-0.9800709131432666,1,0,0,0,0,0.13973318,NORMAL
2018-06-21,96855,Stasiun Geofisika Sleman,Kab. Sleman,DI Yogyakarta,23.0,31.4,26.3,86.0,13.9,3.8,2.0,0.0,8.399999999999999,13.900000000000055,13.900000000000004,13.9,0.0,1.2246467991473532e-16,-1.0,0.1817597875913753,-0.9833429613388902,1,0,0,0,0,0.16207185,NORMAL
2018-06-22,96855,Stasiun Geofisika Sleman,Kab. Sleman,DI Yogyakarta,24.0,31.0,26.6,79.0,0.0,2.9,2.0,0.0,7.0,13.900000000000055,13.900000000000004,-13.9,0.0,-0.3420201433256686,-0.9396926207859084,0.1648178466571979,-0.9863240225317866,1,0,0,0,0,0.18438919,NORMAL
2018-06-23,96855,Stasiun Geofisika Sleman,Kab. Sleman,DI Yogyakarta,23.0,31.4,26.3,83.0,0.0,4.0,2.0,0.0,8.399999999999999,13.900000000000055,13.900000000000004,0.0,0.0,1.2246467991473532e-16,-1.0,0.1478271334705304,-0.9890132145779884,1,0,0,0,0,0.188032,NORMAL
2018-06-24,96855,Stasiun Geofisika Sleman,Kab. Sleman,DI Yogyakarta,23.0,31.6,26.0,83.0,0.0,5.6,2.0,0.0,8.600000000000001,0.0,13.900000000000004,0.0,0.0,1.2246467991473532e-16,-1.0,0.1307926758567592,-0.9914097417023038,1,1,0,0,0,0.19150607,NORMAL
2018-06-25,96855,Stasiun Geofisika Sleman,Kab. Sleman,DI Yogyakarta,23.0,31.2,25.9,83.0,0.0,4.85,2.0,0.0,8.2,0.0,13.900000000000004,0.0,0.0,1.2246467991473532e-16,-1.0,0.1137195145859496,-0.9935128947338008,1,0,0,0,0,0.19388752,NORMAL
2018-06-26,96855,Stasiun Geofisika Sleman,Kab. Sleman,DI Yogyakarta,22.5,33.8,25.6,85.0,3.5,4.1,2.0,0.0,11.299999999999995,3.500000000000057,17.400000000000006,3.5,0.0,1.2246467991473532e-16,-1.0,0.0966127018812031,-0.9953220513156602,1,0,0,0,0,0.19550948,NORMAL
2018-06-27,96855,Stasiun Geofisika Sleman,Kab. Sleman,DI Yogyakarta,22.0,32.6,25.0,83.0,0.0,0.4,2.0,0.0,10.6,3.500000000000057,17.400000000000006,-3.5,0.0,-0.3420201433256686,-0.9396926207859084,0.0794772999236209,-0.9968366760893436,1,0,0,0,0,0.19715424,NORMAL
2018-06-28,96855,Stasiun Geofisika Sleman,Kab. Sleman,DI Yogyakarta,21.0,30.6,24.9,85.0,0.0,4.5,2.0,0.0,9.6,3.500000000000057,3.500000000000004,0.0,0.0,-0.3420201433256686,-0.9396926207859084,0.062318379354325,-0.998056320853012,1,1,0,0,0,0.19825712,NORMAL
2018-06-29,96855,Stasiun Geofisika Sleman,Kab. Sleman,DI Yogyakarta,22.0,30.0,25.3,83.0,0.0,4.1,2.0,0.0,8.0,0.0,3.500000000000004,0.0,0.0,-0.3420201433256686,-0.9396926207859084,0.0451410177739719,-0.998980624694158,1,1,0,0,0,0.19822027,NORMAL
2018-06-30,96855,Stasiun Geofisika Sleman,Kab. Sleman,DI Yogyakarta,21.0,30.8,24.3,82.0,0.0,5.0,2.0,1.0,9.8,0.0,3.500000000000004,0.0,0.0,-0.3420201433256686,-0.9396926207859084,0.0279502982402103,-0.999609314096404,1,0,0,0,0,0.19402589,NORMAL
2018-07-01,96855,Stasiun Geofisika Sleman,Kab. Sleman,DI Yogyakarta,21.0,32.4,24.8,79.0,0.0,9.0,2.0,1.0,11.4,0.0,3.500000000000004,0.0,0.0,1.2246467991473532e-16,-1.0,0.0107513077635219,-0.9999422030204416,1,0,0,0,0,0.189052,NORMAL
2018-07-02,96855,Stasiun Geofisika Sleman,Kab. Sleman,DI Yogyakarta,21.0,29.8,24.7,84.0,0.0,8.9,2.0,1.0,8.8,0.0,3.500000000000004,0.0,0.0,-0.3420201433256686,-0.9396926207859084,-0.0064508641981051,-0.9999791929590824,1,1,0,0,0,0.18027054,NORMAL
2018-07-03,96855,Stasiun Geofisika Sleman,Kab. Sleman,DI Yogyakarta,20.0,29.8,24.0,85.0,0.0,4.6,2.0,1.0,9.8,0.0,0.0,0.0,0.0,-0.3420201433256686,-0.9396926207859084,-0.0236511272452315,-0.9997202729664084,1,0,0,0,0,0.1825368,NORMAL
2018-07-04,96855,Stasiun Geofisika Sleman,Kab. Sleman,DI Yogyakarta,21.0,31.2,25.7,81.0,0.0,7.2,2.0,1.0,10.2,0.0,0.0,0.0,0.0,-0.3420201433256686,-0.9396926207859084,-0.0408443915432961,-0.9991655196610107,1,1,0,0,0,0.18227278,NORMAL
2018-07-05,96855,Stasiun Geofisika Sleman,Kab. Sleman,DI Yogyakarta,21.0,31.0,26.2,73.0,0.0,8.1,2.0,2.0,10.0,0.0,0.0,0.0,0.0,-0.3420201433256686,-0.9396926207859084,-0.0580255693287803,-0.9983150972033183,1,1,0,0,0,0.19316703,NORMAL
2018-07-06,96855,Stasiun Geofisika Sleman,Kab. Sleman,DI Yogyakarta,18.0,30.2,23.0,80.0,0.0,7.6,2.0,0.0,12.2,0.0,0.0,0.0,0.0,0.984807753012208,-0.1736481776669303,-0.0751895764147585,-0.9971692572470178,1,0,0,0,0,0.20490381,NORMAL
2018-07-07,96855,Stasiun Geofisika Sleman,Kab. Sleman,DI Yogyakarta,19.0,30.8,23.7,81.0,0.0,7.7,2.0,1.0,11.8,0.0,0.0,0.0,0.0,1.2246467991473532e-16,-1.0,-0.0923313336953912,-0.9957283388645872,1,1,0,0,0,0.2073536,NORMAL
2018-07-08,96855,Stasiun Geofisika Sleman,Kab. Sleman,DI Yogyakarta,20.0,30.2,24.2,84.0,0.0,8.4,2.0,1.0,10.2,0.0,0.0,0.0,0.0,1.2246467991473532e-16,-1.0,-0.1094457686489155,-0.993992768446958,1,1,0,0,0,0.20282887,NORMAL
2018-07-09,96855,Stasiun Geofisika Sleman,Kab. Sleman,DI Yogyakarta,20.0,31.6,25.9,78.0,0.0,8.0,3.0,1.0,11.6,0.0,0.0,0.0,1.0,1.0,6.123233995736766e-17,-0.1265278168386831,-0.9919630595773395,1,0,0,0,0,0.20916091,NORMAL
2018-07-10,96855,Stasiun Geofisika Sleman,Kab. Sleman,DI Yogyakarta,21.0,31.0,24.3,81.0,0.0,8.1,2.0,1.0,10.0,0.0,0.0,0.0,-1.0,1.2246467991473532e-16,-1.0,-0.1435724234118113,-0.9896398128792412,1,0,0,0,0,0.21060638,NORMAL
2018-07-11,96855,Stasiun Geofisika Sleman,Kab. Sleman,DI Yogyakarta,20.0,30.0,23.4,82.0,0.0,5.1,2.0,1.0,10.0,0.0,0.0,0.0,0.0,1.2246467991473532e-16,-1.0,-0.1605745445949937,-0.9870237158387384,1,0,0,0,0,0.21101527,NORMAL
2018-07-12,96855,Stasiun Geofisika Sleman,Kab. Sleman,DI Yogyakarta,20.0,30.2,23.9,83.0,0.0,6.0,2.0,1.0,10.2,0.0,0.0,0.0,0.0,-0.3420201433256686,-0.9396926207859084,-0.1775291491870349,-0.984115542601034,1,0,0,0,0,0.20887527,NORMAL
2018-07-13,96855,Stasiun Geofisika Sleman,Kab. Sleman,DI Yogyakarta,20.0,30.2,23.6,81.0,0.0,4.8,2.0,0.0,10.2,0.0,0.0,0.0,0.0,-0.3420201433256686,-0.9396926207859084,-0.1944312200476619,-0.9809161537413774,1,0,0,0,0,0.20993197,NORMAL
2018-07-14,96855,Stasiun Geofisika Sleman,Kab. Sleman,DI Yogyakarta,20.0,30.8,24.6,73.0,0.0,6.6,2.0,1.0,10.8,0.0,0.0,0.0,0.0,1.2246467991473532e-16,-1.0,-0.2112757555821793,-0.9774264960104057,1,0,0,0,0,0.21066622,NORMAL
2018-07-15,96855,Stasiun Geofisika Sleman,Kab. Sleman,DI Yogyakarta,20.0,30.0,23.7,76.0,0.0,8.0,2.0,0.0,10.0,0.0,0.0,0.0,0.0,1.2246467991473532e-16,-1.0,-0.2280577712215198,-0.9736476020539838,1,0,0,0,0,0.20907472,NORMAL
2018-07-16,96855,Stasiun Geofisika Sleman,Kab. Sleman,DI Yogyakarta,18.0,30.2,23.0,75.0,0.0,9.3,2.0,0.0,12.2,0.0,0.0,0.0,0.0,-0.3420201433256686,-0.9396926207859084,-0.2447723008972595,-0.9695805901076308,1,0,0,0,0,0.20902655,NORMAL
2018-07-17,96855,Stasiun Geofisika Sleman,Kab. Sleman,DI Yogyakarta,19.0,30.6,23.3,84.0,0.0,9.9,2.0,1.0,11.6,0.0,0.0,0.0,0.0,1.2246467991473532e-16,-1.0,-0.2614143985111562,-0.965226663665613,1,1,0,0,0,0.19892485,NORMAL
2018-07-18,96855,Stasiun Geofisika Sleman,Kab. Sleman,DI Yogyakarta,19.0,30.6,24.2,82.0,0.0,7.8,2.0,0.0,11.6,0.0,0.0,0.0,0.0,1.2246467991473532e-16,-1.0,-0.2779791393987801,-0.9605871111248128,1,1,0,0,0,0.1844769,NORMAL
2018-07-19,96855,Stasiun Geofisika Sleman,Kab. Sleman,DI Yogyakarta,20.0,31.2,24.7,80.0,0.0,8.4,2.0,1.0,11.2,0.0,0.0,0.0,0.0,-0.3420201433256686,-0.9396926207859084,-0.2944616217868012,-0.9556633054034704,1,0,0,0,0,0.18296714,NORMAL
2018-07-20,96855,Stasiun Geofisika Sleman,Kab. Sleman,DI Yogyakarta,21.0,30.5,24.1,87.0,0.0,6.8,2.0,0.0,9.5,0.0,0.0,0.0,0.0,-0.3420201433256686,-0.9396926207859084,-0.3108569682435036,-0.9504567035349152,1,1,0,0,0,0.18265563,NORMAL
2018-07-21,96855,Stasiun Geofisika Sleman,Kab. Sleman,DI Yogyakarta,21.0,30.3,24.6,84.0,0.0,5.0,2.0,0.0,9.3,0.0,0.0,0.0,0.0,-0.3420201433256686,-0.9396926207859084,-0.3271603271220951,-0.9449688462364056,1,0,0,0,0,0.15848745,NORMAL
2018-07-22,96855,Stasiun Geofisika Sleman,Kab. Sleman,DI Yogyakarta,21.0,30.6,25.1,84.0,0.0,5.8,2.0,1.0,9.6,0.0,0.0,0.0,0.0,-0.3420201433256686,-0.9396926207859084,-0.343366873996388,-0.939201357453208,1,1,0,0,0,0.14005469,NORMAL
2018-07-23,96855,Stasiun Geofisika Sleman,Kab. Sleman,DI Yogyakarta,23.0,30.6,25.9,84.0,0.0,8.0,2.0,1.0,7.600000000000001,0.0,0.0,0.0,0.0,-0.3420201433256686,-0.9396926207859084,-0.3594718130884232,-0.9331559438780432,1,1,0,0,0,0.14419049,NORMAL
2018-07-24,96855,Stasiun Geofisika Sleman,Kab. Sleman,DI Yogyakarta,22.0,31.4,25.6,77.0,0.0,8.0,2.0,1.0,9.400000000000002,0.0,0.0,0.0,0.0,0.9396926207859084,-0.3420201433256687,-0.3754703786876202,-0.9268343944460494,1,0,0,0,0,0.14967974,NORMAL
2018-07-25,96855,Stasiun Geofisika Sleman,Kab. Sleman,DI Yogyakarta,19.0,32.2,23.4,82.0,0.0,7.8,2.0,1.0,13.200000000000005,0.0,0.0,0.0,0.0,-0.3420201433256686,-0.9396926207859084,-0.3913578365610259,-0.9202385798054076,1,0,0,0,0,0.15831082,NORMAL
2018-07-26,96855,Stasiun Geofisika Sleman,Kab. Sleman,DI Yogyakarta,18.0,30.2,22.6,82.0,0.0,9.0,2.0,1.0,12.2,0.0,0.0,0.0,0.0,1.2246467991473532e-16,-1.0,-0.4071294853542516,-0.9133704517637858,1,0,0,0,0,0.16376643,NORMAL
2018-07-27,96855,Stasiun Geofisika Sleman,Kab. Sleman,DI Yogyakarta,16.0,28.6,21.6,86.0,0.0,9.2,2.0,1.0,12.6,0.0,0.0,0.0,0.0,-0.3420201433256686,-0.9396926207859084,-0.4227806579826773,-0.9062320427107696,1,0,0,0,0,0.17931125,NORMAL
2018-07-28,96855,Stasiun Geofisika Sleman,Kab. Sleman,DI Yogyakarta,17.0,29.4,23.9,84.0,0.0,6.6,2.0,1.0,12.4,0.0,0.0,0.0,0.0,1.2246467991473532e-16,-1.0,-0.4383067230125192,-0.898825465016444,1,0,0,0,0,0.18771614,NORMAL
2018-07-29,96855,Stasiun Geofisika Sleman,Kab. Sleman,DI Yogyakarta,20.0,29.6,24.2,83.0,0.0,7.6,2.0,1.0,9.6,0.0,0.0,0.0,0.0,1.2246467991473532e-16,-1.0,-0.4537030860313442,-0.8911529104063088,1,0,0,0,0,0.19050945,NORMAL
2018-07-30,96855,Stasiun Geofisika Sleman,Kab. Sleman,DI Yogyakarta,20.0,30.4,24.3,86.0,0.0,7.15,2.0,0.0,10.4,0.0,0.0,0.0,0.0,1.2246467991473532e-16,-1.0,-0.4689651910076318,-0.8832166493127127,1,1,0,0,0,0.19438158,NORMAL
2018-07-31,96855,Stasiun Geofisika Sleman,Kab. Sleman,DI Yogyakarta,21.0,31.4,25.1,80.0,0.0,6.7,2.0,1.0,10.4,0.0,0.0,0.0,0.0,-0.3420201433256686,-0.9396926207859084,-0.4840885216389758,-0.8750190302029955,1,0,0,0,0,0.19416226,NORMAL
2018-08-01,96855,Stasiun Geofisika Sleman,Kab. Sleman,DI Yogyakarta,21.0,30.4,24.5,83.0,0.0999999999999999,8.1,2.0,1.0,9.4,0.1000000000000568,0.1000000000000035,0.0999999999999999,0.0,1.2246467991473532e-16,-1.0,-0.4990686026885319,-0.8665624788845385,1,1,0,0,0,0.19549851,NORMAL
2018-08-02,96855,Stasiun Geofisika Sleman,Kab. Sleman,DI Yogyakarta,20.0,30.4,24.2,80.0,0.1999999999999999,6.0,3.0,1.0,10.4,0.3000000000000568,0.3000000000000035,0.0999999999999999,1.0,-0.3420201433256686,-0.9396926207859084,-0.5139010013093103,-0.8578494977869301,1,1,0,0,0,0.20037003,NORMAL
2018-08-03,96855,Stasiun Geofisika Sleman,Kab. Sleman,DI Yogyakarta,20.0,28.0,23.1,80.0,0.3,9.5,3.0,1.0,8.0,0.6000000000000567,0.6000000000000034,0.1,0.0,1.2246467991473532e-16,-1.0,-0.5285813283559292,-0.8488826652214553,1,0,0,0,0,0.20972514,NORMAL
2018-08-04,96855,Stasiun Geofisika Sleman,Kab. Sleman,DI Yogyakarta,18.0,28.4,22.2,79.0,0.15,5.2,2.0,1.0,10.4,0.6500000000000568,0.7500000000000034,-0.15,-1.0,1.2246467991473532e-16,-1.0,-0.5431052396834317,-0.8396646346181327,1,1,0,0,0,0.21277827,NORMAL
2018-08-05,96855,Stasiun Geofisika Sleman,Kab. Sleman,DI Yogyakarta,19.0,29.0,24.0,76.0,0.0,4.3,3.0,1.0,10.0,0.4500000000000568,0.7500000000000034,-0.15,1.0,-0.3420201433256686,-0.9396926207859084,-0.5574684374327892,-0.8301981337405212,1,0,0,0,0,0.2069047,NORMAL
2018-08-06,96855,Stasiun Geofisika Sleman,Kab. Sleman,DI Yogyakarta,17.0,29.8,22.2,76.0,0.0,5.9,2.0,1.0,12.8,0.1500000000000567,0.7500000000000034,0.0,-1.0,-0.3420201433256686,-0.9396926207859084,-0.5716666713027052,-0.8204859638785327,1,0,0,0,0,0.2149296,NORMAL
2018-08-07,96855,Stasiun Geofisika Sleman,Kab. Sleman,DI Yogyakarta,18.0,30.4,22.9,79.0,0.0,8.5,2.0,1.0,12.4,0.0,0.7500000000000034,0.0,0.0,1.2246467991473532e-16,-1.0,-0.5856957398073508,-0.8105309990194823,1,0,0,0,0,0.2199634,NORMAL
2018-08-08,96855,Stasiun Geofisika Sleman,Kab. Sleman,DI Yogyakarta,19.0,29.8,24.7,83.0,0.0,6.5,2.0,1.0,10.8,0.0,0.6500000000000035,0.0,0.0,-0.3420201433256686,-0.9396926207859084,-0.5995514915196489,-0.8003361849976323,1,0,0,0,0,0.2121925,NORMAL
2018-08-09,96855,Stasiun Geofisika Sleman,Kab. Sleman,DI Yogyakarta,20.0,30.4,24.6,86.0,0.0,4.1,2.0,1.0,10.4,0.0,0.4500000000000035,0.0,0.0,-0.8660254037844386,0.5000000000000001,-0.6132298262997502,-0.7899045386224707,1,0,0,0,0,0.21989071,NORMAL
2018-08-10,96855,Stasiun Geofisika Sleman,Kab. Sleman,DI Yogyakarta,22.0,30.2,25.1,83.0,0.0,6.0,2.0,1.0,8.2,0.0,0.1500000000000035,0.0,0.0,-0.3420201433256686,-0.9396926207859084,-0.6267266965083301,-0.7792391467859886,1,1,0,0,0,0.21905693,NORMAL
2018-08-11,96855,Stasiun Geofisika Sleman,Kab. Sleman,DI Yogyakarta,21.0,30.0,25.1,82.0,0.0,7.8,2.0,1.0,9.0,0.0,0.0,0.0,0.0,1.2246467991473532e-16,-1.0,-0.6400381082043503,-0.7683431655492202,1,1,0,0,0,0.2182245,NORMAL
2018-08-12,96855,Stasiun Geofisika Sleman,Kab. Sleman,DI Yogyakarta,21.0,30.7,24.9,82.0,0.0,4.3,2.0,1.0,9.7,0.0,0.0,0.0,0.0,-0.3420201433256686,-0.9396926207859084,-0.65316012232693,-0.7572198192083127,1,0,0,0,0,0.218257,NORMAL
2018-08-13,96855,Stasiun Geofisika Sleman,Kab. Sleman,DI Yogyakarta,22.0,31.6,25.6,82.0,0.0,7.3,2.0,1.0,9.6,0.0,0.0,0.0,0.0,-0.3420201433256686,-0.9396926207859084,-0.666088855860977,-0.7458723993404063,1,1,0,0,0,0.21678023,NORMAL
2018-08-14,96855,Stasiun Geofisika Sleman,Kab. Sleman,DI Yogyakarta,21.0,31.2,24.6,85.0,0.0,9.2,2.0,1.0,10.2,0.0,0.0,0.0,0.0,1.2246467991473532e-16,-1.0,-0.6788204829862355,-0.734304263829602,1,1,0,0,0,0.21508747,NORMAL
2018-08-15,96855,Stasiun Geofisika Sleman,Kab. Sleman,DI Yogyakarta,22.0,31.8,25.8,77.0,0.0,8.1,2.0,1.0,9.8,0.0,0.0,0.0,0.0,-0.3420201433256686,-0.9396926207859084,-0.6913512362094071,-0.722518835873311,1,1,0,0,0,0.20450321,NORMAL
2018-08-16,96855,Stasiun Geofisika Sleman,Kab. Sleman,DI Yogyakarta,19.0,31.2,23.4,78.0,0.0,8.3,2.0,1.0,12.2,0.0,0.0,0.0,0.0,-0.3420201433256686,-0.9396926207859084,-0.7036774074790128,-0.7105196029692745,1,0,0,0,0,0.19874519,NORMAL
2018-08-17,96855,Stasiun Geofisika Sleman,Kab. Sleman,DI Yogyakarta,20.0,28.6,23.3,84.0,0.0,10.4,2.0,1.0,8.600000000000001,0.0,0.0,0.0,0.0,-0.3420201433256686,-0.9396926207859084,-0.7157953492826642,-0.6983101158835584,1,1,0,0,0,0.19716649,NORMAL
2018-08-18,96855,Stasiun Geofisika Sleman,Kab. Sleman,DI Yogyakarta,19.0,29.2,23.3,83.0,0.0,9.8,2.0,1.0,10.2,0.0,0.0,0.0,0.0,-0.3420201433256686,-0.9396926207859084,-0.7277014757264236,-0.6858939875998223,1,0,0,0,0,0.19668324,NORMAL
2018-08-19,96855,Stasiun Geofisika Sleman,Kab. Sleman,DI Yogyakarta,19.0,31.6,24.0,80.0,0.0,9.3,2.0,1.0,12.6,0.0,0.0,0.0,0.0,-0.3420201433256686,-0.9396926207859084,-0.7393922635959241,-0.673274892250183,1,0,0,0,0,0.20160973,NORMAL
2018-08-20,96855,Stasiun Geofisika Sleman,Kab. Sleman,DI Yogyakarta,19.0,30.8,23.7,84.0,0.0,9.7,2.0,1.0,11.8,0.0,0.0,0.0,0.0,-0.3420201433256686,-0.9396926207859084,-0.7508642533989489,-0.6604565640279754,1,0,0,0,0,0.2091319,NORMAL
2018-08-21,96855,Stasiun Geofisika Sleman,Kab. Sleman,DI Yogyakarta,21.0,30.5,25.0,86.0,0.0,7.7,2.0,0.0,9.5,0.0,0.0,0.0,0.0,-0.3420201433256686,-0.9396926207859084,-0.7621140503891487,-0.6474427960827475,1,1,0,0,0,0.21651727,NORMAL
2018-08-22,96855,Stasiun Geofisika Sleman,Kab. Sleman,DI Yogyakarta,22.0,31.8,25.5,81.0,0.0,6.7,2.0,1.0,9.8,0.0,0.0,0.0,0.0,1.2246467991473532e-16,-1.0,-0.7731383255706026,-0.6342374393978054,1,1,0,0,0,0.22396314,NORMAL
2018-08-23,96855,Stasiun Geofisika Sleman,Kab. Sleman,DI Yogyakarta,20.0,30.4,24.2,84.0,0.0,9.2,2.0,1.0,10.4,0.0,0.0,0.0,0.0,1.2246467991473532e-16,-1.0,-0.7839338166829201,-0.620844401650647,1,0,0,0,0,0.22627915,NORMAL
2018-08-24,96855,Stasiun Geofisika Sleman,Kab. Sleman,DI Yogyakarta,21.0,30.5,25.4,75.0,0.0,8.4,2.0,1.0,9.5,0.0,0.0,0.0,0.0,-0.3420201433256686,-0.9396926207859084,-0.7944973291665992,-0.6072676460566135,1,0,0,0,0,0.22149734,NORMAL
2018-08-25,96855,Stasiun Geofisika Sleman,Kab. Sleman,DI Yogyakarta,20.0,30.6,23.0,80.0,0.0,8.7,2.0,1.0,10.6,0.0,0.0,0.0,0.0,-0.3420201433256686,-0.9396926207859084,-0.8048257371083452,-0.593511190196115,1,0,0,0,0,0.21246417,NORMAL
2018-08-26,96855,Stasiun Geofisika Sleman,Kab. Sleman,DI Yogyakarta,19.0,29.8,23.8,82.0,0.0,10.5,2.0,1.0,10.8,0.0,0.0,0.0,0.0,-0.3420201433256686,-0.9396926207859084,-0.8149159841660791,-0.5795791048257612,1,0,0,0,0,0.18924937,NORMAL
2018-08-27,96855,Stasiun Geofisika Sleman,Kab. Sleman,DI Yogyakarta,20.0,31.2,24.5,85.0,0.0,9.8,2.0,1.0,11.2,0.0,0.0,0.0,0.0,-0.3420201433256686,-0.9396926207859084,-0.8247650844733614,-0.5654755126737576,1,0,0,0,0,0.17913646,NORMAL
2018-08-28,96855,Stasiun Geofisika Sleman,Kab. Sleman,DI Yogyakarta,20.0,30.4,25.8,83.0,0.0,9.9,2.0,1.0,10.4,0.0,0.0,0.0,0.0,-0.3420201433256686,-0.9396926207859084,-0.8343701235229537,-0.5512045872199277,1,0,0,0,0,0.1792831,NORMAL
2018-08-29,96855,Stasiun Geofisika Sleman,Kab. Sleman,DI Yogyakarta,23.0,30.0,25.0,84.0,0.8,7.0,2.0,1.0,7.0,0.8000000000000569,0.8000000000000036,0.8,0.0,-0.3420201433256686,-0.9396926207859084,-0.8437282590292712,-0.5367705514607103,1,0,0,0,0,0.18358403,NORMAL
2018-08-30,96855,Stasiun Geofisika Sleman,Kab. Sleman,DI Yogyakarta,22.0,28.8,25.4,83.0,0.0,6.5,2.0,1.0,6.800000000000001,0.8000000000000569,0.8000000000000036,-0.8,0.0,1.2246467991473532e-16,-1.0,-0.8528367217694595,-0.522177676659508,1,0,0,0,0,0.1904277,NORMAL
2018-08-31,96855,Stasiun Geofisika Sleman,Kab. Sleman,DI Yogyakarta,23.0,29.8,25.6,83.0,0.0,1.4,2.0,1.0,6.800000000000001,0.8000000000000569,0.8000000000000036,0.0,0.0,1.2246467991473532e-16,-1.0,-0.8616928164028521,-0.5074302810827518,1,0,0,0,0,0.19865254,NORMAL
2018-09-01,96855,Stasiun Geofisika Sleman,Kab. Sleman,DI Yogyakarta,23.0,29.0,25.6,84.0,0.0,0.8,1.0,0.0,6.0,0.0,0.8000000000000036,0.0,-1.0,1.2246467991473532e-16,-1.0,-0.8702939222685674,-0.4925327287220543,1,0,0,0,0,0.21040742,NORMAL
2018-09-02,96855,Stasiun Geofisika Sleman,Kab. Sleman,DI Yogyakarta,23.0,29.5,25.8,83.0,4.5,0.8,2.0,1.0,6.5,4.500000000000057,5.300000000000003,4.5,1.0,1.2246467991473532e-16,-1.0,-0.8786374941610001,-0.4774894280028391,1,0,0,0,0,0.21445653,NORMAL
2018-09-03,96855,Stasiun Geofisika Sleman,Kab. Sleman,DI Yogyakarta,22.0,30.0,25.3,82.0,0.0,3.4,2.0,1.0,8.0,4.500000000000057,5.300000000000003,-4.5,0.0,-0.3420201433256686,-0.9396926207859084,-0.886721063082993,-0.4623048304798108,1,0,0,0,0,0.19949639,NORMAL
2018-09-04,96855,Stasiun Geofisika Sleman,Kab. Sleman,DI Yogyakarta,20.0,29.2,23.9,80.0,0.0,9.7,2.0,1.0,9.2,4.500000000000057,5.300000000000003,0.0,0.0,1.2246467991473532e-16,-1.0,-0.8945422369764496,-0.4469834295196741,1,0,0,0,0,0.1890125,NORMAL
2018-09-05,96855,Stasiun Geofisika Sleman,Kab. Sleman,DI Yogyakarta,21.0,30.0,24.6,85.0,0.0,8.7,2.0,1.0,9.0,0.0,4.500000000000004,0.0,0.0,1.2246467991473532e-16,-1.0,-0.9020987014301836,-0.4315297589714714,1,0,0,0,0,0.1649519,NORMAL
2018-09-06,96855,Stasiun Geofisika Sleman,Kab. Sleman,DI Yogyakarta,21.0,31.0,26.0,82.0,0.0,4.4,2.0,1.0,10.0,0.0,4.500000000000004,0.0,0.0,0.3420201433256689,-0.9396926207859084,-0.9093882203647924,-0.4159483918249421,1,0,0,0,0,0.15166092,NORMAL
2018-09-07,96855,Stasiun Geofisika Sleman,Kab. Sleman,DI Yogyakarta,22.0,29.6,24.8,86.0,0.05,5.2,2.0,1.0,7.600000000000001,0.0500000000000568,4.550000000000003,0.05,0.0,1.2246467991473532e-16,-1.0,-0.9164086366943458,-0.4002439388573056,1,1,0,0,0,0.14823756,NORMAL
2018-09-08,96855,Stasiun Geofisika Sleman,Kab. Sleman,DI Yogyakarta,22.0,31.4,26.2,82.0,0.1,2.4,2.0,1.0,9.4,0.1500000000000568,4.650000000000004,0.05,0.0,1.2246467991473532e-16,-1.0,-0.923157872964704,-0.3844210472688554,1,0,0,0,0,0.14401732,NORMAL
2018-09-09,96855,Stasiun Geofisika Sleman,Kab. Sleman,DI Yogyakarta,22.0,32.0,25.9,85.0,0.05,5.8,2.0,1.0,10.0,0.2000000000000568,0.2000000000000035,-0.05,0.0,1.2246467991473532e-16,-1.0,-0.9296339319682696,-0.3684843993077793,1,1,0,0,0,0.14767031,NORMAL
2018-09-10,96855,Stasiun Geofisika Sleman,Kab. Sleman,DI Yogyakarta,22.0,31.8,25.7,84.0,0.0,9.5,2.0,1.0,9.8,0.1500000000000568,0.2000000000000035,-0.05,0.0,1.2246467991473532e-16,-1.0,-0.935834897334994,-0.3524387108846032,1,0,0,0,0,0.14891084,NORMAL
2018-09-11,96855,Stasiun Geofisika Sleman,Kab. Sleman,DI Yogyakarta,23.0,31.200000000000003,26.1,84.0,0.0,7.2,2.0,1.0,8.200000000000003,0.0500000000000568,0.2000000000000035,0.0,0.0,0.9396926207859084,-0.3420201433256687,-0.9417589340994617,-0.3362887301766828,1,0,0,0,0,0.1558754,NORMAL
2018-09-12,96855,Stasiun Geofisika Sleman,Kab. Sleman,DI Yogyakarta,23.0,30.6,25.9,78.0,0.0,8.3,2.0,1.0,7.600000000000001,0.0,0.2000000000000035,0.0,0.0,1.2246467991473532e-16,-1.0,-0.9474042892438844,-0.3200392362231385,1,0,0,0,0,0.16067445,NORMAL
2018-09-13,96855,Stasiun Geofisika Sleman,Kab. Sleman,DI Yogyakarta,21.0,29.7,24.5,83.0,0.0,8.7,2.0,1.0,8.7,0.0,0.2000000000000035,0.0,0.0,-0.3420201433256686,-0.9396926207859084,-0.9527692922168512,-0.3036950375106588,1,1,0,0,0,0.16138925,NORMAL
2018-09-14,96855,Stasiun Geofisika Sleman,Kab. Sleman,DI Yogyakarta,22.0,29.8,25.2,79.0,0.0,6.7,2.0,1.0,7.800000000000001,0.0,0.1500000000000035,0.0,0.0,1.2246467991473532e-16,-1.0,-0.9578523554276668,-0.2872609705505963,1,0,0,0,0,0.16295975,NORMAL
2018-09-15,96855,Stasiun Geofisika Sleman,Kab. Sleman,DI Yogyakarta,21.0,30.4,24.9,80.0,0.0,3.2,3.0,1.0,9.4,0.0,0.0500000000000035,0.0,1.0,-0.3420201433256686,-0.9396926207859084,-0.9626519747161488,-0.2707418984477642,1,1,0,0,0,0.16096775,NORMAL
2018-09-16,96855,Stasiun Geofisika Sleman,Kab. Sleman,DI Yogyakarta,20.5,31.4,24.3,83.0,0.0,6.8,2.0,1.0,10.9,0.0,0.0,0.0,-1.0,-0.3420201433256686,-0.9396926207859084,-0.9671667297977312,-0.2541427094613622,1,1,0,0,0,0.15555286,NORMAL
2018-09-17,96855,Stasiun Geofisika Sleman,Kab. Sleman,DI Yogyakarta,20.0,31.0,26.0,83.0,0.0,6.3,2.0,1.0,11.0,0.0,0.0,0.0,0.0,-0.3420201433256686,-0.9396926207859084,-0.97139528468375,-0.2374683155584684,1,0,0,0,0,0.14752209,NORMAL
2018-09-18,96855,Stasiun Geofisika Sleman,Kab. Sleman,DI Yogyakarta,23.0,31.4,26.4,83.0,0.0,7.2,2.0,1.0,8.399999999999999,0.0,0.0,0.0,0.0,-0.3420201433256686,-0.9396926207859084,-0.9753363880767836,-0.2207236509605022,1,0,0,0,0,0.14084277,NORMAL
2018-09-19,96855,Stasiun Geofisika Sleman,Kab. Sleman,DI Yogyakarta,23.0,30.8,26.2,84.0,0.0,7.2,2.0,1.0,7.800000000000001,0.0,0.0,0.0,0.0,-0.984807753012208,-0.1736481776669303,-0.978988873740932,-0.2039136706831147,1,0,0,0,0,0.1378562,NORMAL
2018-09-20,96855,Stasiun Geofisika Sleman,Kab. Sleman,DI Yogyakarta,24.0,31.0,26.4,88.0,8.0,3.4,2.0,1.0,7.0,8.000000000000057,8.000000000000004,8.0,0.0,-0.3420201433256686,-0.9396926207859084,-0.9823516608469236,-0.1870433490699165,1,1,0,0,0,0.15432988,NORMAL
2018-09-21,96855,Stasiun Geofisika Sleman,Kab. Sleman,DI Yogyakarta,23.0,32.3,27.2,84.0,16.0,0.9,2.0,1.0,9.299999999999995,24.000000000000057,24.000000000000004,8.0,0.0,-0.3420201433256686,-0.9396926207859084,-0.9854237542919524,-0.1701176783204905,1,0,0,0,0,0.17902331,NORMAL
2018-09-22,96855,Stasiun Geofisika Sleman,Kab. Sleman,DI Yogyakarta,23.0,33.4,27.0,83.0,0.0,8.5,2.0,1.0,10.4,24.000000000000057,24.000000000000004,-16.0,0.0,-0.3420201433256686,-0.9396926207859084,-0.9882042449941422,-0.15314166701312,1,0,0,0,0,0.20464204,NORMAL
2018-09-23,96855,Stasiun Geofisika Sleman,Kab. Sleman,DI Yogyakarta,23.0,32.6,26.4,82.0,0.0,9.2,2.0,1.0,9.6,16.000000000000057,24.000000000000004,0.0,0.0,-0.3420201433256686,-0.9396926207859084,-0.9906923101615608,-0.136120338622667,1,0,0,0,0,0.20576732,NORMAL
2018-09-24,96855,Stasiun Geofisika Sleman,Kab. Sleman,DI Yogyakarta,22.0,32.4,26.3,82.0,0.0,9.5,2.0,1.0,10.4,0.0,24.000000000000004,0.0,0.0,-0.3420201433256686,-0.9396926207859084,-0.9928872135356962,-0.1190587300340498,1,0,0,0,0,0.19963364,NORMAL
2018-09-25,96855,Stasiun Geofisika Sleman,Kab. Sleman,DI Yogyakarta,23.0,32.2,26.2,84.0,0.0,6.6,2.0,1.0,9.200000000000005,0.0,24.000000000000004,0.0,0.0,1.2246467991473532e-16,-1.0,-0.994788305609327,-0.1019618900517457,1,0,0,0,0,0.1900867,NORMAL
2018-09-26,96855,Stasiun Geofisika Sleman,Kab. Sleman,DI Yogyakarta,22.5,31.4,26.7,83.0,0.0,5.7,2.0,1.0,8.899999999999999,0.0,24.000000000000004,0.0,0.0,-0.3420201433256686,-0.9396926207859084,-0.9963950238187232,-0.0848348779057653,1,0,0,0,0,0.18476266,NORMAL
2018-09-27,96855,Stasiun Geofisika Sleman,Kab. Sleman,DI Yogyakarta,22.0,31.2,25.3,85.0,0.0,8.1,3.0,1.0,9.2,0.0,16.000000000000004,0.0,1.0,1.2246467991473532e-16,-1.0,-0.9977068927101168,-0.0676827617545516,1,0,0,0,0,0.18618412,NORMAL
2018-09-28,96855,Stasiun Geofisika Sleman,Kab. Sleman,DI Yogyakarta,21.0,31.6,25.0,84.0,0.0,9.7,3.0,1.0,10.6,0.0,0.0,0.0,0.0,-0.3420201433256686,-0.9396926207859084,-0.9987235240803972,-0.0505106171852228,1,1,0,0,0,0.18923214,NORMAL
2018-09-29,96855,Stasiun Geofisika Sleman,Kab. Sleman,DI Yogyakarta,21.0,32.2,26.2,81.0,0.0,9.3,2.0,1.0,11.200000000000005,0.0,0.0,0.0,-1.0,-0.3420201433256686,-0.9396926207859084,-0.9994446170919858,-0.0333235257116313,1,0,0,0,0,0.1902205,NORMAL
2018-09-30,96855,Stasiun Geofisika Sleman,Kab. Sleman,DI Yogyakarta,23.0,33.2,27.0,81.0,0.0,8.5,2.0,1.0,10.200000000000005,0.0,0.0,0.0,0.0,-0.9396926207859084,-0.3420201433256685,-0.9998699583618592,-0.0161265732706577,1,0,0,0,0,0.19292562,NORMAL
2018-10-01,96855,Stasiun Geofisika Sleman,Kab. Sleman,DI Yogyakarta,24.0,33.4,27.4,79.0,0.0,8.6,2.0,1.0,9.4,0.0,0.0,0.0,0.0,-0.3420201433256686,-0.9396926207859084,-0.9999994220246924,0.0010751512827982,1,0,0,0,0,0.18628511,NORMAL
2018-10-02,96855,Stasiun Geofisika Sleman,Kab. Sleman,DI Yogyakarta,23.0,33.8,27.6,79.0,0.0,7.6,2.0,1.0,10.799999999999995,0.0,0.0,0.0,0.0,1.2246467991473532e-16,-1.0,-0.999832969770105,0.0182765576816912,1,0,0,0,0,0.18191047,NORMAL
2018-10-03,96855,Stasiun Geofisika Sleman,Kab. Sleman,DI Yogyakarta,24.0,33.4,27.6,79.0,0.0,9.5,2.0,1.0,9.4,0.0,0.0,0.0,0.0,-0.3420201433256686,-0.9396926207859084,-0.9993706508539968,0.0354725557531255,1,1,0,0,0,0.18224314,NORMAL
2018-10-04,96855,Stasiun Geofisika Sleman,Kab. Sleman,DI Yogyakarta,21.0,33.4,26.0,76.0,0.0,8.3,2.0,1.0,12.4,0.0,0.0,0.0,0.0,-0.3420201433256686,-0.9396926207859084,-0.9986126020839734,0.052658056924614,1,0,0,0,0,0.17993769,NORMAL
2018-10-05,96855,Stasiun Geofisika Sleman,Kab. Sleman,DI Yogyakarta,21.0,32.4,26.1,77.0,0.0,10.0,2.0,1.0,11.4,0.0,0.0,0.0,0.0,1.2246467991473532e-16,-1.0,-0.9975590477788612,0.0698279757298708,1,0,0,0,0,0.17995761,NORMAL
2018-10-06,96855,Stasiun Geofisika Sleman,Kab. Sleman,DI Yogyakarta,23.0,33.8,27.0,79.0,0.0,9.0,2.0,1.0,10.799999999999995,0.0,0.0,0.0,0.0,1.2246467991473532e-16,-1.0,-0.9962102997023295,0.0869772313136861,1,0,0,0,0,0.18052325,NORMAL
2018-10-07,96855,Stasiun Geofisika Sleman,Kab. Sleman,DI Yogyakarta,23.0,33.8,27.2,81.0,0.0,8.1,2.0,1.0,10.799999999999995,0.0,0.0,0.0,0.0,-0.984807753012208,-0.1736481776669303,-0.9945667569706336,0.1041007489354256,1,0,0,0,0,0.1833976,NORMAL
2018-10-08,96855,Stasiun Geofisika Sleman,Kab. Sleman,DI Yogyakarta,22.0,33.8,26.8,81.0,0.0,8.6,3.0,1.0,11.799999999999995,0.0,0.0,0.0,1.0,-0.3420201433256686,-0.9396926207859084,-0.9926289059345096,0.121193461470736,1,0,0,0,0,0.19083264,NORMAL
2018-10-09,96855,Stasiun Geofisika Sleman,Kab. Sleman,DI Yogyakarta,23.0,31.6,26.7,79.0,0.0,8.3,2.0,1.0,8.600000000000001,0.0,0.0,0.0,-1.0,1.2246467991473532e-16,-1.0,-0.9903973200352558,0.1382503109109819,1,1,0,0,0,0.1938004,NORMAL
2018-10-10,96855,Stasiun Geofisika Sleman,Kab. Sleman,DI Yogyakarta,24.0,32.0,26.7,82.0,0.0,8.6,2.0,1.0,8.0,0.0,0.0,0.0,0.0,1.2246467991473532e-16,-1.0,-0.9878726596350428,0.1552662498599956,1,0,0,0,0,0.19318524,NORMAL
2018-10-11,96855,Stasiun Geofisika Sleman,Kab. Sleman,DI Yogyakarta,24.0,33.1,27.5,82.0,0.0,7.1,2.0,1.0,9.1,0.0,0.0,0.0,0.0,-0.3420201433256686,-0.9396926207859084,-0.9850556718215012,0.172236243027682,1,0,0,0,0,0.18954268,NORMAL
2018-10-12,96855,Stasiun Geofisika Sleman,Kab. Sleman,DI Yogyakarta,22.0,33.4,26.8,82.0,0.0,8.3,2.0,0.0,11.4,0.0,0.0,0.0,0.0,1.2246467991473532e-16,-1.0,-0.981947190186646,0.1891552687200409,1,1,0,0,0,0.18916017,NORMAL
2018-10-13,96855,Stasiun Geofisika Sleman,Kab. Sleman,DI Yogyakarta,24.0,31.5,27.0,87.0,0.0,8.1,2.0,1.0,7.5,0.0,0.0,0.0,0.0,1.2246467991473532e-16,-1.0,-0.9785481345802032,0.2060183203251708,1,1,0,0,0,0.18535745,NORMAL
2018-10-14,96855,Stasiun Geofisika Sleman,Kab. Sleman,DI Yogyakarta,23.0,32.0,26.3,84.0,0.0,5.1,3.0,1.0,9.0,0.0,0.0,0.0,1.0,1.2246467991473532e-16,-1.0,-0.9748595108374124,0.2228204077947995,1,1,0,0,0,0.18623112,NORMAL
2018-10-15,96855,Stasiun Geofisika Sleman,Kab. Sleman,DI Yogyakarta,24.0,32.6,27.4,80.0,0.0,7.1,2.0,1.0,8.600000000000001,0.0,0.0,0.0,-1.0,-0.3420201433256686,-0.9396926207859084,-0.9708824104813836,0.239556559120927,1,0,0,0,0,0.17856929,NORMAL
2018-10-16,96855,Stasiun Geofisika Sleman,Kab. Sleman,DI Yogyakarta,23.0,32.2,26.9,81.0,0.0,8.8,2.0,1.0,9.200000000000005,0.0,0.0,0.0,0.0,-0.3420201433256686,-0.9396926207859084,-0.9666180104000972,0.2562218218071163,1,0,0,0,0,0.16730763,NORMAL
2018-10-17,96855,Stasiun Geofisika Sleman,Kab. Sleman,DI Yogyakarta,24.0,32.3,27.0,83.0,0.0,9.6,2.0,1.0,8.299999999999997,0.0,0.0,0.0,0.0,-0.3420201433256686,-0.9396926207859084,-0.9620675724981452,0.2728112643340191,1,1,0,0,0,0.16052926,NORMAL
2018-10-18,96855,Stasiun Geofisika Sleman,Kab. Sleman,DI Yogyakarta,24.0,31.6,26.8,78.0,0.0,4.2,2.0,1.0,7.600000000000001,0.0,0.0,0.0,0.0,-1.0,-1.8369701987210294e-16,-0.957232443323312,0.2893199776186952,1,1,0,0,0,0.1634082,NORMAL
2018-10-19,96855,Stasiun Geofisika Sleman,Kab. Sleman,DI Yogyakarta,23.0,31.4,26.4,77.0,0.0,5.4,2.0,1.0,8.399999999999999,0.0,0.0,0.0,0.0,0.8660254037844387,-0.4999999999999998,-0.9521140536681102,0.3057430764672831,1,1,0,0,0,0.16143125,NORMAL
2018-10-20,96855,Stasiun Geofisika Sleman,Kab. Sleman,DI Yogyakarta,24.0,31.4,26.5,82.0,0.0,6.3,2.0,1.0,7.399999999999999,0.0,0.0,0.0,0.0,1.2246467991473532e-16,-1.0,-0.9467139181463862,0.3220757010206104,1,0,0,0,0,0.1515823,NORMAL
2018-10-21,96855,Stasiun Geofisika Sleman,Kab. Sleman,DI Yogyakarta,24.0,32.4,27.3,78.0,0.0,7.0,2.0,1.0,8.399999999999999,0.0,0.0,0.0,0.0,1.2246467991473532e-16,-1.0,-0.9410336347451196,0.3383130181923076,1,0,0,0,0,0.13416933,NORMAL
2018-10-22,96855,Stasiun Geofisika Sleman,Kab. Sleman,DI Yogyakarta,25.0,32.2,27.8,76.0,0.0,7.9,2.0,1.0,7.200000000000003,0.0,0.0,0.0,0.0,-0.3420201433256686,-0.9396926207859084,-0.9350748843515574,0.3544502230989869,1,0,0,0,0,0.11028358,NORMAL
2018-10-23,96855,Stasiun Geofisika Sleman,Kab. Sleman,DI Yogyakarta,25.0,32.0,27.5,76.0,0.0,7.8,2.0,1.0,7.0,0.0,0.0,0.0,0.0,1.2246467991473532e-16,-1.0,-0.9288394302558068,0.3704825404820963,1,0,0,0,0,0.111676976,NORMAL
2018-10-24,96855,Stasiun Geofisika Sleman,Kab. Sleman,DI Yogyakarta,25.0,32.4,27.5,82.0,0.0,7.8,2.0,1.0,7.399999999999999,0.0,0.0,0.0,0.0,-0.3420201433256686,-0.9396926207859084,-0.9223291176290545,0.3864052261209853,1,1,0,0,0,0.112261295,NORMAL
2018-10-25,96855,Stasiun Geofisika Sleman,Kab. Sleman,DI Yogyakarta,24.0,31.0,27.5,75.0,0.0,7.5,2.0,1.0,7.0,0.0,0.0,0.0,0.0,-0.3420201433256686,-0.9396926207859084,-0.9155458729775467,0.4022135682368036,1,0,0,0,0,0.11641425,NORMAL
2018-10-26,96855,Stasiun Geofisika Sleman,Kab. Sleman,DI Yogyakarta,24.0,32.6,27.7,78.0,0.0,2.3,2.0,1.0,8.600000000000001,0.0,0.0,0.0,0.0,-0.3420201433256686,-0.9396926207859084,-0.9084917035725082,0.4179028888867866,1,0,0,0,0,0.120758876,NORMAL
2018-10-27,96855,Stasiun Geofisika Sleman,Kab. Sleman,DI Yogyakarta,24.0,32.2,28.0,75.0,0.0,7.3,2.0,1.0,8.200000000000003,0.0,0.0,0.0,0.0,-0.3420201433256686,-0.9396926207859084,-0.9011686968561567,0.4334685453485363,1,0,0,0,0,0.11730668,NORMAL
2018-10-28,96855,Stasiun Geofisika Sleman,Kab. Sleman,DI Yogyakarta,25.0,32.4,27.4,76.0,0.0,5.8,2.0,1.0,7.399999999999999,0.0,0.0,0.0,0.0,-0.3420201433256686,-0.9396926207859084,-0.8935790198239952,0.4489059314938798,1,0,0,0,0,0.1141138,NORMAL
2018-10-29,96855,Stasiun Geofisika Sleman,Kab. Sleman,DI Yogyakarta,23.0,32.2,27.0,78.0,0.0,8.8,2.0,1.0,9.200000000000005,0.0,0.0,0.0,0.0,-0.3420201433256686,-0.9396926207859084,-0.8857249183835637,0.4642104791518923,1,0,0,0,0,0.108888105,NORMAL
2018-10-30,96855,Stasiun Geofisika Sleman,Kab. Sleman,DI Yogyakarta,23.0,33.2,27.2,75.0,0.0,9.4,2.0,0.0,10.200000000000005,0.0,0.0,0.0,0.0,-0.3420201433256686,-0.9396926207859084,-0.8776087166898392,0.4793776594606945,1,0,0,0,0,0.109198585,NORMAL
2018-10-31,96855,Stasiun Geofisika Sleman,Kab. Sleman,DI Yogyakarta,22.0,33.2,26.9,76.0,0.0,6.4,2.0,1.0,11.200000000000005,0.0,0.0,0.0,0.0,-0.3420201433256686,-0.9396926207859084,-0.8692328164574792,0.4944029842076181,1,1,0,0,0,0.109666385,NORMAL
2018-11-01,96855,Stasiun Geofisika Sleman,Kab. Sleman,DI Yogyakarta,23.0,34.1,27.5,75.0,0.0,9.5,3.0,1.0,11.1,0.0,0.0,0.0,1.0,-0.3420201433256686,-0.9396926207859084,-0.8605996962501181,0.5092820071573356,1,0,0,0,0,0.114414446,NORMAL
2018-11-02,96855,Stasiun Geofisika Sleman,Kab. Sleman,DI Yogyakarta,24.0,34.8,28.7,72.0,0.0,6.4,2.0,0.0,10.799999999999995,0.0,0.0,0.0,-1.0,-0.3420201433256686,-0.9396926207859084,-0.8517119107469189,0.5240103253675756,1,1,0,0,0,0.12125843,NORMAL
2018-11-03,96855,Stasiun Geofisika Sleman,Kab. Sleman,DI Yogyakarta,24.0,33.2,28.3,80.0,0.0,8.1,2.0,1.0,9.200000000000005,0.0,0.0,0.0,0.0,-0.3420201433256686,-0.9396926207859084,-0.8425720899866032,0.5385835804920232,1,1,0,0,0,0.116498314,NORMAL
2018-11-04,96855,Stasiun Geofisika Sleman,Kab. Sleman,DI Yogyakarta,24.0,33.2,28.5,78.0,0.0,4.6,2.0,1.0,9.200000000000005,0.0,0.0,0.0,0.0,-0.3420201433256686,-0.9396926207859084,-0.8331829385891785,0.5529974600700271,1,1,0,0,0,0.11428414,NORMAL
2018-11-05,96855,Stasiun Geofisika Sleman,Kab. Sleman,DI Yogyakarta,25.0,33.2,28.2,79.0,0.0,5.0,2.0,0.0,8.200000000000003,0.0,0.0,0.0,0.0,-0.3420201433256686,-0.9396926207859084,-0.8235472349556007,0.5672476988027229,1,0,0,0,0,0.114295036,NORMAL
2018-11-06,96855,Stasiun Geofisika Sleman,Kab. Sleman,DI Yogyakarta,25.0,30.0,27.6,86.0,4.05,3.9,2.0,0.0,5.0,4.050000000000057,4.050000000000003,4.05,0.0,-0.3420201433256686,-0.9396926207859084,-0.8136678304455991,0.5813300798152042,1,1,0,0,0,0.12211182,NORMAL
2018-11-07,96855,Stasiun Geofisika Sleman,Kab. Sleman,DI Yogyakarta,25.0,30.6,26.8,87.0,8.1,2.2,2.0,1.0,5.600000000000001,12.150000000000055,12.150000000000002,4.05,0.0,-0.5000000000000001,-0.8660254037844386,-0.8035476485339116,0.5952404359043674,1,0,0,0,0,0.12490581,NORMAL
2018-11-08,96855,Stasiun Geofisika Sleman,Kab. Sleman,DI Yogyakarta,24.0,30.8,26.2,90.0,11.2,2.4,3.0,1.0,6.800000000000001,23.35000000000006,23.35,3.1,1.0,-0.3420201433256686,-0.9396926207859084,-0.7931896839451843,0.6089746507720486,1,0,0,0,0,0.13876559,NORMAL
2018-11-09,96855,Stasiun Geofisika Sleman,Kab. Sleman,DI Yogyakarta,23.0,31.6,25.0,94.0,7.8,2.0,2.0,0.0,8.600000000000001,27.10000000000005,31.15,-3.3999999999999995,-1.0,-0.3420201433256686,-0.9396926207859084,-0.7825970017677834,0.6225286602431057,1,0,0,0,0,0.15668753,NORMAL
2018-11-10,96855,Stasiun Geofisika Sleman,Kab. Sleman,DI Yogyakarta,23.0,31.8,26.5,88.0,44.7,3.3,2.0,0.0,8.8,63.70000000000006,75.85000000000001,36.900000000000006,0.0,-0.3420201433256686,-0.9396926207859084,-0.7717727365467837,0.6358984534680745,1,0,0,0,0,0.37916797,NORMAL
2018-11-11,96855,Stasiun Geofisika Sleman,Kab. Sleman,DI Yogyakarta,24.0,31.8,26.8,88.0,11.5,5.6,2.0,0.0,7.800000000000001,64.00000000000006,87.35000000000001,-33.2,0.0,-0.3420201433256686,-0.9396926207859084,-0.7607200913564104,0.6490800741100398,1,0,0,0,0,0.5012399,NORMAL
2018-11-12,96855,Stasiun Geofisika Sleman,Kab. Sleman,DI Yogyakarta,24.0,32.0,27.9,82.0,0.1,5.6,2.0,0.0,8.0,56.30000000000006,87.45,-11.4,0.0,-0.3420201433256686,-0.9396926207859084,-0.7494423368521953,0.6620696215153815,1,0,0,0,0,0.52727145,NORMAL
2018-11-13,96855,Stasiun Geofisika Sleman,Kab. Sleman,DI Yogyakarta,25.0,31.0,26.5,90.0,14.749999999999996,6.8,2.0,0.0,6.0,26.35000000000005,98.15,14.649999999999997,0.0,-0.3420201433256686,-0.9396926207859084,-0.7379428103031386,0.6748632518680403,1,1,0,0,0,0.5628607,NORMAL
2018-11-14,96855,Stasiun Geofisika Sleman,Kab. Sleman,DI Yogyakarta,24.0,31.0,26.4,90.0,29.4,2.8,2.0,0.0,7.0,44.25000000000005,119.45000000000002,14.650000000000002,0.0,-0.3420201433256686,-0.9396926207859084,-0.7262249146041543,0.6874571793269664,1,0,0,0,0,0.6248489,NORMAL
2018-11-15,96855,Stasiun Geofisika Sleman,Kab. Sleman,DI Yogyakarta,24.0,31.8,27.6,86.0,19.4,3.4,2.0,1.0,7.800000000000001,63.55000000000005,127.65,-10.0,0.0,1.2246467991473532e-16,-1.0,-0.7142921172691032,0.699847677146407,1,0,0,0,0,0.6534403,NORMAL
2018-11-16,96855,Stasiun Geofisika Sleman,Kab. Sleman,DI Yogyakarta,24.0,32.4,27.6,84.0,0.0,6.3,2.0,1.0,8.399999999999999,48.80000000000005,119.85,-19.4,0.0,-0.3420201433256686,-0.9396926207859084,-0.7021479494046978,0.7120310787787131,1,0,0,0,0,0.6977427,NORMAL
2018-11-17,96855,Stasiun Geofisika Sleman,Kab. Sleman,DI Yogyakarta,25.0,32.2,27.9,82.0,0.0,8.8,2.0,1.0,7.200000000000003,19.400000000000052,75.15,0.0,0.0,1.2246467991473532e-16,-1.0,-0.6897960046655887,0.7240037789593305,1,0,0,0,0,0.6961002,NORMAL
2018-11-18,96855,Stasiun Geofisika Sleman,Kab. Sleman,DI Yogyakarta,24.5,31.6,28.2,81.0,0.0,8.5,2.0,1.0,7.100000000000001,0.0,63.65,0.0,0.0,-0.3420201433256686,-0.9396926207859084,-0.6772399381909491,0.7357622347736527,1,0,0,0,0,0.69568753,NORMAL
2018-11-19,96855,Stasiun Geofisika Sleman,Kab. Sleman,DI Yogyakarta,24.0,33.2,28.2,79.0,0.0,7.8,2.0,1.0,9.200000000000005,0.0,63.55,0.0,0.0,1.2246467991473532e-16,-1.0,-0.6644834655228552,0.7473029667054297,1,0,0,0,0,0.6966566,NORMAL
2018-11-20,96855,Stasiun Geofisika Sleman,Kab. Sleman,DI Yogyakarta,26.0,32.0,28.4,79.0,0.0,10.2,2.0,1.0,6.0,0.0,48.8,0.0,0.0,-0.3420201433256686,-0.9396926207859084,-0.6515303615068021,0.75862255966641,1,0,0,0,0,0.70110255,NORMAL
2018-11-21,96855,Stasiun Geofisika Sleman,Kab. Sleman,DI Yogyakarta,24.0,31.6,27.6,80.0,0.0,7.6,2.0,1.0,7.600000000000001,0.0,19.40000000000001,0.0,0.0,1.2246467991473532e-16,-1.0,-0.6383844591746642,0.769717664006921,1,0,0,0,0,0.69949496,NORMAL
2018-11-22,96855,Stasiun Geofisika Sleman,Kab. Sleman,DI Yogyakarta,24.0,31.4,26.8,83.0,33.0,9.2,2.0,1.0,7.399999999999999,33.00000000000006,33.00000000000001,33.0,0.0,-0.3420201433256686,-0.9396926207859084,-0.6250496486104377,0.7805849965070866,1,0,0,0,0,0.81972665,NORMAL
2018-11-23,96855,Stasiun Geofisika Sleman,Kab. Sleman,DI Yogyakarta,23.0,31.2,26.4,82.0,1.9,8.0,2.0,1.0,8.2,34.900000000000055,34.900000000000006,-31.1,0.0,-0.3420201433256686,-0.9396926207859084,-0.6115298757991053,0.7912213413483807,1,0,0,0,0,0.9091133,NORMAL
2018-11-24,96855,Stasiun Geofisika Sleman,Kab. Sleman,DI Yogyakarta,23.0,31.6,26.3,80.0,0.95,8.0,2.0,1.0,8.600000000000001,35.85000000000006,35.85000000000001,-0.95,0.0,1.2246467991473532e-16,-1.0,-0.5978291414589552,0.801623551065242,1,1,0,0,0,0.9048349,NORMAL
2018-11-25,96855,Stasiun Geofisika Sleman,Kab. Sleman,DI Yogyakarta,24.0,31.0,26.7,83.0,0.0,6.0,2.0,0.0,7.0,2.8500000000000565,35.85000000000001,-0.95,0.0,1.2246467991473532e-16,-1.0,-0.5839514998576998,0.8117885474764613,1,0,0,0,0,0.9028884,NORMAL
2018-11-26,96855,Stasiun Geofisika Sleman,Kab. Sleman,DI Yogyakarta,24.0,31.2,25.8,86.0,5.900000000000001,4.2,2.0,0.0,7.199999999999999,6.850000000000058,41.75000000000001,5.900000000000001,0.0,1.2246467991473532e-16,-1.0,-0.5699010576127624,0.821713322596059,1,1,0,0,0,0.90086746,NORMAL
2018-11-27,96855,Stasiun Geofisika Sleman,Kab. Sleman,DI Yogyakarta,23.0,31.0,25.4,93.0,11.8,1.7,2.0,0.0,8.0,17.70000000000006,53.55000000000001,5.9,0.0,1.2246467991473532e-16,-1.0,-0.5556819724760489,0.8313949395234058,1,0,0,0,0,0.9009327,NORMAL
2018-11-28,96855,Stasiun Geofisika Sleman,Kab. Sleman,DI Yogyakarta,23.0,30.0,25.7,86.0,85.0,5.7,1.0,0.0,7.0,102.70000000000006,138.55,73.2,-1.0,1.0,6.123233995736766e-17,-0.5412984521036173,0.8408305333122887,1,0,0,0,0,1.6700953,NORMAL
2018-11-29,96855,Stasiun Geofisika Sleman,Kab. Sleman,DI Yogyakarta,23.0,28.0,25.1,92.0,0.0,1.8,2.0,0.0,5.0,96.80000000000004,105.55,-85.0,1.0,1.2246467991473532e-16,-1.0,-0.5267547528105542,0.8500173118187018,1,0,0,0,0,2.3766394,NORMAL
2018-11-30,96855,Stasiun Geofisika Sleman,Kab. Sleman,DI Yogyakarta,23.0,30.8,26.3,88.0,4.5,0.0,2.0,1.0,7.800000000000001,89.50000000000006,108.15,4.5,0.0,-0.3420201433256686,-0.9396926207859084,-0.5120551783114646,0.8589525565270845,1,0,0,0,0,2.3793712,NORMAL
2018-12-01,96855,Stasiun Geofisika Sleman,Kab. Sleman,DI Yogyakarta,24.0,30.8,26.3,84.0,0.9,6.2,2.0,1.0,6.800000000000001,5.400000000000057,108.10000000000002,-3.6,0.0,1.2246467991473532e-16,-1.0,-0.4972040784469378,0.8676336233547726,1,0,0,0,0,2.3718457,NORMAL
2018-12-02,96855,Stasiun Geofisika Sleman,Kab. Sleman,DI Yogyakarta,24.0,30.8,26.8,81.0,0.75,7.5,2.0,1.0,6.800000000000001,6.150000000000057,108.85000000000002,-0.15,0.0,-0.3420201433256686,-0.9396926207859084,-0.4822058478963526,0.8760579434344281,1,1,0,0,0,2.366232,NORMAL
2018-12-03,96855,Stasiun Geofisika Sleman,Kab. Sleman,DI Yogyakarta,24.0,30.8,26.4,92.0,0.6,6.3,2.0,0.0,6.800000000000001,2.250000000000057,103.55,-0.15,0.0,-0.3420201433256686,-0.9396926207859084,-0.4670649248774303,0.8842230238742036,1,0,0,0,0,2.3706932,NORMAL
2018-12-04,96855,Stasiun Geofisika Sleman,Kab. Sleman,DI Yogyakarta,24.0,30.4,26.4,90.0,2.7,1.9,2.0,1.0,6.399999999999999,4.0500000000000576,94.45000000000002,2.1,0.0,1.2246467991473532e-16,-1.0,-0.451785789832884,0.8921264484954345,1,0,0,0,0,2.3729243,NORMAL
2018-12-05,96855,Stasiun Geofisika Sleman,Kab. Sleman,DI Yogyakarta,24.0,31.4,26.5,92.0,4.2,3.1,2.0,0.0,7.399999999999999,7.500000000000057,13.650000000000016,1.5,0.0,1.2246467991473532e-16,-1.0,-0.4363729641045924,0.8997658785476209,1,0,0,0,0,2.3777368,NORMAL
2018-12-06,96855,Stasiun Geofisika Sleman,Kab. Sleman,DI Yogyakarta,24.0,31.4,26.4,91.0,23.1,5.1,2.0,0.0,7.399999999999999,30.000000000000057,36.750000000000014,18.9,0.0,1.2246467991473532e-16,-1.0,-0.4208310085956556,0.9071390534005044,1,0,0,0,0,2.4183183,NORMAL
2018-12-07,96855,Stasiun Geofisika Sleman,Kab. Sleman,DI Yogyakarta,24.0,32.0,27.5,87.0,37.3,2.8,2.0,1.0,8.0,64.60000000000005,69.55000000000001,14.199999999999996,0.0,1.2246467991473532e-16,-1.0,-0.4051645224207563,0.9142437912130223,1,0,0,0,0,2.4687734,NORMAL
2018-12-08,96855,Stasiun Geofisika Sleman,Kab. Sleman,DI Yogyakarta,24.0,30.0,26.0,91.0,4.0,7.0,1.0,0.0,6.0,64.40000000000005,72.65,-33.3,-1.0,1.2246467991473532e-16,-1.0,-0.3893781415452015,0.9210779895789526,1,0,0,0,0,2.5828354,NORMAL
2018-12-09,96855,Stasiun Geofisika Sleman,Kab. Sleman,DI Yogyakarta,24.0,32.0,27.3,87.0,1.9,2.5,2.0,0.0,8.0,43.200000000000045,73.80000000000001,-2.1,1.0,-0.3420201433256686,-0.9396926207859084,-0.3734765374130707,0.9276396261490468,1,0,0,0,0,2.5912309,NORMAL
2018-12-10,96855,Stasiun Geofisika Sleman,Kab. Sleman,DI Yogyakarta,25.0,31.2,27.2,88.0,0.0,3.5,2.0,1.0,6.199999999999999,5.90000000000005,73.20000000000002,-1.9,0.0,-0.3420201433256686,-0.9396926207859084,-0.3574644155648614,0.9339267592294762,1,0,0,0,0,2.3868268,NORMAL
2018-12-11,96855,Stasiun Geofisika Sleman,Kab. Sleman,DI Yogyakarta,25.0,31.3,27.9,85.0,0.08,4.9,2.0,1.0,6.300000000000001,1.9800000000000495,70.58000000000001,0.08,0.0,1.2246467991473532e-16,-1.0,-0.3413465142450361,0.9399375283564132,1,1,0,0,0,2.28696,NORMAL
2018-12-12,96855,Stasiun Geofisika Sleman,Kab. Sleman,DI Yogyakarta,25.0,30.6,27.4,84.0,0.16,6.0,3.0,1.0,5.600000000000001,0.2400000000000497,66.54,0.08,1.0,-0.3420201433256686,-0.9396926207859084,-0.3251276029999093,0.9456701548465688,1,1,0,0,0,2.286654,NORMAL
2018-12-13,96855,Stasiun Geofisika Sleman,Kab. Sleman,DI Yogyakarta,24.0,31.6,27.6,84.0,0.24,7.1,2.0,0.0,7.600000000000001,0.4800000000000498,43.680000000000014,0.08,-1.0,1.2246467991473532e-16,-1.0,-0.3088124812662537,0.9511229423235356,1,1,0,0,0,2.2678964,NORMAL
2018-12-14,96855,Stasiun Geofisika Sleman,Kab. Sleman,DI Yogyakarta,25.0,30.2,26.7,87.0,0.32,2.5,2.0,1.0,5.199999999999999,0.7200000000000499,6.700000000000014,0.08,0.0,-0.984807753012208,0.1736481776669299,-0.2924059769510773,0.956294277219772,1,1,0,0,0,2.2193449,NORMAL
2018-12-15,96855,Stasiun Geofisika Sleman,Kab. Sleman,DI Yogyakarta,24.0,31.3,26.4,87.0,0.4,0.1,3.0,1.0,7.300000000000001,0.96000000000005,3.1000000000000143,0.0799999999999999,1.0,-0.3420201433256686,-0.9396926207859084,-0.2759129450029604,0.9611826292540836,1,0,0,0,0,2.1989765,NORMAL
2018-12-16,96855,Stasiun Geofisika Sleman,Kab. Sleman,DI Yogyakarta,24.0,29.0,26.0,87.0,33.2,5.7,2.0,1.0,5.0,33.92000000000005,34.40000000000002,32.800000000000004,-1.0,1.2246467991473532e-16,-1.0,-0.2593382659754056,0.9657865518844574,1,0,0,0,0,2.2868848,NORMAL
2018-12-17,96855,Stasiun Geofisika Sleman,Kab. Sleman,DI Yogyakarta,24.0,30.6,26.5,87.0,7.2,1.0,2.0,1.0,6.600000000000001,40.80000000000005,41.60000000000002,-26.000000000000004,0.0,1.2246467991473532e-16,-1.0,-0.2426868445825954,0.9701046827361176,1,0,0,0,0,2.3444507,NORMAL
2018-12-18,96855,Stasiun Geofisika Sleman,Kab. Sleman,DI Yogyakarta,23.0,30.6,26.8,80.0,5.9,7.8,2.0,1.0,7.600000000000001,46.30000000000005,47.42000000000002,-1.2999999999999998,0.0,-0.3420201433256686,-0.9396926207859084,-0.225963608248019,0.974135744004672,1,1,0,0,0,2.3431718,NORMAL
2018-12-19,96855,Stasiun Geofisika Sleman,Kab. Sleman,DI Yogyakarta,24.0,30.3,26.7,86.0,4.6,8.5,2.0,0.0,6.300000000000001,17.70000000000005,51.86000000000002,-1.3000000000000007,0.0,-0.3420201433256686,-0.9396926207859084,-0.2091735056463563,0.9778785428342386,1,0,0,0,0,2.3405843,NORMAL
2018-12-20,96855,Stasiun Geofisika Sleman,Kab. Sleman,DI Yogyakarta,24.0,30.2,25.3,90.0,0.0,5.5,3.0,1.0,6.199999999999999,10.50000000000005,51.620000000000026,-4.6,1.0,-0.3420201433256686,-0.9396926207859084,-0.1923215052390948,0.9813319716704276,1,0,0,0,0,2.3458297,NORMAL
2018-12-21,96855,Stasiun Geofisika Sleman,Kab. Sleman,DI Yogyakarta,24.0,32.8,25.7,90.0,0.5,3.65,2.0,0.0,8.799999999999997,5.100000000000049,51.800000000000026,0.5,-1.0,-0.3420201433256686,-0.9396926207859084,-0.1754125938042784,0.9844950085880858,1,1,0,0,0,2.3570397,NORMAL
2018-12-22,96855,Stasiun Geofisika Sleman,Kab. Sleman,DI Yogyakarta,24.0,31.0,26.6,85.0,1.0,1.8,2.0,1.0,7.0,1.5000000000000495,52.40000000000002,0.5,0.0,1.2246467991473532e-16,-1.0,-0.1584517749608363,0.9873667175937016,1,0,0,0,0,2.2169168,NORMAL
2018-12-23,96855,Stasiun Geofisika Sleman,Kab. Sleman,DI Yogyakarta,24.0,31.9,26.4,88.0,0.7,5.2,2.0,1.0,7.899999999999999,2.20000000000005,19.900000000000013,-0.3,0.0,-0.3420201433256686,-0.9396926207859084,-0.141444067687942,0.989946248902378,1,0,0,0,0,2.1333945,NORMAL
2018-12-24,96855,Stasiun Geofisika Sleman,Kab. Sleman,DI Yogyakarta,23.0,29.0,25.5,91.0,7.0,3.7,2.0,0.0,6.0,8.700000000000049,19.700000000000017,6.3,0.0,1.2246467991473532e-16,-1.0,-0.1243945048397999,0.9922328391893008,1,0,0,0,0,2.1435764,NORMAL
2018-12-25,96855,Stasiun Geofisika Sleman,Kab. Sleman,DI Yogyakarta,24.0,29.0,25.3,91.0,17.6,0.8,2.0,0.0,5.0,25.30000000000005,31.400000000000016,10.6,0.0,-0.3420201433256686,-0.9396926207859084,-0.1073081316563624,0.994225811815616,1,0,0,0,0,2.1720529,NORMAL
2018-12-26,96855,Stasiun Geofisika Sleman,Kab. Sleman,DI Yogyakarta,23.0,31.4,26.0,85.0,12.8,0.2,2.0,1.0,8.399999999999999,37.40000000000005,39.60000000000002,-4.800000000000001,0.0,1.2246467991473532e-16,-1.0,-0.0901900042703451,0.99592457702866,1,0,0,0,0,2.18534,NORMAL
2018-12-27,96855,Stasiun Geofisika Sleman,Kab. Sleman,DI Yogyakarta,23.0,31.2,26.3,84.0,0.5,2.1,2.0,1.0,8.2,30.90000000000005,40.10000000000002,-12.3,0.0,-0.3420201433256686,-0.9396926207859084,-0.0730451882110474,0.9973286321364752,1,0,0,0,0,2.205006,NORMAL
2018-12-28,96855,Stasiun Geofisika Sleman,Kab. Sleman,DI Yogyakarta,23.0,31.6,26.8,82.0,0.0,4.7,2.0,1.0,8.600000000000001,13.30000000000005,39.60000000000002,-0.5,0.0,1.2246467991473532e-16,-1.0,-0.0558787569053731,0.9984375616565666,1,0,0,0,0,1.3648173,NORMAL
2018-12-29,96855,Stasiun Geofisika Sleman,Kab. Sleman,DI Yogyakarta,24.0,31.0,27.1,80.0,0.0,8.7,2.0,1.0,7.0,0.5000000000000497,38.60000000000002,0.0,0.0,-0.3420201433256686,-0.9396926207859084,-0.0386957901765268,0.999251037438848,1,0,0,0,0,0.6637875,NORMAL
2018-12-30,96855,Stasiun Geofisika Sleman,Kab. Sleman,DI Yogyakarta,24.0,30.7,26.6,83.0,0.3,2.8,3.0,1.0,6.699999999999999,0.3000000000000497,38.20000000000002,0.3,1.0,1.2246467991473532e-16,-1.0,-0.0215013727408137,0.999768818762748,1,0,0,0,0,0.6527464,NORMAL
2018-12-31,96855,Stasiun Geofisika Sleman,Kab. Sleman,DI Yogyakarta,23.0,29.8,25.3,85.0,11.0,0.5,3.0,1.0,6.800000000000001,11.30000000000005,42.20000000000002,10.7,0.0,-0.8660254037844384,-0.5000000000000004,-0.0043005927029819,0.9999907524084426,1,0,0,0,0,0.66737086,NORMAL
2019-01-01,96855,Stasiun Geofisika Sleman,Kab. Sleman,DI Yogyakarta,23.1,31.0,26.1,88.0,1.4,4.8,2.0,1.0,7.899999999999999,12.70000000000005,26.00000000000001,-9.6,-1.0,-0.7660444431189779,-0.6427876096865395,0.0172015754182605,0.9998520419557736,1,0,0,0,0,0.67673683,NORMAL
2019-01-02,96855,Stasiun Geofisika Sleman,Kab. Sleman,DI Yogyakarta,23.0,30.4,25.1,93.0,12.0,2.5,2.0,1.0,7.399999999999999,24.40000000000005,25.200000000000017,10.6,0.0,-0.984807753012208,-0.1736481776669303,0.034398060613608,0.9994082116062598,1,0,0,0,0,0.6922507,NORMAL
2019-01-03,96855,Stasiun Geofisika Sleman,Kab. Sleman,DI Yogyakarta,23.0,31.4,24.4,92.0,15.2,2.2,2.0,1.0,8.399999999999999,28.60000000000005,39.90000000000001,3.1999999999999997,0.0,-0.3420201433256686,-0.9396926207859084,0.0515843668694083,0.9986686402879996,1,0,0,0,0,0.69943595,NORMAL
2019-01-04,96855,Stasiun Geofisika Sleman,Kab. Sleman,DI Yogyakarta,23.0,31.8,26.3,88.0,13.4,0.2,2.0,1.0,8.8,40.60000000000005,53.30000000000001,-1.799999999999999,0.0,1.2246467991473532e-16,-1.0,0.0687554084811394,0.9976335468520452,1,0,0,0,0,0.7095398,NORMAL
2019-01-05,96855,Stasiun Geofisika Sleman,Kab. Sleman,DI Yogyakarta,23.2,30.4,26.4,88.0,7.7,8.1,2.0,1.0,7.199999999999999,36.30000000000005,61.000000000000014,-5.7,0.0,-0.3420201433256686,-0.9396926207859084,0.0859061042613327,0.9963032375991964,1,0,0,0,0,0.6648209,NORMAL
2019-01-06,96855,Stasiun Geofisika Sleman,Kab. Sleman,DI Yogyakarta,23.8,32.6,27.0,86.0,0.6,5.7,2.0,1.0,8.8,21.70000000000005,61.30000000000002,-7.1000000000000005,0.0,-0.3420201433256686,-0.9396926207859084,0.1030313790431787,0.9946781061893646,1,0,0,0,0,0.5898751,NORMAL
2019-01-07,96855,Stasiun Geofisika Sleman,Kab. Sleman,DI Yogyakarta,24.4,32.4,27.3,85.0,0.3,7.4,2.0,0.0,8.0,8.60000000000005,50.60000000000001,-0.3,0.0,1.2246467991473532e-16,-1.0,0.1201261651823505,0.9927586335250792,1,1,0,0,0,0.47331303,NORMAL
2019-01-08,96855,Stasiun Geofisika Sleman,Kab. Sleman,DI Yogyakarta,24.2,32.2,27.6,84.0,0.0,7.1,2.0,0.0,8.000000000000004,0.9000000000000496,49.20000000000001,-0.3,0.0,-0.3420201433256686,-0.9396926207859084,0.1371854040566005,0.9905453876091832,1,0,0,0,0,0.4714095,NORMAL
2019-01-09,96855,Stasiun Geofisika Sleman,Kab. Sleman,DI Yogyakarta,23.7,33.8,26.8,87.0,1.6,6.1,2.0,0.0,10.099999999999998,1.9000000000000496,38.80000000000001,1.6,0.0,1.2246467991473532e-16,-1.0,0.1542040475626894,0.988039023376751,1,1,0,0,0,0.47472748,NORMAL
2019-01-10,96855,Stasiun Geofisika Sleman,Kab. Sleman,DI Yogyakarta,23.2,32.4,27.3,86.0,3.2,5.1,2.0,0.0,9.2,4.80000000000005,26.80000000000002,1.6,0.0,1.2246467991473532e-16,-1.0,0.1711770596101998,0.985240282501282,1,0,0,0,0,0.47379494,NORMAL
2019-01-11,96855,Stasiun Geofisika Sleman,Kab. Sleman,DI Yogyakarta,24.2,32.8,26.6,83.0,0.0,8.7,2.0,1.0,8.599999999999998,4.80000000000005,13.400000000000016,-3.2,0.0,1.2246467991473532e-16,-1.0,0.1880994176117975,0.9821499931752292,1,0,0,0,0,0.47012672,NORMAL
2019-01-12,96855,Stasiun Geofisika Sleman,Kab. Sleman,DI Yogyakarta,23.2,32.0,27.1,86.0,6.2,8.0,2.0,1.0,8.8,9.40000000000005,11.900000000000016,6.2,0.0,-0.3420201433256686,-0.9396926207859084,0.2049661139694953,0.9787690698649216,1,0,0,0,0,0.47386855,NORMAL
2019-01-13,96855,Stasiun Geofisika Sleman,Kab. Sleman,DI Yogyakarta,24.2,30.4,26.4,90.0,0.0,6.3,2.0,0.0,6.199999999999999,6.200000000000049,11.300000000000017,-6.2,0.0,0.3420201433256689,-0.9396926207859084,0.2217721575564818,0.975098513039961,1,0,0,0,0,0.47463152,NORMAL
2019-01-14,96855,Stasiun Geofisika Sleman,Kab. Sleman,DI Yogyakarta,23.2,33.8,26.1,89.0,37.2,2.8,2.0,0.0,10.599999999999998,43.40000000000005,48.20000000000002,37.2,0.0,1.2246467991473532e-16,-1.0,0.2385125751940764,0.9711394088771652,1,0,0,0,0,0.6552718,NORMAL
2019-01-15,96855,Stasiun Geofisika Sleman,Kab. Sleman,DI Yogyakarta,23.6,32.4,27.4,86.0,1.6,6.0,3.0,1.0,8.799999999999997,38.80000000000005,49.80000000000002,-35.6,1.0,1.2246467991473532e-16,-1.0,0.2551824131233728,0.966892928939152,1,0,0,0,0,0.63105375,NORMAL
2019-01-16,96855,Stasiun Geofisika Sleman,Kab. Sleman,DI Yogyakarta,23.6,28.7,25.1,92.0,16.1,5.8,3.0,1.0,5.099999999999998,54.90000000000005,64.30000000000001,14.500000000000002,0.0,-0.7660444431189781,0.6427876096865393,0.2717767384711357,0.9623603298276544,1,0,0,0,0,0.60524106,NORMAL
2019-01-17,96855,Stasiun Geofisika Sleman,Kab. Sleman,DI Yogyakarta,23.0,31.2,25.6,92.0,25.4,0.2,2.0,1.0,8.2,43.10000000000005,86.50000000000003,9.299999999999995,-1.0,-0.3420201433256686,-0.9396926207859084,0.2882906407095177,0.957542952811672,1,0,0,0,0,0.63353825,NORMAL
2019-01-18,96855,Stasiun Geofisika Sleman,Kab. Sleman,DI Yogyakarta,23.4,31.0,27.0,86.0,19.8,5.1,3.0,1.0,7.600000000000001,61.30000000000004,106.30000000000004,-5.599999999999998,1.0,-0.6427876096865393,-0.766044443118978,0.3047192331091634,0.9524422234305676,1,0,0,0,0,0.6524977,NORMAL
2019-01-19,96855,Stasiun Geofisika Sleman,Kab. Sleman,DI Yogyakarta,24.0,31.4,27.1,85.0,15.6,8.0,2.0,1.0,7.399999999999999,60.80000000000004,115.70000000000002,-4.199999999999999,-1.0,-0.3420201433256686,-0.9396926207859084,0.321057654185271,0.9470596510722284,1,1,0,0,0,0.6546148,NORMAL
2019-01-20,96855,Stasiun Geofisika Sleman,Kab. Sleman,DI Yogyakarta,23.8,31.8,26.8,86.0,11.4,3.6,2.0,1.0,8.0,46.80000000000005,127.10000000000002,-4.200000000000001,0.0,-0.3420201433256686,-0.9396926207859084,0.3373010691361842,0.9413968285264122,1,0,0,0,0,0.65658873,NORMAL
2019-01-21,96855,Stasiun Geofisika Sleman,Kab. Sleman,DI Yogyakarta,24.1,30.0,26.5,90.0,4.2,4.4,5.0,1.0,5.899999999999999,31.200000000000045,94.10000000000002,-7.2,3.0,-0.984807753012208,-0.1736481776669303,0.3534446712740877,0.9354554315134164,1,0,0,0,0,0.71602654,NORMAL
2019-01-22,96855,Stasiun Geofisika Sleman,Kab. Sleman,DI Yogyakarta,23.8,31.8,24.7,96.0,20.5,1.6,3.0,0.0,8.0,36.10000000000005,113.00000000000004,16.3,-2.0,-0.984807753012208,-0.1736481776669303,0.3694836834473831,0.9292372181882051,1,0,0,0,0,0.7758495,NORMAL
2019-01-23,96855,Stasiun Geofisika Sleman,Kab. Sleman,DI Yogyakarta,23.2,30.3,25.6,89.0,54.5,0.0,2.0,1.0,7.100000000000001,79.20000000000005,151.40000000000003,34.0,-1.0,-0.3420201433256686,-0.9396926207859084,0.3854133594543256,0.9227440286201428,1,0,0,0,0,0.9935331,NORMAL
2019-01-24,96855,Stasiun Geofisika Sleman,Kab. Sleman,DI Yogyakarta,22.4,32.4,26.2,85.0,1.0,0.5,3.0,1.0,10.0,76.00000000000004,127.0,-53.5,1.0,-1.0,-1.8369701987210294e-16,0.4012289854475009,0.9159777842484876,1,0,0,0,0,1.2587608,NORMAL
2019-01-25,96855,Stasiun Geofisika Sleman,Kab. Sleman,DI Yogyakarta,23.0,30.6,26.1,91.0,6.4,7.1,2.0,1.0,7.600000000000001,61.90000000000004,113.60000000000002,5.4,-1.0,1.2246467991473532e-16,-1.0,0.4169258813287287,0.908940487313808,1,0,0,0,0,1.2582177,NORMAL
2019-01-26,96855,Stasiun Geofisika Sleman,Kab. Sleman,DI Yogyakarta,23.1,31.7,26.5,86.0,17.8,2.7,3.0,2.0,8.599999999999998,25.200000000000045,115.80000000000004,11.4,1.0,-0.3420201433256686,-0.9396926207859084,0.4324994021339788,0.901634220265486,1,0,0,0,0,1.2681997,NORMAL
2019-01-27,96855,Stasiun Geofisika Sleman,Kab. Sleman,DI Yogyakarta,23.05,32.4,26.7,87.0,0.0,7.3,2.0,0.0,9.349999999999998,24.200000000000045,104.40000000000002,-17.8,-1.0,-0.3420201433256686,-0.9396926207859084,0.4479449394078911,0.8940611451454876,1,0,0,0,0,1.3036901,NORMAL
2019-01-28,96855,Stasiun Geofisika Sleman,Kab. Sleman,DI Yogyakarta,23.0,34.0,27.1,82.0,5.2,3.2,2.0,0.0,11.0,23.00000000000005,105.40000000000002,5.2,0.0,1.2246467991473532e-16,-1.0,0.4632579225674917,0.88622350294858,1,0,0,0,0,1.3066701,NORMAL
2019-01-29,96855,Stasiun Geofisika Sleman,Kab. Sleman,DI Yogyakarta,23.8,33.0,26.9,86.0,0.0,7.5,2.0,0.0,9.2,5.200000000000043,84.90000000000002,-5.2,0.0,1.0,6.123233995736766e-17,0.4784338202547012,0.8781236129591848,1,0,0,0,0,1.3113427,NORMAL
2019-01-30,96855,Stasiun Geofisika Sleman,Kab. Sleman,DI Yogyakarta,23.2,33.2,26.3,87.0,6.4,4.9,2.0,1.0,10.000000000000004,11.600000000000044,36.80000000000002,6.4,0.0,-0.3420201433256686,-0.9396926207859084,0.4934681416772373,0.8697638720650646,1,0,0,0,0,1.2920665,NORMAL
2019-01-31,96855,Stasiun Geofisika Sleman,Kab. Sleman,DI Yogyakarta,23.5,31.4,26.3,88.0,55.9,7.2,2.0,1.0,7.899999999999999,62.30000000000004,91.70000000000002,49.5,0.0,-0.5000000000000001,-0.8660254037844386,0.5083564379375122,0.8611467540480452,1,0,0,0,0,1.5905249,NORMAL
2019-02-01,96855,Stasiun Geofisika Sleman,Kab. Sleman,DI Yogyakarta,23.0,31.6,26.3,87.0,4.0,4.9,2.0,1.0,8.600000000000001,66.30000000000004,89.30000000000001,-51.9,0.0,-0.3420201433256686,-0.9396926207859084,0.5230943033491326,0.8522748088519838,1,0,0,0,0,1.8257741,NORMAL
2019-02-02,96855,Stasiun Geofisika Sleman,Kab. Sleman,DI Yogyakarta,23.6,32.0,26.9,86.0,5.6,4.8,2.0,1.0,8.399999999999999,65.50000000000004,77.10000000000001,1.5999999999999996,0.0,1.2246467991473532e-16,-1.0,0.5376773767406141,0.8431506618282,1,0,0,0,0,1.8100382,NORMAL
2019-02-03,96855,Stasiun Geofisika Sleman,Kab. Sleman,DI Yogyakarta,24.1,31.8,27.0,85.0,0.3,7.9,2.0,1.0,7.699999999999999,9.900000000000045,77.40000000000002,-5.3,0.0,-0.3420201433256686,-0.9396926207859084,0.5521013427459208,0.8337770129585915,1,0,0,0,0,1.8043516,NORMAL
2019-02-04,96855,Stasiun Geofisika Sleman,Kab. Sleman,DI Yogyakarta,24.4,32.0,27.5,84.0,0.0,7.9,2.0,1.0,7.600000000000001,5.900000000000042,72.20000000000002,-0.3,0.0,-0.5000000000000001,-0.8660254037844386,0.5663619330814524,0.8241566360566663,1,0,0,0,0,1.7990552,NORMAL
2019-02-05,96855,Stasiun Geofisika Sleman,Kab. Sleman,DI Yogyakarta,24.4,30.8,27.2,88.0,2.1,4.9,3.0,1.0,6.400000000000002,2.4000000000000425,74.30000000000001,2.1,1.0,-0.1736481776669304,-0.984807753012208,0.580454927809098,0.8142923779467267,1,0,0,0,0,1.7967459,NORMAL
2019-02-06,96855,Stasiun Geofisika Sleman,Kab. Sleman,DI Yogyakarta,23.4,32.2,27.0,86.0,1.5,2.4,5.0,2.0,8.800000000000004,3.6000000000000427,69.40000000000002,-0.6000000000000001,2.0,-0.7660444431189779,-0.6427876096865395,0.5943761565849831,0.804187157621448,1,0,0,0,0,1.8344952,NORMAL
2019-02-07,96855,Stasiun Geofisika Sleman,Kab. Sleman,DI Yogyakarta,23.6,31.6,27.1,87.0,6.4,8.3,2.0,1.0,8.0,10.000000000000044,19.900000000000013,4.9,-3.0,-0.3420201433256686,-0.9396926207859084,0.6081214998935418,0.7938439653781019,1,0,0,0,0,1.85801,NORMAL
2019-02-08,96855,Stasiun Geofisika Sleman,Kab. Sleman,DI Yogyakarta,23.0,30.4,25.9,89.0,64.0,7.2,3.0,1.0,7.399999999999999,71.90000000000005,79.9,57.6,1.0,1.2246467991473532e-16,-1.0,0.6216868902665479,0.7832658619336791,1,0,0,0,0,2.2845318,NORMAL
2019-02-09,96855,Stasiun Geofisika Sleman,Kab. Sleman,DI Yogyakarta,23.6,31.4,27.0,84.0,0.5,4.1,2.0,1.0,7.799999999999997,70.90000000000005,74.80000000000001,-63.5,-1.0,1.2246467991473532e-16,-1.0,0.6350683134867438,0.7724559775191742,1,0,0,0,0,2.6693664,NORMAL
2019-02-10,96855,Stasiun Geofisika Sleman,Kab. Sleman,DI Yogyakarta,24.4,31.2,26.8,87.0,0.0,9.2,2.0,1.0,6.800000000000001,64.50000000000004,74.5,-0.5,0.0,1.2246467991473532e-16,-1.0,0.6482618097757122,0.7614175109532997,1,0,0,0,0,2.6784678,NORMAL
2019-02-11,96855,Stasiun Geofisika Sleman,Kab. Sleman,DI Yogyakarta,24.0,31.0,25.6,92.0,2.4,4.1,3.0,0.0,7.0,2.9000000000000496,76.9,2.4,1.0,-0.8660254037844384,-0.5000000000000004,0.6612634749656386,0.7501537286959042,1,0,0,0,0,2.6986346,NORMAL
2019-02-12,96855,Stasiun Geofisika Sleman,Kab. Sleman,DI Yogyakarta,24.0,30.0,26.2,88.0,1.2,3.2,2.0,0.0,6.0,3.6000000000000494,76.00000000000001,-1.2,-1.0,1.2246467991473532e-16,-1.0,0.6740694616546161,0.7386679638813748,1,1,0,0,0,2.724368,NORMAL
2019-02-13,96855,Stasiun Geofisika Sleman,Kab. Sleman,DI Yogyakarta,24.0,32.2,27.1,84.0,0.0,5.0,2.0,1.0,8.200000000000003,3.6000000000000494,74.50000000000001,-1.2,0.0,-0.3420201433256686,-0.9396926207859084,0.6866759803451553,0.726963615332308,1,0,0,0,0,2.5608077,NORMAL
2019-02-14,96855,Stasiun Geofisika Sleman,Kab. Sleman,DI Yogyakarta,24.0,31.0,26.9,86.0,14.500000000000002,5.6,2.0,1.0,7.0,15.70000000000005,82.60000000000001,14.500000000000002,0.0,-0.3420201433256686,-0.9396926207859084,0.6990793005655562,0.7150441465537444,1,1,0,0,0,2.46755,NORMAL
2019-02-15,96855,Stasiun Geofisika Sleman,Kab. Sleman,DI Yogyakarta,24.2,30.7,27.1,87.0,29.000000000000004,4.1,2.0,1.0,6.5,43.50000000000006,47.60000000000002,14.500000000000002,0.0,-0.3420201433256686,-0.9396926207859084,0.7112757519738152,0.7029130847082615,1,1,0,0,0,2.4756536,NORMAL
2019-02-16,96855,Stasiun Geofisika Sleman,Kab. Sleman,DI Yogyakarta,23.0,32.0,26.7,88.0,43.5,6.8,2.0,1.0,9.0,87.00000000000006,90.60000000000002,14.499999999999996,0.0,1.2246467991473532e-16,-1.0,0.7232617254437388,0.6905740195722294,1,1,0,0,0,2.5190682,NORMAL
2019-02-17,96855,Stasiun Geofisika Sleman,Kab. Sleman,DI Yogyakarta,22.8,32.2,26.4,85.0,58.0,7.4,2.0,1.0,9.400000000000002,130.50000000000006,148.60000000000002,14.5,0.0,1.2246467991473532e-16,-1.0,0.7350336741329412,0.6780306024735382,1,0,0,0,0,2.6339152,NORMAL
2019-02-18,96855,Stasiun Geofisika Sleman,Kab. Sleman,DI Yogyakarta,23.4,32.4,26.5,84.0,0.0,8.4,2.0,0.0,9.0,101.50000000000006,146.20000000000002,-58.0,0.0,1.2246467991473532e-16,-1.0,0.746588114532413,0.6652865452111116,1,0,0,0,0,2.9631863,NORMAL
2019-02-19,96855,Stasiun Geofisika Sleman,Kab. Sleman,DI Yogyakarta,23.0,32.0,26.0,88.0,1.0,5.2,2.0,0.0,9.0,59.00000000000005,146.00000000000003,1.0,0.0,1.2246467991473532e-16,-1.0,0.7579216274973472,0.6523456189565257,1,0,0,0,0,2.9804137,NORMAL
2019-02-20,96855,Stasiun Geofisika Sleman,Kab. Sleman,DI Yogyakarta,23.2,31.6,24.7,95.0,1.0,5.0,2.0,1.0,8.400000000000002,2.0000000000000497,147.00000000000003,0.0,0.0,-0.3420201433256686,-0.9396926207859084,0.7690308592589181,0.6392116531380588,1,0,0,0,0,2.960322,NORMAL
2019-02-21,96855,Stasiun Geofisika Sleman,Kab. Sleman,DI Yogyakarta,23.0,32.6,25.8,88.0,38.6,3.6,2.0,1.0,9.6,40.60000000000005,171.10000000000002,37.6,0.0,-0.3420201433256686,-0.9396926207859084,0.7799125224167177,0.6258885343075018,1,0,0,0,0,3.077347,NORMAL
2019-02-22,96855,Stasiun Geofisika Sleman,Kab. Sleman,DI Yogyakarta,22.8,32.4,26.3,86.0,21.0,5.8,2.0,0.0,9.599999999999998,60.60000000000005,163.10000000000002,-17.6,0.0,-0.8660254037844386,0.5000000000000001,0.7905633969115482,0.612380204990065,1,0,0,0,0,2.8722389,NORMAL
2019-02-23,96855,Stasiun Geofisika Sleman,Kab. Sleman,DI Yogyakarta,22.6,32.0,26.5,86.0,0.0,6.3,2.0,0.0,9.4,59.60000000000005,119.60000000000002,-21.0,0.0,-0.9396926207859084,-0.3420201433256685,0.8009803309782905,0.5986906625177214,1,0,0,0,0,2.6421516,NORMAL
2019-02-24,96855,Stasiun Geofisika Sleman,Kab. Sleman,DI Yogyakarta,22.8,32.0,26.1,90.0,0.0,8.4,0.0,0.0,9.2,21.00000000000005,61.600000000000016,0.0,-2.0,0.0,1.0,0.8111602420785621,0.5848239578463322,1,0,0,0,0,2.6690235,NORMAL
2019-02-25,96855,Stasiun Geofisika Sleman,Kab. Sleman,DI Yogyakarta,23.4,32.6,26.5,89.0,12.0,4.7,2.0,1.0,9.200000000000005,12.00000000000005,73.60000000000002,12.0,2.0,-0.3420201433256686,-0.9396926207859084,0.8211001178128892,0.5707841943569036,1,0,0,0,0,2.6543283,NORMAL
2019-02-26,96855,Stasiun Geofisika Sleman,Kab. Sleman,DI Yogyakarta,23.8,34.2,28.0,82.0,13.2,7.2,1.0,0.0,10.400000000000002,25.20000000000005,85.80000000000001,1.1999999999999993,-1.0,1.2246467991473532e-16,-1.0,0.8307970168121247,0.5565755266413303,1,0,0,0,0,2.629724,NORMAL
2019-02-27,96855,Stasiun Geofisika Sleman,Kab. Sleman,DI Yogyakarta,24.2,33.0,27.5,86.0,0.0,9.8,2.0,0.0,8.8,25.20000000000005,84.80000000000001,-13.2,1.0,-0.3420201433256686,-0.9396926207859084,0.8402480696078469,0.5422021592729844,1,0,0,0,0,2.6544366,NORMAL
2019-02-28,96855,Stasiun Geofisika Sleman,Kab. Sleman,DI Yogyakarta,24.2,31.0,26.6,90.0,9.0,7.2,2.0,0.0,6.800000000000001,22.20000000000005,55.20000000000002,9.0,0.0,-0.3420201433256686,-0.9396926207859084,0.8494504794814806,0.527668345562516,1,0,0,0,0,2.667166,NORMAL
2019-03-01,96855,Stasiun Geofisika Sleman,Kab. Sleman,DI Yogyakarta,24.4,33.2,26.2,90.0,4.0,1.8,2.0,1.0,8.800000000000004,13.00000000000005,38.20000000000002,-5.0,0.0,1.0,6.123233995736766e-17,0.8584015232918917,0.512978386299228,1,0,0,0,0,2.6843488,NORMAL
2019-03-02,96855,Stasiun Geofisika Sleman,Kab. Sleman,DI Yogyakarta,23.0,30.6,25.8,91.0,100.6,4.8,2.0,0.0,7.600000000000001,113.60000000000004,138.8,96.6,0.0,1.2246467991473532e-16,-1.0,0.8670985522812081,0.4981366284784055,1,0,0,0,0,3.551055,NORMAL
2019-03-03,96855,Stasiun Geofisika Sleman,Kab. Sleman,DI Yogyakarta,23.8,29.4,25.9,90.0,14.2,2.1,1.0,0.0,5.599999999999998,118.80000000000004,153.0,-86.39999999999999,-1.0,1.2246467991473532e-16,-1.0,0.8755389928586302,0.4831474640149687,1,0,0,0,0,4.00454,NORMAL
2019-03-04,96855,Stasiun Geofisika Sleman,Kab. Sleman,DI Yogyakarta,23.3,32.2,26.4,87.0,6.6,0.4,2.0,1.0,8.900000000000002,121.40000000000003,147.60000000000002,-7.6,1.0,0.3420201433256687,0.9396926207859084,0.8837203473619977,0.4680153284438345,1,0,0,0,0,4.0225496,NORMAL
2019-03-05,96855,Stasiun Geofisika Sleman,Kab. Sleman,DI Yogyakarta,23.6,34.2,26.9,83.0,10.85,3.6,2.0,0.0,10.6,31.650000000000052,145.25000000000003,4.25,0.0,-0.3420201433256686,-0.9396926207859084,0.8916401947968874,0.452744699607371,1,1,0,0,0,4.02246,NORMAL
2019-03-06,96855,Stasiun Geofisika Sleman,Kab. Sleman,DI Yogyakarta,24.3,30.0,25.4,91.0,15.1,7.3,3.0,1.0,5.699999999999999,32.550000000000054,160.35000000000002,4.25,1.0,1.2246467991473532e-16,-1.0,0.8992961915530253,0.4373400963303323,1,0,0,0,0,4.0316896,NORMAL
2019-03-07,96855,Stasiun Geofisika Sleman,Kab. Sleman,DI Yogyakarta,22.4,29.0,25.2,90.0,34.9,1.1,1.0,0.0,6.600000000000001,60.85000000000005,186.25000000000003,19.8,-2.0,1.2246467991473532e-16,-1.0,0.9066860720977984,0.4218060770826634,1,0,0,0,0,4.1045523,NORMAL
2019-03-08,96855,Stasiun Geofisika Sleman,Kab. Sleman,DI Yogyakarta,22.8,31.2,26.4,88.0,23.266666666666666,0.0,2.0,0.0,8.399999999999999,73.26666666666672,205.51666666666668,-11.633333333333333,1.0,1.2246467991473532e-16,-1.0,0.9138076496466616,0.4061472386305788,1,1,0,0,0,4.096451,NORMAL
2019-03-09,96855,Stasiun Geofisika Sleman,Kab. Sleman,DI Yogyakarta,23.0,32.6,26.9,83.0,11.633333333333336,2.2,2.0,1.0,9.6,69.80000000000005,116.55,-11.63333333333333,0.0,-0.9396926207859084,-0.3420201433256685,0.9206588168102428,0.3903682146763026,1,1,0,0,0,4.1043525,NORMAL
2019-03-10,96855,Stasiun Geofisika Sleman,Kab. Sleman,DI Yogyakarta,23.6,30.0,26.0,86.0,0.0,7.3,2.0,0.0,6.399999999999999,34.90000000000006,102.35,-11.633333333333336,0.0,-0.9396926207859084,-0.3420201433256685,0.9272375462179536,0.374473674486883,1,0,0,0,0,3.6459033,NORMAL
2019-03-11,96855,Stasiun Geofisika Sleman,Kab. Sleman,DI Yogyakarta,23.2,31.0,25.8,88.0,0.5,3.9,2.0,1.0,7.800000000000001,12.133333333333391,96.25,0.5,0.0,-0.3420201433256686,-0.9396926207859084,0.9335418911179212,0.3584683215124808,1,0,0,0,0,3.2731304,NORMAL
2019-03-12,96855,Stasiun Geofisika Sleman,Kab. Sleman,DI Yogyakarta,23.0,31.6,25.7,88.0,1.0,6.4,2.0,0.0,8.600000000000001,1.5000000000000568,86.4,0.5,0.0,0.4999999999999999,0.8660254037844387,0.9395699859530622,0.342356891994542,1,0,0,0,0,3.2829442,NORMAL
2019-03-13,96855,Stasiun Geofisika Sleman,Kab. Sleman,DI Yogyakarta,23.2,32.6,26.0,87.0,3.3,4.0,2.0,0.0,9.400000000000002,4.800000000000057,74.60000000000001,2.3,0.0,-0.3420201433256686,-0.9396926207859084,0.945320046913132,0.3261441535642696,1,0,0,0,0,3.2854528,NORMAL
2019-03-14,96855,Stasiun Geofisika Sleman,Kab. Sleman,DI Yogyakarta,23.4,33.2,27.0,84.0,6.3500000000000005,5.8,2.0,1.0,9.800000000000004,10.650000000000055,46.05000000000002,3.0500000000000007,0.0,1.0,6.123233995736766e-17,0.9507903724625832,0.3098349038318025,1,1,0,0,0,3.302755,NORMAL
2019-03-15,96855,Stasiun Geofisika Sleman,Kab. Sleman,DI Yogyakarta,22.8,31.2,27.0,86.0,9.4,6.9,2.0,0.0,8.399999999999999,19.050000000000058,32.18333333333335,3.05,0.0,-0.3420201433256686,-0.9396926207859084,0.9559793438440766,0.2934339689665273,1,0,0,0,0,3.3322732,NORMAL
2019-03-16,96855,Stasiun Geofisika Sleman,Kab. Sleman,DI Yogyakarta,22.6,30.6,25.4,89.0,40.1,2.8,2.0,0.0,8.0,55.85000000000006,60.65000000000002,30.700000000000003,0.0,-0.3420201433256686,-0.9396926207859084,0.9608854255574976,0.2769462022689364,1,0,0,0,0,3.4600978,NORMAL
2019-03-17,96855,Stasiun Geofisika Sleman,Kab. Sleman,DI Yogyakarta,22.4,27.0,23.5,96.0,17.6,5.6,2.0,0.0,4.600000000000001,67.10000000000005,78.25000000000001,-22.5,0.0,-0.3420201433256686,-0.9396926207859084,0.9655071658143364,0.2603764827344581,1,0,0,0,0,3.511306,NORMAL
2019-03-18,96855,Stasiun Geofisika Sleman,Kab. Sleman,DI Yogyakarta,22.0,29.4,25.8,87.0,170.6,0.0,2.0,1.0,7.399999999999999,228.30000000000004,248.35,153.0,0.0,-0.3420201433256686,-0.9396926207859084,0.969843196967294,0.2437297136096838,1,0,0,0,0,6.78295,WASPADA
2019-03-19,96855,Stasiun Geofisika Sleman,Kab. Sleman,DI Yogyakarta,23.0,30.4,26.3,88.0,0.0,4.4,2.0,0.0,7.399999999999999,188.20000000000005,247.35,-170.6,0.0,-0.3420201433256686,-0.9396926207859084,0.9738922359149924,0.2270108209414184,1,0,0,0,0,9.370359,SIAGA
2019-03-20,96855,Stasiun Geofisika Sleman,Kab. Sleman,DI Yogyakarta,23.8,31.6,26.7,88.0,16.4,0.4,3.0,1.0,7.800000000000001,187.00000000000003,260.45,16.4,1.0,-0.3420201433256686,-0.9396926207859084,0.977653084481664,0.2102247521189836,1,0,0,0,0,9.125926,WASPADA
2019-03-21,96855,Stasiun Geofisika Sleman,Kab. Sleman,DI Yogyakarta,23.8,31.6,27.2,86.0,11.6,4.8,2.0,1.0,7.800000000000001,28.000000000000057,265.7,-4.799999999999999,-1.0,1.2246467991473532e-16,-1.0,0.981124629771712,0.1933764744102058,1,1,0,0,0,9.14881,WASPADA
2019-03-22,96855,Stasiun Geofisika Sleman,Kab. Sleman,DI Yogyakarta,24.0,31.4,26.5,89.0,6.8,5.2,3.0,1.0,7.399999999999999,34.800000000000054,263.1,-4.8,1.0,-0.3420201433256686,-0.9396926207859084,0.984305844499033,0.1764709734915216,1,0,0,0,0,9.18743,SIAGA
2019-03-23,96855,Stasiun Geofisika Sleman,Kab. Sleman,DI Yogyakarta,23.2,30.8,26.3,89.0,45.5,6.2,2.0,1.0,7.600000000000001,63.900000000000055,268.5,38.7,-1.0,-0.3420201433256686,-0.9396926207859084,0.9871957872910084,0.1595132519726365,1,0,0,0,0,9.174112,WASPADA
2019-03-24,96855,Stasiun Geofisika Sleman,Kab. Sleman,DI Yogyakarta,23.2,29.0,25.5,94.0,68.0,6.8,0.0,0.0,5.800000000000001,120.30000000000004,318.9,22.5,-2.0,0.0,1.0,0.9897936029670716,0.1425083279161708,1,0,0,0,0,9.303139,SIAGA
2019-03-25,96855,Stasiun Geofisika Sleman,Kab. Sleman,DI Yogyakarta,24.0,30.6,26.8,90.0,18.4,0.0,2.0,1.0,6.600000000000001,131.90000000000006,166.7,-49.6,2.0,-0.3420201433256686,-0.9396926207859084,0.992098522791769,0.1254612333527364,1,0,0,0,0,9.482064,AWAS
2019-03-26,96855,Stasiun Geofisika Sleman,Kab. Sleman,DI Yogyakarta,24.6,31.2,26.3,90.0,31.9,4.9,2.0,1.0,6.599999999999998,118.30000000000004,198.6,13.5,0.0,1.2246467991473532e-16,-1.0,0.9941098647022418,0.108377012791876,1,1,0,0,0,9.463242,SIAGA
2019-03-27,96855,Stasiun Geofisika Sleman,Kab. Sleman,DI Yogyakarta,24.0,31.5,26.8,88.0,45.4,5.6,2.0,0.0,7.5,95.70000000000005,227.6,13.5,0.0,-0.984807753012208,-0.1736481776669303,0.9958270335100596,0.0912607217293118,1,0,0,0,0,9.471212,SIAGA
2019-03-28,96855,Stasiun Geofisika Sleman,Kab. Sleman,DI Yogyakarta,24.0,31.0,26.8,88.0,22.7,5.2,2.0,1.0,7.0,100.00000000000004,238.7,-22.7,0.0,1.2246467991473532e-16,-1.0,0.9972495210773452,0.0741174251509443,1,1,0,0,0,9.498758,AWAS
2019-03-29,96855,Stasiun Geofisika Sleman,Kab. Sleman,DI Yogyakarta,24.4,31.8,27.3,82.0,0.0,5.1,3.0,1.0,7.400000000000002,68.10000000000005,231.9,-22.7,1.0,-0.7660444431189779,-0.6427876096865395,0.998376906467142,0.0569521960340397,1,0,0,0,0,9.563688,AWAS
2019-03-30,96855,Stasiun Geofisika Sleman,Kab. Sleman,DI Yogyakarta,22.8,31.6,26.5,86.0,0.0,10.4,2.0,1.0,8.8,22.700000000000056,186.4,0.0,-1.0,-0.7660444431189779,-0.6427876096865395,0.9992088560679752,0.0397701138460557,1,0,0,0,0,9.625217,AWAS
2019-03-31,96855,Stasiun Geofisika Sleman,Kab. Sleman,DI Yogyakarta,22.6,32.4,27.0,85.0,0.0,7.3,2.0,1.0,9.799999999999995,0.0,118.4,0.0,0.0,-0.3420201433256686,-0.9396926207859084,0.9997451236925734,0.0225762630415454,1,1,0,0,0,9.719163,AWAS
2019-04-01,96855,Stasiun Geofisika Sleman,Kab. Sleman,DI Yogyakarta,23.8,32.0,27.3,83.0,0.0,8.0,3.0,1.0,8.2,0.0,100.0,0.0,1.0,1.2246467991473532e-16,-1.0,0.9999855506507186,0.0053757315575838,1,0,0,0,0,8.478299,WASPADA
2019-04-02,96855,Stasiun Geofisika Sleman,Kab. Sleman,DI Yogyakarta,22.8,31.4,26.3,86.0,31.6,9.5,2.0,0.0,8.599999999999998,31.60000000000006,99.7,31.6,-1.0,1.2246467991473532e-16,-1.0,0.9999300657962056,-0.0118263906918325,1,0,0,0,0,7.8555117,WASPADA
2019-04-03,96855,Stasiun Geofisika Sleman,Kab. Sleman,DI Yogyakarta,23.4,32.0,27.0,84.0,16.900000000000002,7.4,2.0,0.0,8.600000000000001,48.50000000000006,71.2,-14.7,0.0,1.2246467991473532e-16,-1.0,0.9995786855478958,-0.0290250133219752,1,1,0,0,0,7.843565,WASPADA
2019-04-04,96855,Stasiun Geofisika Sleman,Kab. Sleman,DI Yogyakarta,24.2,32.2,26.9,86.0,2.2,7.5,2.0,1.0,8.000000000000004,50.70000000000006,50.7,-14.700000000000005,0.0,1.2246467991473532e-16,-1.0,0.9989315138848576,-0.0462150469837083,1,0,0,0,0,7.893676,WASPADA
2019-04-05,96855,Stasiun Geofisika Sleman,Kab. Sleman,DI Yogyakarta,24.0,31.8,26.5,88.0,0.5,4.7,2.0,0.0,7.800000000000001,19.60000000000006,51.2,-1.7000000000000002,0.0,-0.3420201433256686,-0.9396926207859084,0.9979887423155984,-0.0633914048695103,1,0,0,0,0,7.9222817,WASPADA
2019-04-06,96855,Stasiun Geofisika Sleman,Kab. Sleman,DI Yogyakarta,23.2,31.0,26.1,90.0,33.4,4.4,2.0,0.0,7.800000000000001,36.10000000000005,84.6,32.9,0.0,-0.3420201433256686,-0.9396926207859084,0.9967506498213928,-0.0805490042187416,1,0,0,0,0,7.9288945,WASPADA
2019-04-07,96855,Stasiun Geofisika Sleman,Kab. Sleman,DI Yogyakarta,23.6,31.8,27.0,85.0,0.0,7.7,2.0,1.0,8.2,33.900000000000055,84.6,-33.4,0.0,-0.3420201433256686,-0.9396926207859084,0.9952176027737294,-0.0976827678217159,1,0,0,0,0,7.9958186,WASPADA
2019-04-08,96855,Stasiun Geofisika Sleman,Kab. Sleman,DI Yogyakarta,24.0,31.8,26.9,87.0,0.0,7.6,2.0,0.0,7.800000000000001,33.400000000000055,84.6,0.0,0.0,1.2246467991473532e-16,-1.0,0.9933900548258936,-0.114787625522127,1,0,0,0,0,7.9736714,WASPADA
2019-04-09,96855,Stasiun Geofisika Sleman,Kab. Sleman,DI Yogyakarta,24.0,31.8,27.3,87.0,0.0,5.4,2.0,1.0,7.800000000000001,0.0,53.00000000000001,0.0,0.0,1.2246467991473532e-16,-1.0,0.9912685467787256,-0.1318585157173911,1,1,0,0,0,7.971855,WASPADA
2019-04-10,96855,Stasiun Geofisika Sleman,Kab. Sleman,DI Yogyakarta,23.8,31.6,27.1,86.0,0.0,6.0,2.0,1.0,7.800000000000001,0.0,36.1,0.0,0.0,-0.3420201433256686,-0.9396926207859084,0.9888537064205885,-0.1488903868564548,1,0,0,0,0,7.9925184,WASPADA
2019-04-11,96855,Stasiun Geofisika Sleman,Kab. Sleman,DI Yogyakarta,24.4,31.0,27.1,87.0,0.0,8.0,2.0,1.0,6.600000000000001,0.0,33.9,0.0,0.0,-0.3420201433256686,-0.9396926207859084,0.986146248341595,-0.1658781989346314,1,0,0,0,0,8.020575,WASPADA
2019-04-12,96855,Stasiun Geofisika Sleman,Kab. Sleman,DI Yogyakarta,22.7,32.6,26.5,84.0,0.0,3.6,2.0,1.0,9.900000000000002,0.0,33.4,0.0,0.0,-2.4492935982947064e-16,1.0,0.98314697372215,-0.1828169249850199,1,1,0,0,0,8.080019,WASPADA
2019-04-13,96855,Stasiun Geofisika Sleman,Kab. Sleman,DI Yogyakarta,23.2,32.6,27.4,88.0,0.0,7.5,2.0,0.0,9.400000000000002,0.0,0.0,0.0,0.0,1.2246467991473532e-16,-1.0,0.9798567700958664,-0.1997015525660636,1,1,0,0,0,8.152042,WASPADA
2019-04-14,96855,Stasiun Geofisika Sleman,Kab. Sleman,DI Yogyakarta,25.0,32.8,28.0,84.0,0.0,0.0,2.0,1.0,7.799999999999997,0.0,0.0,0.0,0.0,-0.3420201433256686,-0.9396926207859084,0.976276611086932,-0.2165270852448143,1,1,0,0,0,8.253379,WASPADA
2019-04-15,96855,Stasiun Geofisika Sleman,Kab. Sleman,DI Yogyakarta,24.4,32.4,27.3,87.0,0.0,2.25,2.0,1.0,8.0,0.0,0.0,0.0,0.0,1.2246467991473532e-16,-1.0,0.9724075561219968,-0.2332885440754551,1,0,0,0,0,8.205462,WASPADA
2019-04-16,96855,Stasiun Geofisika Sleman,Kab. Sleman,DI Yogyakarta,24.0,32.0,26.5,90.0,2.7,4.5,2.0,1.0,8.0,2.700000000000057,2.7,2.7,0.0,-0.3420201433256686,-0.9396926207859084,0.9682507501166718,-0.2499809690726521,1,0,0,0,0,8.220692,WASPADA
2019-04-17,96855,Stasiun Geofisika Sleman,Kab. Sleman,DI Yogyakarta,23.6,33.2,27.2,89.0,15.8,4.2,2.0,0.0,9.6,18.500000000000057,18.5,13.1,0.0,1.2246467991473532e-16,-1.0,0.9638074231367308,-0.2665994206792935,1,0,0,0,0,4.672763,NORMAL
2019-04-18,96855,Stasiun Geofisika Sleman,Kab. Sleman,DI Yogyakarta,24.2,32.8,27.6,86.0,11.9,5.8,2.0,0.0,8.599999999999998,30.400000000000052,30.4,-3.9,0.0,1.2246467991473532e-16,-1.0,0.9590788900341132,-0.2831389812281835,1,0,0,0,0,1.8812165,NORMAL
2019-04-19,96855,Stasiun Geofisika Sleman,Kab. Sleman,DI Yogyakarta,24.4,33.0,28.0,85.0,7.933333333333334,5.0,2.0,0.0,8.600000000000001,35.63333333333339,38.333333333333336,-3.966666666666667,0.0,-0.3420201433256686,-0.9396926207859084,0.9540665500578388,-0.2995947563972602,1,1,0,0,0,1.7801856,NORMAL
2019-04-20,96855,Stasiun Geofisika Sleman,Kab. Sleman,DI Yogyakarta,24.2,33.2,27.7,82.0,3.966666666666667,7.3,2.0,1.0,9.000000000000004,23.800000000000058,42.3,-3.966666666666667,0.0,-0.5000000000000001,-0.8660254037844386,0.9487718864399473,-0.3159618766579029,1,1,0,0,0,1.7919037,NORMAL
2019-04-21,96855,Stasiun Geofisika Sleman,Kab. Sleman,DI Yogyakarta,24.0,33.6,28.0,78.0,0.0,6.3,2.0,2.0,9.6,11.900000000000055,42.3,-3.966666666666667,0.0,0.3420201433256689,-0.9396926207859084,0.9431964659565866,-0.3322354987159043,1,0,0,0,0,1.8181474,NORMAL
2019-04-22,96855,Stasiun Geofisika Sleman,Kab. Sleman,DI Yogyakarta,24.2,32.4,27.4,84.0,0.0,9.2,2.0,1.0,8.2,3.966666666666724,42.3,0.0,0.0,1.2246467991473532e-16,-1.0,0.9373419384643772,-0.3484108069446808,1,0,0,0,0,1.6013197,NORMAL
2019-04-23,96855,Stasiun Geofisika Sleman,Kab. Sleman,DI Yogyakarta,24.6,33.4,28.0,82.0,0.0,7.0,2.0,1.0,8.799999999999997,0.0,39.6,0.0,0.0,1.2246467991473532e-16,-1.0,0.9312100364121948,-0.3644830148102912,1,1,0,0,0,1.2891324,NORMAL
2019-04-24,96855,Stasiun Geofisika Sleman,Kab. Sleman,DI Yogyakarta,25.2,32.2,28.1,83.0,0.0,7.2,2.0,0.0,7.000000000000004,0.0,23.8,0.0,0.0,1.2246467991473532e-16,-1.0,0.9248025743285088,-0.3804473662878516,1,0,0,0,0,1.0109227,NORMAL
2019-04-25,96855,Stasiun Geofisika Sleman,Kab. Sleman,DI Yogyakarta,25.2,32.8,28.5,80.0,1.0,3.9,2.0,1.0,7.599999999999998,1.0000000000000568,12.9,1.0,0.0,-0.3420201433256686,-0.9396926207859084,0.9181214482844364,-0.3962991372689181,1,0,0,0,0,0.9301954,NORMAL
2019-04-26,96855,Stasiun Geofisika Sleman,Kab. Sleman,DI Yogyakarta,23.6,33.0,27.3,83.0,0.0,6.9,2.0,0.0,9.4,1.0000000000000568,4.966666666666667,-1.0,0.0,1.2246467991473532e-16,-1.0,0.9111686353326632,-0.4120336369594263,1,0,0,0,0,0.804879,NORMAL
2019-04-27,96855,Stasiun Geofisika Sleman,Kab. Sleman,DI Yogyakarta,22.8,32.6,26.7,83.0,0.0,9.9,2.0,0.0,9.8,1.0000000000000568,1.0,0.0,0.0,1.2246467991473532e-16,-1.0,0.9039461929224012,-0.4276462092677746,1,0,0,0,0,0.7046502,NORMAL
2019-04-28,96855,Stasiun Geofisika Sleman,Kab. Sleman,DI Yogyakarta,23.4,34.0,26.5,87.0,0.0,8.0,2.0,0.0,10.6,0.0,1.0,0.0,0.0,1.2246467991473532e-16,-1.0,0.8964562582905575,-0.4431322341826345,1,0,0,0,0,0.6290707,NORMAL
2019-04-29,96855,Stasiun Geofisika Sleman,Kab. Sleman,DI Yogyakarta,24.0,33.2,27.6,84.0,0.2,5.6,2.0,1.0,9.200000000000005,0.2000000000000568,1.2,0.2,0.0,0.984807753012208,-0.1736481776669303,0.8887010478292915,-0.4584871291400876,1,0,0,0,0,0.6192811,NORMAL
2019-04-30,96855,Stasiun Geofisika Sleman,Kab. Sleman,DI Yogyakarta,24.0,32.8,27.4,83.0,0.1,6.4,2.0,1.0,8.799999999999997,0.3000000000000569,1.3,-0.1,0.0,0.3420201433256687,0.9396926207859084,0.8806828564301475,-0.47370635037968,1,1,0,0,0,0.6244966,NORMAL
2019-05-01,96855,Stasiun Geofisika Sleman,Kab. Sleman,DI Yogyakarta,23.6,32.8,26.8,86.0,0.0,7.4,2.0,1.0,9.199999999999996,0.3000000000000569,1.3,-0.1,0.0,-0.9396926207859084,-0.3420201433256685,0.8724040568049612,-0.4887853942889926,1,0,0,0,0,0.6213094,NORMAL
2019-05-02,96855,Stasiun Geofisika Sleman,Kab. Sleman,DI Yogyakarta,23.8,32.0,26.8,86.0,0.0,9.0,2.0,1.0,8.2,0.1000000000000568,0.3,0.0,0.0,1.2246467991473532e-16,-1.0,0.8638670987837349,-0.503719798736334,1,0,0,0,0,0.48723158,NORMAL
2019-05-03,96855,Stasiun Geofisika Sleman,Kab. Sleman,DI Yogyakarta,24.0,32.6,27.7,82.0,0.0,8.4,2.0,1.0,8.600000000000001,0.0,0.3,0.0,0.0,1.2246467991473532e-16,-1.0,0.8550745085896932,-0.518505144391157,1,1,0,0,0,0.45775846,NORMAL
2019-05-04,96855,Stasiun Geofisika Sleman,Kab. Sleman,DI Yogyakarta,23.0,32.8,27.2,82.0,0.0,7.5,2.0,1.0,9.799999999999995,0.0,0.3,0.0,0.0,-0.3420201433256686,-0.9396926207859084,0.8460288880917339,-0.533137056031809,1,1,0,0,0,0.4348242,NORMAL
2019-05-05,96855,Stasiun Geofisika Sleman,Kab. Sleman,DI Yogyakarta,23.0,32.0,26.6,87.0,0.0,9.5,2.0,1.0,9.0,0.0,0.3,0.0,0.0,-0.3420201433256686,-0.9396926207859084,0.8367329140344921,-0.5476112038402312,1,1,0,0,0,0.43810433,NORMAL
2019-05-06,96855,Stasiun Geofisika Sleman,Kab. Sleman,DI Yogyakarta,24.0,33.4,26.6,86.0,0.0,9.3,3.0,1.0,9.4,0.0,0.1,0.0,1.0,-1.0,-1.8369701987210294e-16,0.8271893372462497,-0.5619233046832195,1,0,0,0,0,0.30117863,NORMAL
2019-05-07,96855,Stasiun Geofisika Sleman,Kab. Sleman,DI Yogyakarta,23.0,33.4,26.8,82.0,0.0,8.3,2.0,1.0,10.4,0.0,0.0,0.0,-1.0,-0.3420201433256686,-0.9396926207859084,0.8174009818249189,-0.5760691233798758,1,1,0,0,0,0.1988462,NORMAL
2019-05-08,96855,Stasiun Geofisika Sleman,Kab. Sleman,DI Yogyakarta,24.0,33.2,27.6,81.0,0.0,6.7,2.0,1.0,9.200000000000005,0.0,0.0,0.0,0.0,1.2246467991473532e-16,-1.0,0.8073707443023492,-0.5900444739548627,1,1,0,0,0,0.19901532,NORMAL
2019-05-09,96855,Stasiun Geofisika Sleman,Kab. Sleman,DI Yogyakarta,24.0,31.0,27.0,83.0,0.0,9.1,2.0,1.0,7.0,0.0,0.0,0.0,0.0,1.0,6.123233995736766e-17,0.7971015927871943,-0.6038452208771035,1,0,0,0,0,0.20220244,NORMAL
2019-05-10,96855,Stasiun Geofisika Sleman,Kab. Sleman,DI Yogyakarta,22.0,33.0,26.8,81.0,0.0,3.2,2.0,0.0,11.0,0.0,0.0,0.0,0.0,-0.3420201433256686,-0.9396926207859084,0.7865965660866021,-0.6174672802835514,1,1,0,0,0,0.20532899,NORMAL
2019-05-11,96855,Stasiun Geofisika Sleman,Kab. Sleman,DI Yogyakarta,22.0,33.2,26.8,81.0,0.0,4.9,2.0,1.0,11.200000000000005,0.0,0.0,0.0,0.0,-0.3420201433256686,-0.9396926207859084,0.7758587728069828,-0.6309066211876704,1,1,0,0,0,0.20348848,NORMAL
2019-05-12,96855,Stasiun Geofisika Sleman,Kab. Sleman,DI Yogyakarta,22.0,32.6,26.6,82.0,0.0,6.8,2.0,0.0,10.6,0.0,0.0,0.0,0.0,-0.3420201433256686,-0.9396926207859084,0.7648913904341226,-0.6441592666722685,1,1,0,0,0,0.19358835,NORMAL
2019-05-13,96855,Stasiun Geofisika Sleman,Kab. Sleman,DI Yogyakarta,22.0,32.6,26.5,80.0,0.0,7.3,2.0,1.0,10.6,0.0,0.0,0.0,0.0,1.2246467991473532e-16,-1.0,0.753697664392914,-0.6572212950663319,1,1,0,0,0,0.19200975,NORMAL
2019-05-14,96855,Stasiun Geofisika Sleman,Kab. Sleman,DI Yogyakarta,23.0,33.2,26.9,83.0,0.0,8.8,2.0,1.0,10.200000000000005,0.0,0.0,0.0,0.0,-2.4492935982947064e-16,1.0,0.742280907086982,-0.6700888411055113,1,0,0,0,0,0.18898895,NORMAL
2019-05-15,96855,Stasiun Geofisika Sleman,Kab. Sleman,DI Yogyakarta,24.0,33.2,27.8,81.0,0.0,6.9,2.0,0.0,9.200000000000005,0.0,0.0,0.0,0.0,-0.984807753012208,-0.1736481776669303,0.7306444969184916,-0.6827580970759147,1,0,0,0,0,0.18799126,NORMAL
2019-05-16,96855,Stasiun Geofisika Sleman,Kab. Sleman,DI Yogyakarta,24.0,33.2,26.8,82.0,0.0,7.2,2.0,1.0,9.200000000000005,0.0,0.0,0.0,0.0,1.2246467991473532e-16,-1.0,0.7187918772884232,-0.6952253139408722,1,0,0,0,0,0.18769264,NORMAL
2019-05-17,96855,Stasiun Geofisika Sleman,Kab. Sleman,DI Yogyakarta,22.0,31.8,25.8,82.0,0.0,6.6,2.0,1.0,9.8,0.0,0.0,0.0,0.0,-0.3420201433256686,-0.9396926207859084,0.7067265555776158,-0.7074868024503348,1,0,0,0,0,0.1641231,NORMAL
2019-05-18,96855,Stasiun Geofisika Sleman,Kab. Sleman,DI Yogyakarta,21.0,31.8,25.2,80.0,0.0,6.7,2.0,1.0,10.8,0.0,0.0,0.0,0.0,-0.6427876096865393,-0.766044443118978,0.6944521021088763,-0.719538934232584,1,0,0,0,0,0.15806969,NORMAL
2019-05-19,96855,Stasiun Geofisika Sleman,Kab. Sleman,DI Yogyakarta,21.0,31.8,25.7,81.0,0.0,7.2,2.0,1.0,10.8,0.0,0.0,0.0,0.0,-0.5000000000000001,-0.8660254037844386,0.6819721490904629,-0.7313781428679254,1,1,0,0,0,0.15211332,NORMAL
2019-05-20,96855,Stasiun Geofisika Sleman,Kab. Sleman,DI Yogyakarta,22.0,32.8,26.6,82.0,0.0,9.3,2.0,1.0,10.799999999999995,0.0,0.0,0.0,0.0,-0.3420201433256686,-0.9396926207859084,0.6692903895412567,-0.7430009249440493,1,0,0,0,0,0.14636397,NORMAL
2019-05-21,96855,Stasiun Geofisika Sleman,Kab. Sleman,DI Yogyakarta,23.0,32.8,26.6,82.0,0.0,7.7,2.0,1.0,9.799999999999995,0.0,0.0,0.0,0.0,1.2246467991473532e-16,-1.0,0.6564105761979381,-0.7544038410927472,1,0,0,0,0,0.13217163,NORMAL
2019-05-22,96855,Stasiun Geofisika Sleman,Kab. Sleman,DI Yogyakarta,23.0,35.2,27.2,78.0,0.0,8.8,2.0,1.0,12.200000000000005,0.0,0.0,0.0,0.0,-0.984807753012208,0.1736481776669299,0.6433365204044917,-0.765583517007675,1,0,0,0,0,0.13950138,NORMAL
2019-05-23,96855,Stasiun Geofisika Sleman,Kab. Sleman,DI Yogyakarta,23.0,32.6,26.5,84.0,0.0,7.9,2.0,1.0,9.6,0.0,0.0,0.0,0.0,1.0,6.123233995736766e-17,0.6300720909843687,-0.7765366444428655,1,0,0,0,0,0.14022046,NORMAL
2019-05-24,96855,Stasiun Geofisika Sleman,Kab. Sleman,DI Yogyakarta,23.0,34.2,26.9,80.0,0.0,7.2,2.0,1.0,11.200000000000005,0.0,0.0,0.0,0.0,1.2246467991473532e-16,-1.0,0.6166212130956382,-0.7872599821916922,1,1,0,0,0,0.14254758,NORMAL
2019-05-25,96855,Stasiun Geofisika Sleman,Kab. Sleman,DI Yogyakarta,22.0,32.6,26.2,78.0,0.0,7.3,2.0,1.0,10.6,0.0,0.0,0.0,0.0,-0.9396926207859084,0.342020143325669,0.6029878670694714,-0.7977503570459932,1,0,0,0,0,0.14383952,NORMAL
2019-05-26,96855,Stasiun Geofisika Sleman,Kab. Sleman,DI Yogyakarta,23.0,32.2,26.1,83.0,0.0,7.8,3.0,1.0,9.200000000000005,0.0,0.0,0.0,1.0,-0.6427876096865393,-0.766044443118978,0.5891760872322963,-0.8080046647350754,1,0,0,0,0,0.14933914,NORMAL
2019-05-27,96855,Stasiun Geofisika Sleman,Kab. Sleman,DI Yogyakarta,23.0,32.0,27.1,83.0,0.4,7.5,2.0,0.0,9.0,0.4000000000000568,0.4,0.4,-1.0,-0.3420201433256686,-0.9396926207859084,0.5751899607119775,-0.8180198708443175,1,1,0,0,0,0.15433893,NORMAL
2019-05-28,96855,Stasiun Geofisika Sleman,Kab. Sleman,DI Yogyakarta,23.0,33.0,26.8,84.0,0.8,4.5,1.0,0.0,10.0,1.200000000000057,1.2000000000000002,0.4,-1.0,-0.3420201433256686,-0.9396926207859084,0.5610336262283677,-0.8277930117131022,1,0,0,0,0,0.16316251,NORMAL
2019-05-29,96855,Stasiun Geofisika Sleman,Kab. Sleman,DI Yogyakarta,23.0,32.8,26.9,82.0,0.0,7.8,2.0,1.0,9.799999999999995,1.200000000000057,1.2000000000000002,-0.8,1.0,-0.984807753012208,-0.1736481776669303,0.5467112728685939,-0.8373211953118121,1,0,0,0,0,0.1649358,NORMAL
2019-05-30,96855,Stasiun Geofisika Sleman,Kab. Sleman,DI Yogyakarta,23.0,33.0,26.7,80.0,0.0,7.5,3.0,1.0,10.0,0.8000000000000569,1.2000000000000002,0.0,1.0,-0.3420201433256686,-0.9396926207859084,0.5322271388474397,-0.8466016020976267,1,0,0,0,0,0.1613764,NORMAL
2019-05-31,96855,Stasiun Geofisika Sleman,Kab. Sleman,DI Yogyakarta,22.0,31.8,25.5,83.0,0.0,7.6,2.0,1.0,9.8,0.0,1.2000000000000002,0.0,-1.0,-0.7660444431189779,-0.6427876096865395,0.5175855102531889,-0.8556314858488706,1,0,0,0,0,0.16371489,NORMAL
2019-06-01,96855,Stasiun Geofisika Sleman,Kab. Sleman,DI Yogyakarta,21.0,30.6,25.0,84.0,0.0,5.3,2.0,1.0,9.6,0.0,1.2000000000000002,0.0,0.0,-0.9396926207859084,-0.3420201433256685,0.5027907197793043,-0.8644081744776648,1,1,0,0,0,0.16737103,NORMAL
2019-06-02,96855,Stasiun Geofisika Sleman,Kab. Sleman,DI Yogyakarta,22.0,30.8,25.0,84.0,0.0,4.6,2.0,1.0,8.8,0.0,1.2000000000000002,0.0,0.0,-0.3420201433256686,-0.9396926207859084,0.4878471454423119,-0.8729290708206411,1,0,0,0,0,0.16666766,NORMAL
2019-06-03,96855,Stasiun Geofisika Sleman,Kab. Sleman,DI Yogyakarta,22.0,30.2,25.6,85.0,0.0,3.7,2.0,0.0,8.2,0.0,0.8,0.0,0.0,-0.9396926207859084,-0.3420201433256685,0.4727592092862775,-0.881191653407483,1,1,0,0,0,0.17286216,NORMAL
2019-06-04,96855,Stasiun Geofisika Sleman,Kab. Sleman,DI Yogyakarta,22.0,31.4,26.1,82.0,0.0,0.2,2.0,0.0,9.4,0.0,0.0,0.0,0.0,-0.9396926207859084,-0.3420201433256685,0.4575313760742512,-0.8891934772070711,1,0,0,0,0,0.18084265,NORMAL
2019-06-05,96855,Stasiun Geofisika Sleman,Kab. Sleman,DI Yogyakarta,22.0,31.0,25.8,86.0,0.0,5.0,2.0,1.0,9.0,0.0,0.0,0.0,0.0,-0.3420201433256686,-0.9396926207859084,0.442168151967072,-0.8969321743510065,1,0,0,0,0,0.17471717,NORMAL
2019-06-06,96855,Stasiun Geofisika Sleman,Kab. Sleman,DI Yogyakarta,22.0,32.0,25.6,87.0,0.0,4.9,2.0,1.0,10.0,0.0,0.0,0.0,0.0,-0.7660444431189779,-0.6427876096865395,0.4266740831899246,-0.9044054548343,1,1,0,0,0,0.17410819,NORMAL
2019-06-07,96855,Stasiun Geofisika Sleman,Kab. Sleman,DI Yogyakarta,22.0,29.0,25.3,88.0,0.0,8.2,2.0,1.0,7.0,0.0,0.0,0.0,0.0,-0.9396926207859084,-0.3420201433256685,0.4110537546870351,-0.911611107193024,1,0,0,0,0,0.18006578,NORMAL
2019-06-08,96855,Stasiun Geofisika Sleman,Kab. Sleman,DI Yogyakarta,21.0,30.2,24.7,84.0,0.0,1.0,3.0,1.0,9.2,0.0,0.0,0.0,1.0,-0.5000000000000001,-0.8660254037844386,0.3953117887649151,-0.9185469991587164,1,0,0,0,0,0.18272552,NORMAL
2019-06-09,96855,Stasiun Geofisika Sleman,Kab. Sleman,DI Yogyakarta,21.0,30.2,25.3,83.0,0.0,6.3,3.0,1.0,9.2,0.0,0.0,0.0,0.0,-0.3420201433256686,-0.9396926207859084,0.3794528437245443,-0.925211078289358,1,0,0,0,0,0.1849148,NORMAL
2019-06-10,96855,Stasiun Geofisika Sleman,Kab. Sleman,DI Yogyakarta,22.0,31.6,25.5,86.0,0.0,4.9,2.0,0.0,9.6,0.0,0.0,0.0,-1.0,-0.3420201433256686,-0.9396926207859084,0.3634816124829063,-0.9316013725767188,1,0,0,0,0,0.18658254,NORMAL
2019-06-11,96855,Stasiun Geofisika Sleman,Kab. Sleman,DI Yogyakarta,23.0,33.0,26.3,79.0,0.0,7.4,2.0,1.0,10.0,0.0,0.0,0.0,0.0,-0.3420201433256686,-0.9396926207859084,0.3474028211842774,-0.9377159910299092,1,0,0,0,0,0.18938011,NORMAL
2019-06-12,96855,Stasiun Geofisika Sleman,Kab. Sleman,DI Yogyakarta,21.0,32.0,25.3,81.0,0.0,6.6,2.0,1.0,11.0,0.0,0.0,0.0,0.0,-0.6427876096865393,-0.766044443118978,0.3312212278016865,-0.9435531242349544,1,0,0,0,0,0.18903954,NORMAL
2019-06-13,96855,Stasiun Geofisika Sleman,Kab. Sleman,DI Yogyakarta,22.0,31.2,26.1,83.0,0.0,6.9,2.0,1.0,9.2,0.0,0.0,0.0,0.0,-0.8660254037844384,-0.5000000000000004,0.3149416207289519,-0.9491110448902284,1,0,0,0,0,0.18032452,NORMAL
2019-06-14,96855,Stasiun Geofisika Sleman,Kab. Sleman,DI Yogyakarta,24.0,29.8,26.1,86.0,0.0,6.6,2.0,1.0,5.800000000000001,0.0,0.0,0.0,0.0,-0.8660254037844384,-0.5000000000000004,0.2985688173637202,-0.9543881083175908,1,0,0,0,0,0.18258634,NORMAL
2019-06-15,96855,Stasiun Geofisika Sleman,Kab. Sleman,DI Yogyakarta,24.0,32.2,27.0,82.0,1.0,1.6,2.0,1.0,8.200000000000003,1.0000000000000568,1.0,1.0,0.0,-0.5000000000000001,-0.8660254037844386,0.2821076626819194,-0.9593827529490744,1,0,0,0,0,0.1849037,NORMAL
2019-06-16,96855,Stasiun Geofisika Sleman,Kab. Sleman,DI Yogyakarta,23.0,32.0,25.9,78.0,0.0,4.6,2.0,0.0,9.0,1.0000000000000568,1.0,-1.0,0.0,-0.3420201433256686,-0.9396926207859084,0.2655630278040559,-0.9640935007889756,1,0,0,0,0,0.18544008,NORMAL
2019-06-17,96855,Stasiun Geofisika Sleman,Kab. Sleman,DI Yogyakarta,20.0,32.2,24.4,79.0,0.0,9.1,2.0,0.0,12.200000000000005,1.0000000000000568,1.0,0.0,0.0,1.2246467991473532e-16,-1.0,0.2489398085537665,-0.9685189578512204,1,1,0,0,0,0.1879516,NORMAL
2019-06-18,96855,Stasiun Geofisika Sleman,Kab. Sleman,DI Yogyakarta,20.0,30.8,24.0,82.0,0.0,9.3,2.0,1.0,10.8,0.0,1.0,0.0,0.0,1.2246467991473532e-16,-1.0,0.2322429240090701,-0.9726578145718654,1,0,0,0,0,0.18780202,NORMAL
2019-06-19,96855,Stasiun Geofisika Sleman,Kab. Sleman,DI Yogyakarta,20.0,30.4,23.9,82.0,0.0,7.9,2.0,1.0,10.4,0.0,1.0,0.0,0.0,-0.8660254037844384,-0.5000000000000004,0.2154773150467301,-0.976508846196619,1,1,0,0,0,0.18933934,NORMAL
2019-06-20,96855,Stasiun Geofisika Sleman,Kab. Sleman,DI Yogyakarta,19.0,30.2,23.0,80.0,0.0,8.5,2.0,1.0,11.2,0.0,1.0,0.0,0.0,-0.9396926207859084,-0.3420201433256685,0.1986479428801711,-0.9800709131432666,1,0,0,0,0,0.19631223,NORMAL
2019-06-21,96855,Stasiun Geofisika Sleman,Kab. Sleman,DI Yogyakarta,19.0,30.0,22.6,84.0,0.0,9.2,2.0,1.0,11.0,0.0,1.0,0.0,0.0,-0.3420201433256686,0.9396926207859084,0.1817597875913753,-0.9833429613388902,1,0,0,0,0,0.19705032,NORMAL
2019-06-22,96855,Stasiun Geofisika Sleman,Kab. Sleman,DI Yogyakarta,18.0,29.2,22.8,82.0,0.0,7.15,2.0,1.0,11.2,0.0,0.0,0.0,0.0,-0.8660254037844384,-0.5000000000000004,0.1648178466571979,-0.9863240225317866,1,0,0,0,0,0.19956848,NORMAL
2019-06-23,96855,Stasiun Geofisika Sleman,Kab. Sleman,DI Yogyakarta,19.0,29.8,23.3,86.0,0.0,5.1,2.0,1.0,10.8,0.0,0.0,0.0,0.0,-0.3420201433256686,-0.9396926207859084,0.1478271334705304,-0.9890132145779884,1,0,0,0,0,0.19747639,NORMAL
2019-06-24,96855,Stasiun Geofisika Sleman,Kab. Sleman,DI Yogyakarta,19.0,31.2,24.0,82.0,0.0,7.1,2.0,1.0,12.2,0.0,0.0,0.0,0.0,0.984807753012208,-0.1736481776669303,0.1307926758567592,-0.9914097417023038,1,0,0,0,0,0.19595982,NORMAL
2019-06-25,96855,Stasiun Geofisika Sleman,Kab. Sleman,DI Yogyakarta,19.0,31.0,23.7,83.0,0.0,8.1,3.0,1.0,12.0,0.0,0.0,0.0,1.0,-0.984807753012208,-0.1736481776669303,0.1137195145859496,-0.9935128947338008,1,0,0,0,0,0.20109063,NORMAL
2019-06-26,96855,Stasiun Geofisika Sleman,Kab. Sleman,DI Yogyakarta,19.0,31.0,23.8,85.0,0.0,7.3,3.0,1.0,12.0,0.0,0.0,0.0,0.0,-0.984807753012208,-0.1736481776669303,0.0966127018812031,-0.9953220513156602,1,0,0,0,0,0.20720157,NORMAL
2019-06-27,96855,Stasiun Geofisika Sleman,Kab. Sleman,DI Yogyakarta,20.0,29.2,24.0,82.0,0.0,7.2,2.0,1.0,9.2,0.0,0.0,0.0,-1.0,-0.3420201433256686,-0.9396926207859084,0.0794772999236209,-0.9968366760893436,1,0,0,0,0,0.20396629,NORMAL
2019-06-28,96855,Stasiun Geofisika Sleman,Kab. Sleman,DI Yogyakarta,19.0,30.4,23.3,79.0,0.0,3.3,2.0,1.0,11.4,0.0,0.0,0.0,0.0,-0.3420201433256686,-0.9396926207859084,0.062318379354325,-0.998056320853012,1,0,0,0,0,0.20168523,NORMAL
2019-06-29,96855,Stasiun Geofisika Sleman,Kab. Sleman,DI Yogyakarta,19.0,32.0,23.5,76.0,0.0,9.4,2.0,1.0,13.0,0.0,0.0,0.0,0.0,-0.6427876096865393,-0.766044443118978,0.0451410177739719,-0.998980624694158,1,0,0,0,0,0.20387913,NORMAL
2019-06-30,96855,Stasiun Geofisika Sleman,Kab. Sleman,DI Yogyakarta,19.0,29.8,23.4,78.0,0.0,9.4,2.0,1.0,10.8,0.0,0.0,0.0,0.0,-0.5000000000000001,-0.8660254037844386,0.0279502982402103,-0.999609314096404,1,0,0,0,0,0.20326664,NORMAL
2019-07-01,96855,Stasiun Geofisika Sleman,Kab. Sleman,DI Yogyakarta,18.0,29.6,22.8,80.0,0.0,8.4,2.0,1.0,11.6,0.0,0.0,0.0,0.0,-0.3420201433256686,-0.9396926207859084,0.0107513077635219,-0.9999422030204416,1,0,0,0,0,0.20538075,NORMAL
2019-07-02,96855,Stasiun Geofisika Sleman,Kab. Sleman,DI Yogyakarta,19.0,30.2,23.6,82.0,0.0,8.8,2.0,1.0,11.2,0.0,0.0,0.0,0.0,1.2246467991473532e-16,-1.0,-0.0064508641981051,-0.9999791929590824,1,1,0,0,0,0.20689581,NORMAL
2019-07-03,96855,Stasiun Geofisika Sleman,Kab. Sleman,DI Yogyakarta,19.0,31.4,25.3,83.0,0.0,8.2,2.0,1.0,12.4,0.0,0.0,0.0,0.0,0.984807753012208,-0.1736481776669303,-0.0236511272452315,-0.9997202729664084,1,0,0,0,0,0.21205838,NORMAL
2019-07-04,96855,Stasiun Geofisika Sleman,Kab. Sleman,DI Yogyakarta,21.0,30.0,25.0,85.0,0.0,7.6,2.0,0.0,9.0,0.0,0.0,0.0,0.0,-0.5000000000000001,-0.8660254037844386,-0.0408443915432961,-0.9991655196610107,1,1,0,0,0,0.21230797,NORMAL
2019-07-05,96855,Stasiun Geofisika Sleman,Kab. Sleman,DI Yogyakarta,22.0,31.0,26.1,84.0,0.0,5.5,2.0,1.0,9.0,0.0,0.0,0.0,0.0,1.2246467991473532e-16,-1.0,-0.0580255693287803,-0.9983150972033183,1,0,0,0,0,0.21353765,NORMAL
2019-07-06,96855,Stasiun Geofisika Sleman,Kab. Sleman,DI Yogyakarta,22.0,31.2,24.9,82.0,0.0,4.1,2.0,1.0,9.2,0.0,0.0,0.0,0.0,-0.3420201433256686,-0.9396926207859084,-0.0751895764147585,-0.9971692572470178,1,0,0,0,0,0.21322392,NORMAL
2019-07-07,96855,Stasiun Geofisika Sleman,Kab. Sleman,DI Yogyakarta,21.0,31.0,25.0,82.0,0.0,8.5,2.0,1.0,10.0,0.0,0.0,0.0,0.0,-0.9396926207859084,-0.3420201433256685,-0.0923313336953912,-0.9957283388645872,1,0,0,0,0,0.21108656,NORMAL
2019-07-08,96855,Stasiun Geofisika Sleman,Kab. Sleman,DI Yogyakarta,21.0,31.4,24.6,82.0,0.0,7.7,2.0,1.0,10.4,0.0,0.0,0.0,0.0,-0.984807753012208,-0.1736481776669303,-0.1094457686489155,-0.993992768446958,1,0,0,0,0,0.20658623,NORMAL
2019-07-09,96855,Stasiun Geofisika Sleman,Kab. Sleman,DI Yogyakarta,20.0,31.6,23.8,77.0,0.0,7.5,4.0,1.0,11.6,0.0,0.0,0.0,2.0,-0.7660444431189779,-0.6427876096865395,-0.1265278168386831,-0.9919630595773395,1,1,0,0,0,0.22871193,NORMAL
2019-07-10,96855,Stasiun Geofisika Sleman,Kab. Sleman,DI Yogyakarta,19.0,32.0,23.7,76.0,0.0,9.2,2.0,1.0,13.0,0.0,0.0,0.0,-2.0,-0.984807753012208,0.1736481776669299,-0.1435724234118113,-0.9896398128792412,1,0,0,0,0,0.24956416,NORMAL
2019-07-11,96855,Stasiun Geofisika Sleman,Kab. Sleman,DI Yogyakarta,19.0,31.0,24.0,81.0,0.0,9.3,2.0,0.0,12.0,0.0,0.0,0.0,0.0,-0.3420201433256686,-0.9396926207859084,-0.1605745445949937,-0.9870237158387384,1,0,0,0,0,0.2519918,NORMAL
2019-07-12,96855,Stasiun Geofisika Sleman,Kab. Sleman,DI Yogyakarta,19.0,30.2,23.7,84.0,0.0,7.0,2.0,1.0,11.2,0.0,0.0,0.0,0.0,-0.3420201433256686,-0.9396926207859084,-0.1775291491870349,-0.984115542601034,1,0,0,0,0,0.25161645,NORMAL
2019-07-13,96855,Stasiun Geofisika Sleman,Kab. Sleman,DI Yogyakarta,18.5,31.4,23.9,78.0,0.0,5.6,2.0,1.0,12.9,0.0,0.0,0.0,0.0,-0.7660444431189779,-0.6427876096865395,-0.1944312200476619,-0.9809161537413774,1,0,0,0,0,0.25777295,NORMAL
2019-07-14,96855,Stasiun Geofisika Sleman,Kab. Sleman,DI Yogyakarta,18.0,30.8,22.9,76.0,0.0,7.8,3.0,1.0,12.8,0.0,0.0,0.0,1.0,-0.6427876096865393,-0.766044443118978,-0.2112757555821793,-0.9774264960104057,1,0,0,0,0,0.26743677,NORMAL
2019-07-15,96855,Stasiun Geofisika Sleman,Kab. Sleman,DI Yogyakarta,18.0,31.0,23.4,78.0,0.0,9.4,2.0,1.0,13.0,0.0,0.0,0.0,-1.0,-0.3420201433256686,-0.9396926207859084,-0.2280577712215198,-0.9736476020539838,1,0,0,0,0,0.27782342,NORMAL
2019-07-16,96855,Stasiun Geofisika Sleman,Kab. Sleman,DI Yogyakarta,19.0,30.4,23.2,78.0,0.0,8.3,2.0,1.0,11.4,0.0,0.0,0.0,0.0,1.0,6.123233995736766e-17,-0.2447723008972595,-0.9695805901076308,1,0,0,0,0,0.2902089,NORMAL
2019-07-17,96855,Stasiun Geofisika Sleman,Kab. Sleman,DI Yogyakarta,19.0,30.4,23.6,78.0,0.0,7.7,2.0,1.0,11.4,0.0,0.0,0.0,0.0,0.766044443118978,-0.6427876096865394,-0.2614143985111562,-0.965226663665613,1,0,0,0,0,0.29284683,NORMAL
2019-07-18,96855,Stasiun Geofisika Sleman,Kab. Sleman,DI Yogyakarta,20.0,30.0,24.4,82.0,0.0,8.2,2.0,1.0,10.0,0.0,0.0,0.0,0.0,1.2246467991473532e-16,-1.0,-0.2779791393987801,-0.9605871111248128,1,1,0,0,0,0.29309896,NORMAL
2019-07-19,96855,Stasiun Geofisika Sleman,Kab. Sleman,DI Yogyakarta,21.0,30.2,24.5,85.0,0.0,8.2,2.0,1.0,9.2,0.0,0.0,0.0,0.0,-0.3420201433256686,-0.9396926207859084,-0.2944616217868012,-0.9556633054034704,1,0,0,0,0,0.29294527,NORMAL
2019-07-20,96855,Stasiun Geofisika Sleman,Kab. Sleman,DI Yogyakarta,21.0,28.0,25.0,86.0,0.0,0.6,2.0,1.0,7.0,0.0,0.0,0.0,0.0,1.2246467991473532e-16,-1.0,-0.3108569682435036,-0.9504567035349152,1,0,0,0,0,0.29459482,NORMAL
2019-07-21,96855,Stasiun Geofisika Sleman,Kab. Sleman,DI Yogyakarta,22.0,29.6,25.7,82.0,0.0,0.3,2.0,1.0,7.600000000000001,0.0,0.0,0.0,0.0,-0.9396926207859084,-0.3420201433256685,-0.3271603271220951,-0.9449688462364056,1,1,0,0,0,0.28862795,NORMAL
2019-07-22,96855,Stasiun Geofisika Sleman,Kab. Sleman,DI Yogyakarta,21.0,30.2,24.5,82.0,0.0,4.2,2.0,1.0,9.2,0.0,0.0,0.0,0.0,-0.3420201433256686,-0.9396926207859084,-0.343366873996388,-0.939201357453208,1,0,0,0,0,0.2789635,NORMAL
2019-07-23,96855,Stasiun Geofisika Sleman,Kab. Sleman,DI Yogyakarta,21.0,30.4,24.6,84.0,0.0,8.6,2.0,1.0,9.4,0.0,0.0,0.0,0.0,-0.3420201433256686,-0.9396926207859084,-0.3594718130884232,-0.9331559438780432,1,1,0,0,0,0.27572992,NORMAL
2019-07-24,96855,Stasiun Geofisika Sleman,Kab. Sleman,DI Yogyakarta,21.0,30.4,25.3,81.0,0.0,8.2,2.0,1.0,9.4,0.0,0.0,0.0,0.0,-0.9396926207859084,-0.3420201433256685,-0.3754703786876202,-0.9268343944460494,1,0,0,0,0,0.27068463,NORMAL
2019-07-25,96855,Stasiun Geofisika Sleman,Kab. Sleman,DI Yogyakarta,20.0,31.0,24.4,79.0,0.0,7.2,2.0,1.0,11.0,0.0,0.0,0.0,0.0,-0.3420201433256686,-0.9396926207859084,-0.3913578365610259,-0.9202385798054076,1,1,0,0,0,0.2609809,NORMAL
2019-07-26,96855,Stasiun Geofisika Sleman,Kab. Sleman,DI Yogyakarta,20.0,30.4,24.9,81.0,0.0,8.6,2.0,1.0,10.4,0.0,0.0,0.0,0.0,-0.3420201433256686,-0.9396926207859084,-0.4071294853542516,-0.9133704517637858,1,0,0,0,0,0.25262877,NORMAL
2019-07-27,96855,Stasiun Geofisika Sleman,Kab. Sleman,DI Yogyakarta,22.0,28.4,24.3,85.0,0.0,6.1,2.0,1.0,6.399999999999999,0.0,0.0,0.0,0.0,1.2246467991473532e-16,-1.0,-0.4227806579826773,-0.9062320427107696,1,0,0,0,0,0.2512037,NORMAL
2019-07-28,96855,Stasiun Geofisika Sleman,Kab. Sleman,DI Yogyakarta,20.0,28.8,23.3,83.0,0.0,3.3,2.0,1.0,8.8,0.0,0.0,0.0,0.0,-0.3420201433256686,-0.9396926207859084,-0.4383067230125192,-0.898825465016444,1,0,0,0,0,0.24725212,NORMAL
2019-07-29,96855,Stasiun Geofisika Sleman,Kab. Sleman,DI Yogyakarta,20.0,29.2,24.1,80.0,0.0,5.2,2.0,1.0,9.2,0.0,0.0,0.0,0.0,1.0,6.123233995736766e-17,-0.4537030860313442,-0.8911529104063088,1,0,0,0,0,0.2423792,NORMAL
2019-07-30,96855,Stasiun Geofisika Sleman,Kab. Sleman,DI Yogyakarta,21.0,30.2,25.0,80.0,0.0,6.5,2.0,1.0,9.2,0.0,0.0,0.0,0.0,0.8660254037844387,-0.4999999999999998,-0.4689651910076318,-0.8832166493127127,1,0,0,0,0,0.23540635,NORMAL
2019-07-31,96855,Stasiun Geofisika Sleman,Kab. Sleman,DI Yogyakarta,22.0,29.4,24.3,82.0,0.0,7.8,3.0,2.0,7.399999999999999,0.0,0.0,0.0,1.0,1.2246467991473532e-16,-1.0,-0.4840885216389758,-0.8750190302029955,1,0,0,0,0,0.23102444,NORMAL
2019-08-01,96855,Stasiun Geofisika Sleman,Kab. Sleman,DI Yogyakarta,22.0,30.0,24.7,82.0,0.0,7.0,2.0,1.0,8.0,0.0,0.0,0.0,-1.0,1.0,6.123233995736766e-17,-0.4990686026885319,-0.8665624788845385,1,0,0,0,0,0.23059808,NORMAL
2019-08-02,96855,Stasiun Geofisika Sleman,Kab. Sleman,DI Yogyakarta,21.0,31.0,25.4,80.0,0.0,6.7,2.0,1.0,10.0,0.0,0.0,0.0,0.0,-0.3420201433256686,-0.9396926207859084,-0.5139010013093103,-0.8578494977869301,1,1,0,0,0,0.22081661,NORMAL
2019-08-03,96855,Stasiun Geofisika Sleman,Kab. Sleman,DI Yogyakarta,19.0,31.2,24.0,75.0,0.0,6.4,2.0,1.0,12.2,0.0,0.0,0.0,0.0,0.3420201433256689,-0.9396926207859084,-0.5285813283559292,-0.8488826652214553,1,0,0,0,0,0.22626378,NORMAL
2019-08-04,96855,Stasiun Geofisika Sleman,Kab. Sleman,DI Yogyakarta,19.0,30.2,23.9,76.0,0.0,8.7,2.0,1.0,11.2,0.0,0.0,0.0,0.0,1.2246467991473532e-16,-1.0,-0.5431052396834317,-0.8396646346181327,1,0,0,0,0,0.23119447,NORMAL
2019-08-05,96855,Stasiun Geofisika Sleman,Kab. Sleman,DI Yogyakarta,20.0,30.0,22.9,78.0,0.0,9.9,2.0,1.0,10.0,0.0,0.0,0.0,0.0,1.2246467991473532e-16,-1.0,-0.5574684374327892,-0.8301981337405212,1,0,0,0,0,0.23587689,NORMAL
2019-08-06,96855,Stasiun Geofisika Sleman,Kab. Sleman,DI Yogyakarta,18.0,28.6,22.9,79.0,0.0,8.1,3.0,1.0,10.6,0.0,0.0,0.0,1.0,-0.3420201433256686,-0.9396926207859084,-0.5716666713027052,-0.8204859638785327,1,0,0,0,0,0.24734215,NORMAL
2019-08-07,96855,Stasiun Geofisika Sleman,Kab. Sleman,DI Yogyakarta,19.0,29.6,23.2,81.0,0.0,9.6,3.0,1.0,10.6,0.0,0.0,0.0,0.0,-0.3420201433256686,-0.9396926207859084,-0.5856957398073508,-0.8105309990194823,1,0,0,0,0,0.25315988,NORMAL
2019-08-08,96855,Stasiun Geofisika Sleman,Kab. Sleman,DI Yogyakarta,20.0,30.0,24.0,80.0,0.0,9.5,2.0,1.0,10.0,0.0,0.0,0.0,-1.0,1.0,6.123233995736766e-17,-0.5995514915196489,-0.8003361849976323,1,0,0,0,0,0.23753352,NORMAL
2019-08-09,96855,Stasiun Geofisika Sleman,Kab. Sleman,DI Yogyakarta,20.0,31.0,24.8,78.0,0.0,5.3,2.0,1.0,11.0,0.0,0.0,0.0,0.0,1.0,6.123233995736766e-17,-0.6132298262997502,-0.7899045386224707,1,0,0,0,0,0.2209272,NORMAL
2019-08-10,96855,Stasiun Geofisika Sleman,Kab. Sleman,DI Yogyakarta,20.0,31.0,24.3,80.0,0.0,7.1,2.0,1.0,11.0,0.0,0.0,0.0,0.0,-0.3420201433256686,-0.9396926207859084,-0.6267266965083301,-0.7792391467859886,1,0,0,0,0,0.21988401,NORMAL
2019-08-11,96855,Stasiun Geofisika Sleman,Kab. Sleman,DI Yogyakarta,19.0,30.4,23.9,79.0,0.0,9.1,3.0,1.0,11.4,0.0,0.0,0.0,1.0,-0.3420201433256686,-0.9396926207859084,-0.6400381082043503,-0.7683431655492202,1,0,0,0,0,0.2259164,NORMAL
2019-08-12,96855,Stasiun Geofisika Sleman,Kab. Sleman,DI Yogyakarta,20.0,30.4,24.1,85.0,0.0,9.0,2.0,1.0,10.4,0.0,0.0,0.0,-1.0,1.2246467991473532e-16,-1.0,-0.65316012232693,-0.7572198192083127,1,0,0,0,0,0.22394687,NORMAL
2019-08-13,96855,Stasiun Geofisika Sleman,Kab. Sleman,DI Yogyakarta,21.0,30.8,25.5,85.0,0.0,7.6,2.0,1.0,9.8,0.0,0.0,0.0,0.0,-0.3420201433256686,-0.9396926207859084,-0.666088855860977,-0.7458723993404063,1,1,0,0,0,0.20802936,NORMAL
2019-08-14,96855,Stasiun Geofisika Sleman,Kab. Sleman,DI Yogyakarta,21.0,31.3,24.8,85.0,0.0,8.3,2.0,1.0,10.3,0.0,0.0,0.0,0.0,1.2246467991473532e-16,-1.0,-0.6788204829862355,-0.734304263829602,1,0,0,0,0,0.19424656,NORMAL
2019-08-15,96855,Stasiun Geofisika Sleman,Kab. Sleman,DI Yogyakarta,22.0,31.0,25.6,82.0,0.0,6.9,2.0,1.0,9.0,0.0,0.0,0.0,0.0,-0.3420201433256686,-0.9396926207859084,-0.6913512362094071,-0.722518835873311,1,0,0,0,0,0.1817582,NORMAL
2019-08-16,96855,Stasiun Geofisika Sleman,Kab. Sleman,DI Yogyakarta,21.0,31.4,24.9,80.0,0.0,5.9,3.0,2.0,10.4,0.0,0.0,0.0,1.0,-0.3420201433256686,-0.9396926207859084,-0.7036774074790128,-0.7105196029692745,1,0,0,0,0,0.18069606,NORMAL
2019-08-17,96855,Stasiun Geofisika Sleman,Kab. Sleman,DI Yogyakarta,21.0,31.2,24.8,75.0,0.0,9.7,2.0,1.0,10.2,0.0,0.0,0.0,-1.0,-0.3420201433256686,-0.9396926207859084,-0.7157953492826642,-0.6983101158835584,1,0,0,0,0,0.18072811,NORMAL
2019-08-18,96855,Stasiun Geofisika Sleman,Kab. Sleman,DI Yogyakarta,19.0,31.8,24.7,72.0,0.0,9.1,2.0,1.0,12.8,0.0,0.0,0.0,0.0,1.2246467991473532e-16,-1.0,-0.7277014757264236,-0.6858939875998223,1,0,0,0,0,0.18660623,NORMAL
2019-08-19,96855,Stasiun Geofisika Sleman,Kab. Sleman,DI Yogyakarta,20.0,31.0,24.1,77.0,0.0,10.2,3.0,2.0,11.0,0.0,0.0,0.0,1.0,0.984807753012208,-0.1736481776669303,-0.7393922635959241,-0.673274892250183,1,0,0,0,0,0.19528869,NORMAL
2019-08-20,96855,Stasiun Geofisika Sleman,Kab. Sleman,DI Yogyakarta,20.0,31.2,25.6,72.0,0.0,9.9,2.0,1.0,11.2,0.0,0.0,0.0,-1.0,-0.3420201433256686,-0.9396926207859084,-0.7508642533989489,-0.6604565640279754,1,0,0,0,0,0.1994133,NORMAL
2019-08-21,96855,Stasiun Geofisika Sleman,Kab. Sleman,DI Yogyakarta,20.0,31.0,24.7,80.0,0.0,10.5,2.0,1.0,11.0,0.0,0.0,0.0,0.0,-0.3420201433256686,-0.9396926207859084,-0.7621140503891487,-0.6474427960827475,1,0,0,0,0,0.20292127,NORMAL
2019-08-22,96855,Stasiun Geofisika Sleman,Kab. Sleman,DI Yogyakarta,21.0,31.0,25.3,81.0,0.0,9.5,3.0,1.0,10.0,0.0,0.0,0.0,1.0,-0.7660444431189779,-0.6427876096865395,-0.7731383255706026,-0.6342374393978054,1,1,0,0,0,0.21212602,NORMAL
2019-08-23,96855,Stasiun Geofisika Sleman,Kab. Sleman,DI Yogyakarta,20.0,31.2,24.5,78.0,0.0,7.2,3.0,1.0,11.2,0.0,0.0,0.0,0.0,1.2246467991473532e-16,-1.0,-0.7839338166829201,-0.620844401650647,1,0,0,0,0,0.21573468,NORMAL
2019-08-24,96855,Stasiun Geofisika Sleman,Kab. Sleman,DI Yogyakarta,21.0,29.8,23.8,81.0,0.0,9.6,3.0,1.0,8.8,0.0,0.0,0.0,0.0,-0.3420201433256686,-0.9396926207859084,-0.7944973291665992,-0.6072676460566135,1,0,0,0,0,0.21719532,NORMAL
2019-08-25,96855,Stasiun Geofisika Sleman,Kab. Sleman,DI Yogyakarta,21.0,28.6,24.1,85.0,0.0,4.5,3.0,2.0,7.600000000000001,0.0,0.0,0.0,0.0,-0.3420201433256686,-0.9396926207859084,-0.8048257371083452,-0.593511190196115,1,0,0,0,0,0.22669083,NORMAL
2019-08-26,96855,Stasiun Geofisika Sleman,Kab. Sleman,DI Yogyakarta,22.0,28.2,24.9,84.0,0.0,1.9,2.0,0.0,6.199999999999999,0.0,0.0,0.0,-1.0,-0.3420201433256686,-0.9396926207859084,-0.8149159841660791,-0.5795791048257612,1,0,0,0,0,0.23818405,NORMAL
2019-08-27,96855,Stasiun Geofisika Sleman,Kab. Sleman,DI Yogyakarta,22.0,31.0,25.6,78.0,0.0,0.5,2.0,1.0,9.0,0.0,0.0,0.0,0.0,-0.8660254037844384,-0.5000000000000004,-0.8247650844733614,-0.5654755126737576,1,0,0,0,0,0.24156512,NORMAL
2019-08-28,96855,Stasiun Geofisika Sleman,Kab. Sleman,DI Yogyakarta,19.0,31.4,24.4,83.0,0.0,5.0,2.0,1.0,12.4,0.0,0.0,0.0,0.0,1.2246467991473532e-16,-1.0,-0.8343701235229537,-0.5512045872199277,1,1,0,0,0,0.23977888,NORMAL
2019-08-29,96855,Stasiun Geofisika Sleman,Kab. Sleman,DI Yogyakarta,20.0,30.7,24.4,82.0,0.0,9.0,2.0,1.0,10.7,0.0,0.0,0.0,0.0,1.0,6.123233995736766e-17,-0.8437282590292712,-0.5367705514607103,1,1,0,0,0,0.24609484,NORMAL
2019-08-30,96855,Stasiun Geofisika Sleman,Kab. Sleman,DI Yogyakarta,20.0,32.2,24.7,77.0,0.0,7.8,3.0,1.0,12.200000000000005,0.0,0.0,0.0,1.0,1.2246467991473532e-16,-1.0,-0.8528367217694595,-0.522177676659508,1,0,0,0,0,0.24265562,NORMAL
2019-08-31,96855,Stasiun Geofisika Sleman,Kab. Sleman,DI Yogyakarta,19.0,31.0,24.0,78.0,0.0,8.3,2.0,1.0,12.0,0.0,0.0,0.0,-1.0,-0.8660254037844384,-0.5000000000000004,-0.8616928164028521,-0.5074302810827518,1,0,0,0,0,0.24675038,NORMAL
2019-09-01,96855,Stasiun Geofisika Sleman,Kab. Sleman,DI Yogyakarta,20.0,31.4,24.4,78.0,0.0,0.0,2.0,1.0,11.4,0.0,0.0,0.0,0.0,-0.9396926207859084,-0.3420201433256685,-0.8702939222685674,-0.4925327287220543,1,0,0,0,0,0.26110807,NORMAL
2019-09-02,96855,Stasiun Geofisika Sleman,Kab. Sleman,DI Yogyakarta,21.0,30.2,25.4,76.0,0.0,8.7,2.0,1.0,9.2,0.0,0.0,0.0,0.0,-0.3420201433256686,-0.9396926207859084,-0.8786374941610001,-0.4774894280028391,1,1,0,0,0,0.25579077,NORMAL
2019-09-03,96855,Stasiun Geofisika Sleman,Kab. Sleman,DI Yogyakarta,21.0,30.4,24.7,78.0,0.0,7.7,2.0,1.0,9.4,0.0,0.0,0.0,0.0,1.2246467991473532e-16,-1.0,-0.886721063082993,-0.4623048304798108,1,0,0,0,0,0.24953009,NORMAL
2019-09-04,96855,Stasiun Geofisika Sleman,Kab. Sleman,DI Yogyakarta,22.0,32.6,25.5,72.0,0.0,6.2,2.0,1.0,10.6,0.0,0.0,0.0,0.0,1.2246467991473532e-16,-1.0,-0.8945422369764496,-0.4469834295196741,1,0,0,0,0,0.24797384,NORMAL
2019-09-05,96855,Stasiun Geofisika Sleman,Kab. Sleman,DI Yogyakarta,18.0,31.4,23.8,80.0,0.0,10.1,2.0,1.0,13.4,0.0,0.0,0.0,0.0,-0.5000000000000001,-0.8660254037844386,-0.9020987014301836,-0.4315297589714714,1,1,0,0,0,0.23907651,NORMAL
2019-09-06,96855,Stasiun Geofisika Sleman,Kab. Sleman,DI Yogyakarta,19.0,30.6,24.3,78.0,0.0,9.1,3.0,1.0,11.6,0.0,0.0,0.0,1.0,1.2246467991473532e-16,-1.0,-0.9093882203647924,-0.4159483918249421,1,0,0,0,0,0.23605457,NORMAL
2019-09-07,96855,Stasiun Geofisika Sleman,Kab. Sleman,DI Yogyakarta,21.0,31.0,24.7,78.0,0.0,9.1,2.0,1.0,10.0,0.0,0.0,0.0,-1.0,-0.3420201433256686,-0.9396926207859084,-0.9164086366943458,-0.4002439388573056,1,0,0,0,0,0.2278921,NORMAL
2019-09-08,96855,Stasiun Geofisika Sleman,Kab. Sleman,DI Yogyakarta,21.0,31.4,26.2,75.0,0.0,8.5,2.0,1.0,10.4,0.0,0.0,0.0,0.0,-0.3420201433256686,-0.9396926207859084,-0.923157872964704,-0.3844210472688554,1,0,0,0,0,0.22383696,NORMAL
2019-09-09,96855,Stasiun Geofisika Sleman,Kab. Sleman,DI Yogyakarta,22.0,32.6,26.4,74.0,0.0,6.8,2.0,1.0,10.6,0.0,0.0,0.0,0.0,-0.1736481776669304,0.984807753012208,-0.9296339319682696,-0.3684843993077793,1,0,0,0,0,0.23610483,NORMAL
2019-09-10,96855,Stasiun Geofisika Sleman,Kab. Sleman,DI Yogyakarta,21.0,33.2,25.6,78.0,0.0,8.1,3.0,1.0,12.200000000000005,0.0,0.0,0.0,1.0,-0.3420201433256686,-0.9396926207859084,-0.935834897334994,-0.3524387108846032,1,0,0,0,0,0.23234315,NORMAL
2019-09-11,96855,Stasiun Geofisika Sleman,Kab. Sleman,DI Yogyakarta,22.0,32.0,25.8,78.0,0.0,9.4,2.0,1.0,10.0,0.0,0.0,0.0,-1.0,-0.3420201433256686,-0.9396926207859084,-0.9417589340994617,-0.3362887301766828,1,1,0,0,0,0.22994488,NORMAL
2019-09-12,96855,Stasiun Geofisika Sleman,Kab. Sleman,DI Yogyakarta,19.0,31.8,24.3,73.0,0.0,9.1,2.0,1.0,12.8,0.0,0.0,0.0,0.0,1.2246467991473532e-16,-1.0,-0.9474042892438844,-0.3200392362231385,1,1,0,0,0,0.23446341,NORMAL
2019-09-13,96855,Stasiun Geofisika Sleman,Kab. Sleman,DI Yogyakarta,19.0,30.4,23.8,74.0,0.0,10.0,2.0,1.0,11.4,0.0,0.0,0.0,0.0,1.2246467991473532e-16,-1.0,-0.9527692922168512,-0.3036950375106588,1,0,0,0,0,0.23715399,NORMAL
2019-09-14,96855,Stasiun Geofisika Sleman,Kab. Sleman,DI Yogyakarta,20.0,32.0,25.6,73.0,0.0,9.8,2.0,1.0,12.0,0.0,0.0,0.0,0.0,-0.1736481776669304,-0.984807753012208,-0.9578523554276668,-0.2872609705505963,1,0,0,0,0,0.24374722,NORMAL
2019-09-15,96855,Stasiun Geofisika Sleman,Kab. Sleman,DI Yogyakarta,20.0,32.2,25.3,78.0,0.0,9.1,2.0,1.0,12.200000000000005,0.0,0.0,0.0,0.0,1.2246467991473532e-16,-1.0,-0.9626519747161488,-0.2707418984477642,1,1,0,0,0,0.23599914,NORMAL
2019-09-16,96855,Stasiun Geofisika Sleman,Kab. Sleman,DI Yogyakarta,21.0,31.2,24.9,78.0,0.0,7.5,2.0,1.0,10.2,0.0,0.0,0.0,0.0,1.2246467991473532e-16,-1.0,-0.9671667297977312,-0.2541427094613622,1,0,0,0,0,0.232188,NORMAL
2019-09-17,96855,Stasiun Geofisika Sleman,Kab. Sleman,DI Yogyakarta,21.0,32.2,24.9,81.0,0.0,7.5,2.0,1.0,11.200000000000005,0.0,0.0,0.0,0.0,1.2246467991473532e-16,-1.0,-0.97139528468375,-0.2374683155584684,1,0,0,0,0,0.22427326,NORMAL
2019-09-18,96855,Stasiun Geofisika Sleman,Kab. Sleman,DI Yogyakarta,20.0,32.2,25.1,76.0,0.0,7.7,2.0,1.0,12.200000000000005,0.0,0.0,0.0,0.0,-0.3420201433256686,-0.9396926207859084,-0.9753363880767836,-0.2207236509605022,1,1,0,0,0,0.20551684,NORMAL
2019-09-19,96855,Stasiun Geofisika Sleman,Kab. Sleman,DI Yogyakarta,22.0,32.0,25.5,77.0,0.0,9.6,2.0,1.0,10.0,0.0,0.0,0.0,0.0,1.2246467991473532e-16,-1.0,-0.978988873740932,-0.2039136706831147,1,0,0,0,0,0.19704169,NORMAL
2019-09-20,96855,Stasiun Geofisika Sleman,Kab. Sleman,DI Yogyakarta,20.0,32.4,24.9,76.0,0.0,8.9,2.0,1.0,12.4,0.0,0.0,0.0,0.0,-1.0,-1.8369701987210294e-16,-0.9823516608469236,-0.1870433490699165,1,0,0,0,0,0.20086065,NORMAL
2019-09-21,96855,Stasiun Geofisika Sleman,Kab. Sleman,DI Yogyakarta,21.0,31.4,26.3,70.0,0.0,7.5,2.0,0.0,10.4,0.0,0.0,0.0,0.0,-0.3420201433256686,-0.9396926207859084,-0.9854237542919524,-0.1701176783204905,1,0,0,0,0,0.19897217,NORMAL
2019-09-22,96855,Stasiun Geofisika Sleman,Kab. Sleman,DI Yogyakarta,21.0,32.2,25.5,73.0,0.0,5.0,2.0,1.0,11.200000000000005,0.0,0.0,0.0,0.0,-0.3420201433256686,-0.9396926207859084,-0.9882042449941422,-0.15314166701312,1,0,0,0,0,0.19563647,NORMAL
2019-09-23,96855,Stasiun Geofisika Sleman,Kab. Sleman,DI Yogyakarta,22.0,32.5,26.0,79.0,0.0,8.7,2.0,1.0,10.5,0.0,0.0,0.0,0.0,-0.3420201433256686,-0.9396926207859084,-0.9906923101615608,-0.136120338622667,1,1,0,0,0,0.1897807,NORMAL
2019-09-24,96855,Stasiun Geofisika Sleman,Kab. Sleman,DI Yogyakarta,21.0,33.2,26.0,76.0,0.0,8.4,2.0,1.0,12.200000000000005,0.0,0.0,0.0,0.0,-0.3420201433256686,-0.9396926207859084,-0.9928872135356962,-0.1190587300340498,1,0,0,0,0,0.17675748,NORMAL
2019-09-25,96855,Stasiun Geofisika Sleman,Kab. Sleman,DI Yogyakarta,21.0,33.2,26.0,79.0,0.0,9.6,2.0,1.0,12.200000000000005,0.0,0.0,0.0,0.0,-0.3420201433256686,-0.9396926207859084,-0.994788305609327,-0.1019618900517457,1,1,0,0,0,0.17194323,NORMAL
2019-09-26,96855,Stasiun Geofisika Sleman,Kab. Sleman,DI Yogyakarta,22.0,33.2,26.5,79.0,0.0,9.7,2.0,1.0,11.200000000000005,0.0,0.0,0.0,0.0,1.2246467991473532e-16,-1.0,-0.9963950238187232,-0.0848348779057653,1,0,0,0,0,0.17276283,NORMAL
2019-09-27,96855,Stasiun Geofisika Sleman,Kab. Sleman,DI Yogyakarta,23.0,31.8,26.1,78.0,0.0,7.6,2.0,1.0,8.8,0.0,0.0,0.0,0.0,-0.3420201433256686,-0.9396926207859084,-0.9977068927101168,-0.0676827617545516,1,0,0,0,0,0.17006324,NORMAL
2019-09-28,96855,Stasiun Geofisika Sleman,Kab. Sleman,DI Yogyakarta,23.0,31.8,26.6,79.0,0.0,3.9,2.0,1.0,8.8,0.0,0.0,0.0,0.0,-0.3420201433256686,-0.9396926207859084,-0.9987235240803972,-0.0505106171852228,1,0,0,0,0,0.1671784,NORMAL
2019-09-29,96855,Stasiun Geofisika Sleman,Kab. Sleman,DI Yogyakarta,23.0,31.4,26.4,78.0,0.0,5.0,2.0,1.0,8.399999999999999,0.0,0.0,0.0,0.0,-0.3420201433256686,-0.9396926207859084,-0.9994446170919858,-0.0333235257116313,1,0,0,0,0,0.16242081,NORMAL
2019-09-30,96855,Stasiun Geofisika Sleman,Kab. Sleman,DI Yogyakarta,22.0,32.6,26.1,77.0,0.0,7.0,3.0,1.0,10.6,0.0,0.0,0.0,1.0,-0.3420201433256686,-0.9396926207859084,-0.9998699583618592,-0.0161265732706577,1,0,0,0,0,0.15729623,NORMAL
2019-10-01,96855,Stasiun Geofisika Sleman,Kab. Sleman,DI Yogyakarta,21.0,31.4,25.3,80.0,0.0,9.3,2.0,1.0,10.4,0.0,0.0,0.0,-1.0,-0.3420201433256686,-0.9396926207859084,-0.9999994220246924,0.0010751512827982,1,0,0,0,0,0.15509856,NORMAL
2019-10-02,96855,Stasiun Geofisika Sleman,Kab. Sleman,DI Yogyakarta,22.0,32.4,26.4,80.0,0.0,9.6,3.0,1.0,10.4,0.0,0.0,0.0,1.0,-0.3420201433256686,-0.9396926207859084,-0.999832969770105,0.0182765576816912,1,0,0,0,0,0.15983297,NORMAL
2019-10-03,96855,Stasiun Geofisika Sleman,Kab. Sleman,DI Yogyakarta,23.0,32.4,26.6,80.0,0.0,6.7,3.0,1.0,9.4,0.0,0.0,0.0,0.0,-0.1736481776669304,-0.984807753012208,-0.9993706508539968,0.0354725557531255,1,0,0,0,0,0.16424316,NORMAL
2019-10-04,96855,Stasiun Geofisika Sleman,Kab. Sleman,DI Yogyakarta,23.0,31.6,26.9,77.0,0.0,7.5,3.0,1.0,8.600000000000001,0.0,0.0,0.0,0.0,1.2246467991473532e-16,-1.0,-0.9986126020839734,0.052658056924614,1,0,0,0,0,0.1680569,NORMAL
2019-10-05,96855,Stasiun Geofisika Sleman,Kab. Sleman,DI Yogyakarta,21.0,33.4,26.2,73.0,0.0,9.2,3.0,1.0,12.4,0.0,0.0,0.0,0.0,1.2246467991473532e-16,-1.0,-0.9975590477788612,0.0698279757298708,1,0,0,0,0,0.16045125,NORMAL
2019-10-06,96855,Stasiun Geofisika Sleman,Kab. Sleman,DI Yogyakarta,23.0,33.4,26.7,74.0,0.0,9.8,2.0,1.0,10.4,0.0,0.0,0.0,-1.0,-0.3420201433256686,-0.9396926207859084,-0.9962102997023295,0.0869772313136861,1,0,0,0,0,0.15471715,NORMAL
2019-10-07,96855,Stasiun Geofisika Sleman,Kab. Sleman,DI Yogyakarta,23.0,31.2,26.6,80.0,0.0,8.7,2.0,1.0,8.2,0.0,0.0,0.0,0.0,-0.984807753012208,-0.1736481776669303,-0.9945667569706336,0.1041007489354256,1,0,0,0,0,0.15770008,NORMAL
2019-10-08,96855,Stasiun Geofisika Sleman,Kab. Sleman,DI Yogyakarta,23.0,32.4,27.3,76.0,0.0,4.5,2.0,1.0,9.4,0.0,0.0,0.0,0.0,-0.3420201433256686,-0.9396926207859084,-0.9926289059345096,0.121193461470736,1,1,0,0,0,0.16083057,NORMAL
2019-10-09,96855,Stasiun Geofisika Sleman,Kab. Sleman,DI Yogyakarta,23.0,31.8,26.0,83.0,0.0,7.4,2.0,1.0,8.8,0.0,0.0,0.0,0.0,-0.9396926207859084,-0.3420201433256685,-0.9903973200352558,0.1382503109109819,1,1,0,0,0,0.15883602,NORMAL
2019-10-10,96855,Stasiun Geofisika Sleman,Kab. Sleman,DI Yogyakarta,24.0,31.6,26.7,80.0,0.0,7.6,2.0,1.0,7.600000000000001,0.0,0.0,0.0,0.0,-0.3420201433256686,-0.9396926207859084,-0.9878726596350428,0.1552662498599956,1,0,0,0,0,0.15568723,NORMAL
2019-10-11,96855,Stasiun Geofisika Sleman,Kab. Sleman,DI Yogyakarta,24.0,33.2,27.1,79.0,0.0,5.9,2.0,1.0,9.200000000000005,0.0,0.0,0.0,0.0,-0.9396926207859084,-0.3420201433256685,-0.9850556718215012,0.172236243027682,1,0,0,0,0,0.1592076,NORMAL
2019-10-12,96855,Stasiun Geofisika Sleman,Kab. Sleman,DI Yogyakarta,24.0,32.2,26.8,80.0,0.0,9.1,2.0,1.0,8.200000000000003,0.0,0.0,0.0,0.0,-0.3420201433256686,-0.9396926207859084,-0.981947190186646,0.1891552687200409,1,0,0,0,0,0.14936586,NORMAL
2019-10-13,96855,Stasiun Geofisika Sleman,Kab. Sleman,DI Yogyakarta,23.0,31.8,26.2,81.0,0.0,6.5,2.0,1.0,8.8,0.0,0.0,0.0,0.0,1.2246467991473532e-16,-1.0,-0.9785481345802032,0.2060183203251708,1,0,0,0,0,0.13927522,NORMAL
2019-10-14,96855,Stasiun Geofisika Sleman,Kab. Sleman,DI Yogyakarta,23.0,31.0,26.7,78.0,0.0,8.0,2.0,1.0,8.0,0.0,0.0,0.0,0.0,-0.3420201433256686,-0.9396926207859084,-0.9748595108374124,0.2228204077947995,1,0,0,0,0,0.13425131,NORMAL
2019-10-15,96855,Stasiun Geofisika Sleman,Kab. Sleman,DI Yogyakarta,23.0,32.2,27.4,78.0,0.0,6.9,2.0,1.0,9.200000000000005,0.0,0.0,0.0,0.0,-0.3420201433256686,-0.9396926207859084,-0.9708824104813836,0.239556559120927,1,1,0,0,0,0.1290504,NORMAL
2019-10-16,96855,Stasiun Geofisika Sleman,Kab. Sleman,DI Yogyakarta,23.0,34.4,26.7,76.0,0.0,6.4,2.0,1.0,11.4,0.0,0.0,0.0,0.0,1.2246467991473532e-16,-1.0,-0.9666180104000972,0.2562218218071163,1,1,0,0,0,0.12927395,NORMAL
2019-10-17,96855,Stasiun Geofisika Sleman,Kab. Sleman,DI Yogyakarta,22.0,31.9,26.4,77.0,0.0,4.9,2.0,1.0,9.9,0.0,0.0,0.0,0.0,-0.1736481776669304,-0.984807753012208,-0.9620675724981452,0.2728112643340191,1,0,0,0,0,0.12801675,NORMAL
2019-10-18,96855,Stasiun Geofisika Sleman,Kab. Sleman,DI Yogyakarta,22.0,32.0,26.7,78.0,0.0,7.4,3.0,1.0,10.0,0.0,0.0,0.0,1.0,-0.6427876096865393,-0.766044443118978,-0.957232443323312,0.2893199776186952,1,0,0,0,0,0.12696062,NORMAL
2019-10-19,96855,Stasiun Geofisika Sleman,Kab. Sleman,DI Yogyakarta,23.0,33.2,27.0,78.0,0.0,9.1,2.0,1.0,10.200000000000005,0.0,0.0,0.0,-1.0,-0.3420201433256686,-0.9396926207859084,-0.9521140536681102,0.3057430764672831,1,1,0,0,0,0.12739533,NORMAL
2019-10-20,96855,Stasiun Geofisika Sleman,Kab. Sleman,DI Yogyakarta,24.0,32.6,27.0,78.0,0.0,8.8,2.0,1.0,8.600000000000001,0.0,0.0,0.0,0.0,-0.3420201433256686,-0.9396926207859084,-0.9467139181463862,0.3220757010206104,1,0,0,0,0,0.1171181,NORMAL
2019-10-21,96855,Stasiun Geofisika Sleman,Kab. Sleman,DI Yogyakarta,24.0,35.6,27.7,77.0,0.0,7.3,2.0,1.0,11.6,0.0,0.0,0.0,0.0,-0.3420201433256686,-0.9396926207859084,-0.9410336347451196,0.3383130181923076,1,1,0,0,0,0.1172836,NORMAL
2019-10-22,96855,Stasiun Geofisika Sleman,Kab. Sleman,DI Yogyakarta,23.0,32.4,26.4,82.0,0.0,9.9,3.0,1.0,9.4,0.0,0.0,0.0,1.0,-0.3420201433256686,-0.9396926207859084,-0.9350748843515574,0.3544502230989869,1,0,0,0,0,0.11754139,NORMAL
2019-10-23,96855,Stasiun Geofisika Sleman,Kab. Sleman,DI Yogyakarta,23.0,32.6,27.4,76.0,0.0,9.1,2.0,1.0,9.6,0.0,0.0,0.0,-1.0,-0.3420201433256686,-0.9396926207859084,-0.9288394302558068,0.3704825404820963,1,0,0,0,0,0.11918789,NORMAL
2019-10-24,96855,Stasiun Geofisika Sleman,Kab. Sleman,DI Yogyakarta,24.0,32.4,26.4,81.0,0.0,8.6,2.0,1.0,8.399999999999999,0.0,0.0,0.0,0.0,-2.4492935982947064e-16,1.0,-0.9223291176290545,0.3864052261209853,1,1,0,0,0,0.1238746,NORMAL
2019-10-25,96855,Stasiun Geofisika Sleman,Kab. Sleman,DI Yogyakarta,24.0,32.4,27.5,75.0,0.0,10.1,2.0,1.0,8.399999999999999,0.0,0.0,0.0,0.0,-0.3420201433256686,-0.9396926207859084,-0.9155458729775467,0.4022135682368036,1,1,0,0,0,0.119013675,NORMAL
2019-10-26,96855,Stasiun Geofisika Sleman,Kab. Sleman,DI Yogyakarta,24.0,32.2,27.4,76.0,0.0,8.0,2.0,0.0,8.200000000000003,0.0,0.0,0.0,0.0,1.2246467991473532e-16,-1.0,-0.9084917035725082,0.4179028888867866,1,0,0,0,0,0.11759798,NORMAL
2019-10-27,96855,Stasiun Geofisika Sleman,Kab. Sleman,DI Yogyakarta,23.0,33.2,27.5,75.0,0.0,7.4,2.0,1.0,10.200000000000005,0.0,0.0,0.0,0.0,-0.3420201433256686,-0.9396926207859084,-0.9011686968561567,0.4334685453485363,1,0,0,0,0,0.11826895,NORMAL
2019-10-28,96855,Stasiun Geofisika Sleman,Kab. Sleman,DI Yogyakarta,24.0,32.8,27.5,78.0,0.0,10.0,3.0,1.0,8.799999999999997,0.0,0.0,0.0,1.0,1.2246467991473532e-16,-1.0,-0.8935790198239952,0.4489059314938798,1,0,0,0,0,0.12332868,NORMAL
2019-10-29,96855,Stasiun Geofisika Sleman,Kab. Sleman,DI Yogyakarta,23.0,32.2,26.9,78.0,0.0,10.0,2.0,1.0,9.200000000000005,0.0,0.0,0.0,-1.0,1.0,6.123233995736766e-17,-0.8857249183835637,0.4642104791518923,1,0,0,0,0,0.13314962,NORMAL
2019-10-30,96855,Stasiun Geofisika Sleman,Kab. Sleman,DI Yogyakarta,22.0,32.0,26.4,78.0,0.0,9.3,2.0,1.0,10.0,0.0,0.0,0.0,0.0,-0.3420201433256686,0.9396926207859084,-0.8776087166898392,0.4793776594606945,1,0,0,0,0,0.13879459,NORMAL
2019-10-31,96855,Stasiun Geofisika Sleman,Kab. Sleman,DI Yogyakarta,24.0,33.0,27.6,78.0,0.0,10.3,2.0,1.0,9.0,0.0,0.0,0.0,0.0,1.2246467991473532e-16,-1.0,-0.8692328164574792,0.4944029842076181,1,0,0,0,0,0.13490991,NORMAL
2019-11-01,96855,Stasiun Geofisika Sleman,Kab. Sleman,DI Yogyakarta,24.0,31.0,26.6,84.0,4.0,9.5,2.0,0.0,7.0,4.000000000000057,4.0,4.0,0.0,1.2246467991473532e-16,-1.0,-0.8605996962501181,0.5092820071573356,1,0,0,0,0,0.13706602,NORMAL
2019-11-02,96855,Stasiun Geofisika Sleman,Kab. Sleman,DI Yogyakarta,24.0,27.6,25.4,84.0,1.0,3.4,2.0,1.0,3.6000000000000014,5.000000000000057,5.0,-3.0,0.0,-0.3420201433256686,-0.9396926207859084,-0.8517119107469189,0.5240103253675756,1,0,0,0,0,0.1593233,NORMAL
2019-11-03,96855,Stasiun Geofisika Sleman,Kab. Sleman,DI Yogyakarta,24.0,29.0,26.0,82.0,0.6,0.0,2.0,1.0,5.0,5.6000000000000565,5.6,-0.4,0.0,1.2246467991473532e-16,-1.0,-0.8425720899866032,0.5385835804920232,1,1,0,0,0,0.17198105,NORMAL
2019-11-04,96855,Stasiun Geofisika Sleman,Kab. Sleman,DI Yogyakarta,23.0,27.7,25.2,86.0,0.2,0.0,2.0,0.0,4.699999999999999,1.8000000000000569,5.8,-0.3999999999999999,0.0,1.2246467991473532e-16,-1.0,-0.8331829385891785,0.5529974600700271,1,0,0,0,0,0.18280692,NORMAL
2019-11-05,96855,Stasiun Geofisika Sleman,Kab. Sleman,DI Yogyakarta,23.0,31.7,26.6,78.0,0.2,0.8,2.0,1.0,8.7,1.0000000000000568,6.0,0.0,0.0,-0.3420201433256686,-0.9396926207859084,-0.8235472349556007,0.5672476988027229,1,0,0,0,0,0.18136816,NORMAL
2019-11-06,96855,Stasiun Geofisika Sleman,Kab. Sleman,DI Yogyakarta,21.0,33.0,26.2,72.0,0.0,9.6,2.0,1.0,12.0,0.4000000000000568,6.0,-0.2,0.0,-0.6427876096865393,-0.766044443118978,-0.8136678304455991,0.5813300798152042,1,0,0,0,0,0.18697675,NORMAL
2019-11-07,96855,Stasiun Geofisika Sleman,Kab. Sleman,DI Yogyakarta,22.0,33.2,26.6,74.0,0.0,10.7,2.0,1.0,11.200000000000005,0.2000000000000568,6.0,0.0,0.0,-0.3420201433256686,-0.9396926207859084,-0.8035476485339116,0.5952404359043674,1,0,0,0,0,0.18800981,NORMAL
2019-11-08,96855,Stasiun Geofisika Sleman,Kab. Sleman,DI Yogyakarta,24.0,33.8,27.5,75.0,0.0,10.8,2.0,1.0,9.799999999999995,0.0,2.0,0.0,0.0,-0.9396926207859084,-0.3420201433256685,-0.7931896839451843,0.6089746507720486,1,0,0,0,0,0.19140442,NORMAL
2019-11-09,96855,Stasiun Geofisika Sleman,Kab. Sleman,DI Yogyakarta,24.0,33.7,27.9,76.0,0.0,8.2,2.0,1.0,9.700000000000005,0.0,1.0,0.0,0.0,1.2246467991473532e-16,-1.0,-0.7825970017677834,0.6225286602431057,1,1,0,0,0,0.18979694,NORMAL
2019-11-10,96855,Stasiun Geofisika Sleman,Kab. Sleman,DI Yogyakarta,23.0,32.8,27.5,80.0,0.0,7.8,2.0,1.0,9.799999999999995,0.0,0.4,0.0,0.0,-0.3420201433256686,-0.9396926207859084,-0.7717727365467837,0.6358984534680745,1,0,0,0,0,0.18505912,NORMAL
2019-11-11,96855,Stasiun Geofisika Sleman,Kab. Sleman,DI Yogyakarta,25.0,32.8,28.2,75.0,0.0,7.4,2.0,1.0,7.799999999999997,0.0,0.2,0.0,0.0,-0.3420201433256686,-0.9396926207859084,-0.7607200913564104,0.6490800741100398,1,1,0,0,0,0.18453148,NORMAL
2019-11-12,96855,Stasiun Geofisika Sleman,Kab. Sleman,DI Yogyakarta,24.0,32.2,27.7,79.0,0.0,7.3,3.0,1.0,8.200000000000003,0.0,0.0,0.0,1.0,1.2246467991473532e-16,-1.0,-0.7494423368521953,0.6620696215153815,1,0,0,0,0,0.18906118,NORMAL
2019-11-13,96855,Stasiun Geofisika Sleman,Kab. Sleman,DI Yogyakarta,25.0,33.6,28.4,80.0,0.0,7.0,2.0,1.0,8.600000000000001,0.0,0.0,0.0,-1.0,1.2246467991473532e-16,-1.0,-0.7379428103031386,0.6748632518680403,1,0,0,0,0,0.19237046,NORMAL
2019-11-14,96855,Stasiun Geofisika Sleman,Kab. Sleman,DI Yogyakarta,25.0,35.6,28.3,79.0,13.2,7.0,2.0,1.0,10.6,13.200000000000056,13.2,13.2,0.0,1.0,6.123233995736766e-17,-0.7262249146041543,0.6874571793269664,1,0,0,0,0,0.22393401,NORMAL
2019-11-15,96855,Stasiun Geofisika Sleman,Kab. Sleman,DI Yogyakarta,24.0,32.8,27.2,83.0,0.0,4.4,2.0,1.0,8.799999999999997,13.200000000000056,13.2,-13.2,0.0,-0.5000000000000001,-0.8660254037844386,-0.7142921172691032,0.699847677146407,1,0,0,0,0,0.23794027,NORMAL
2019-11-16,96855,Stasiun Geofisika Sleman,Kab. Sleman,DI Yogyakarta,23.0,32.599999999999994,27.5,77.0,0.0,9.7,2.0,1.0,9.599999999999994,13.200000000000056,13.2,0.0,0.0,-0.5000000000000001,-0.8660254037844386,-0.7021479494046978,0.7120310787787131,1,0,0,0,0,0.23998441,NORMAL
2019-11-17,96855,Stasiun Geofisika Sleman,Kab. Sleman,DI Yogyakarta,25.0,32.4,28.1,79.0,0.0,9.1,2.0,1.0,7.399999999999999,0.0,13.2,0.0,0.0,-0.9396926207859084,-0.3420201433256685,-0.6897960046655887,0.7240037789593305,1,0,0,0,0,0.2395455,NORMAL
2019-11-18,96855,Stasiun Geofisika Sleman,Kab. Sleman,DI Yogyakarta,25.0,33.4,28.1,82.0,0.0,8.6,2.0,2.0,8.399999999999999,0.0,13.2,0.0,0.0,1.2246467991473532e-16,-1.0,-0.6772399381909491,0.7357622347736527,1,0,0,0,0,0.24034724,NORMAL
2019-11-19,96855,Stasiun Geofisika Sleman,Kab. Sleman,DI Yogyakarta,24.0,32.8,27.5,84.0,1.6,7.8,2.0,1.0,8.799999999999997,1.600000000000057,14.8,1.6,0.0,-0.3420201433256686,-0.9396926207859084,-0.6644834655228552,0.7473029667054297,1,0,0,0,0,0.24060918,NORMAL
2019-11-20,96855,Stasiun Geofisika Sleman,Kab. Sleman,DI Yogyakarta,25.0,32.8,27.9,80.0,0.0,7.0,2.0,1.0,7.799999999999997,1.600000000000057,14.8,-1.6,0.0,1.2246467991473532e-16,-1.0,-0.6515303615068021,0.75862255966641,1,0,0,0,0,0.2334364,NORMAL
2019-11-21,96855,Stasiun Geofisika Sleman,Kab. Sleman,DI Yogyakarta,25.0,32.4,28.1,77.0,0.0,4.0,2.0,1.0,7.399999999999999,1.600000000000057,1.6,0.0,0.0,-0.3420201433256686,-0.9396926207859084,-0.6383844591746642,0.769717664006921,1,0,0,0,0,0.23177896,NORMAL
2019-11-22,96855,Stasiun Geofisika Sleman,Kab. Sleman,DI Yogyakarta,25.0,33.2,27.5,80.0,0.0,7.1,2.0,1.0,8.200000000000003,0.0,1.6,0.0,0.0,1.2246467991473532e-16,-1.0,-0.6250496486104377,0.7805849965070866,1,0,0,0,0,0.2275208,NORMAL
2019-11-23,96855,Stasiun Geofisika Sleman,Kab. Sleman,DI Yogyakarta,25.0,32.4,28.0,81.0,1.0,6.1,2.0,1.0,7.399999999999999,1.0000000000000568,2.6,1.0,0.0,1.2246467991473532e-16,-1.0,-0.6115298757991053,0.7912213413483807,1,1,0,0,0,0.22131607,NORMAL
2019-11-24,96855,Stasiun Geofisika Sleman,Kab. Sleman,DI Yogyakarta,25.0,32.6,27.6,85.0,2.0,7.6,2.0,1.0,7.600000000000001,3.000000000000057,4.6,1.0,0.0,1.2246467991473532e-16,-1.0,-0.5978291414589552,0.801623551065242,1,0,0,0,0,0.21803351,NORMAL
2019-11-25,96855,Stasiun Geofisika Sleman,Kab. Sleman,DI Yogyakarta,25.0,33.2,28.3,80.0,1.3333333333333337,6.4,2.0,1.0,8.200000000000003,4.333333333333391,5.933333333333334,-0.6666666666666665,0.0,-0.3420201433256686,-0.9396926207859084,-0.5839514998576998,0.8117885474764613,1,1,0,0,0,0.21970807,NORMAL
2019-11-26,96855,Stasiun Geofisika Sleman,Kab. Sleman,DI Yogyakarta,26.0,33.0,28.1,76.0,0.6666666666666667,7.7,2.0,1.0,7.0,4.000000000000057,5.000000000000001,-0.6666666666666667,0.0,-0.3420201433256686,-0.9396926207859084,-0.5699010576127624,0.821713322596059,1,1,0,0,0,0.22082162,NORMAL
2019-11-27,96855,Stasiun Geofisika Sleman,Kab. Sleman,DI Yogyakarta,24.0,32.8,27.7,76.0,0.0,8.9,2.0,1.0,8.799999999999997,2.000000000000057,5.0,-0.6666666666666667,0.0,-0.3420201433256686,-0.9396926207859084,-0.5556819724760489,0.8313949395234058,1,0,0,0,0,0.21283177,NORMAL
2019-11-28,96855,Stasiun Geofisika Sleman,Kab. Sleman,DI Yogyakarta,24.0,32.8,27.8,79.0,0.0,6.0,2.0,1.0,8.799999999999997,0.6666666666667236,5.0,0.0,0.0,1.2246467991473532e-16,-1.0,-0.5412984521036173,0.8408305333122887,1,0,0,0,0,0.20006883,NORMAL
2019-11-29,96855,Stasiun Geofisika Sleman,Kab. Sleman,DI Yogyakarta,25.0,34.4,28.8,78.0,0.0,7.4,2.0,1.0,9.4,0.0,5.0,0.0,0.0,1.2246467991473532e-16,-1.0,-0.5267547528105542,0.8500173118187018,1,0,0,0,0,0.18880384,NORMAL
2019-11-30,96855,Stasiun Geofisika Sleman,Kab. Sleman,DI Yogyakarta,25.0,34.0,29.0,77.0,0.0,7.5,2.0,1.0,9.0,0.0,4.0,0.0,0.0,-0.3420201433256686,-0.9396926207859084,-0.5120551783114646,0.8589525565270845,1,0,0,0,0,0.18214208,NORMAL
2019-12-01,96855,Stasiun Geofisika Sleman,Kab. Sleman,DI Yogyakarta,25.0,33.0,28.0,84.0,7.0,3.8,2.0,1.0,8.0,7.000000000000057,9.0,7.0,0.0,1.2246467991473532e-16,-1.0,-0.4972040784469378,0.8676336233547726,1,0,0,0,0,0.18268627,NORMAL
2019-12-02,96855,Stasiun Geofisika Sleman,Kab. Sleman,DI Yogyakarta,26.0,34.0,29.0,81.0,0.0,4.9,2.0,1.0,8.0,7.000000000000057,7.666666666666666,-7.0,0.0,-0.3420201433256686,-0.9396926207859084,-0.4822058478963526,0.8760579434344281,1,0,0,0,0,0.17430529,NORMAL
2019-12-03,96855,Stasiun Geofisika Sleman,Kab. Sleman,DI Yogyakarta,26.0,33.0,28.5,78.0,0.0,4.8,2.0,1.0,7.0,7.000000000000057,7.0,0.0,0.0,-0.3420201433256686,-0.9396926207859084,-0.4670649248774303,0.8842230238742036,1,0,0,0,0,0.16857393,NORMAL
2019-12-04,96855,Stasiun Geofisika Sleman,Kab. Sleman,DI Yogyakarta,26.0,34.0,29.3,75.0,0.0,6.4,2.0,1.0,8.0,0.0,7.0,0.0,0.0,-0.3420201433256686,-0.9396926207859084,-0.451785789832884,0.8921264484954345,1,1,0,0,0,0.16451685,NORMAL
2019-12-05,96855,Stasiun Geofisika Sleman,Kab. Sleman,DI Yogyakarta,24.0,34.8,28.8,74.0,0.0,8.2,2.0,1.0,10.799999999999995,0.0,7.0,0.0,0.0,1.0,6.123233995736766e-17,-0.4363729641045924,0.8997658785476209,1,0,0,0,0,0.17466703,NORMAL
2019-12-06,96855,Stasiun Geofisika Sleman,Kab. Sleman,DI Yogyakarta,25.0,34.6,28.0,81.0,0.0,5.7,2.0,1.0,9.6,0.0,7.0,0.0,0.0,-0.6427876096865393,-0.766044443118978,-0.4208310085956556,0.9071390534005044,1,0,0,0,0,0.1708873,NORMAL
2019-12-07,96855,Stasiun Geofisika Sleman,Kab. Sleman,DI Yogyakarta,23.0,34.6,28.0,78.0,82.3,6.3,2.0,1.0,11.6,82.30000000000005,89.3,82.3,0.0,-0.9396926207859084,-0.3420201433256685,-0.4051645224207563,0.9142437912130223,1,0,0,0,0,1.1001981,NORMAL
2019-12-08,96855,Stasiun Geofisika Sleman,Kab. Sleman,DI Yogyakarta,23.5,34.2,26.7,87.0,24.8,7.1,2.0,0.0,10.700000000000005,107.10000000000004,107.1,-57.5,0.0,-0.3420201433256686,-0.9396926207859084,-0.3893781415452015,0.9210779895789526,1,0,0,0,0,1.4531113,NORMAL
2019-12-09,96855,Stasiun Geofisika Sleman,Kab. Sleman,DI Yogyakarta,24.0,32.8,28.3,82.0,11.1,4.7,2.0,1.0,8.799999999999997,118.20000000000006,118.2,-13.7,0.0,-0.3420201433256686,-0.9396926207859084,-0.3734765374130707,0.9276396261490468,1,0,0,0,0,1.5050046,NORMAL
2019-12-10,96855,Stasiun Geofisika Sleman,Kab. Sleman,DI Yogyakarta,25.0,32.7,28.4,80.0,0.0,6.8,3.0,1.0,7.700000000000003,35.900000000000055,118.2,-11.1,1.0,1.2246467991473532e-16,-1.0,-0.3574644155648614,0.9339267592294762,1,0,0,0,0,1.5329446,NORMAL
2019-12-11,96855,Stasiun Geofisika Sleman,Kab. Sleman,DI Yogyakarta,25.0,32.6,27.3,84.0,1.4,7.9,3.0,1.0,7.600000000000001,12.500000000000057,119.6,1.4,0.0,0.3420201433256689,-0.9396926207859084,-0.3413465142450361,0.9399375283564132,1,0,0,0,0,1.539088,NORMAL
2019-12-12,96855,Stasiun Geofisika Sleman,Kab. Sleman,DI Yogyakarta,24.0,33.0,27.8,80.0,2.7,6.4,2.0,1.0,9.0,4.1000000000000565,122.3,1.3000000000000005,-1.0,1.2246467991473532e-16,-1.0,-0.3251276029999093,0.9456701548465688,1,0,0,0,0,1.5437748,NORMAL
2019-12-13,96855,Stasiun Geofisika Sleman,Kab. Sleman,DI Yogyakarta,25.0,32.2,27.0,85.0,1.0,1.8,2.0,1.0,7.200000000000003,5.1000000000000565,123.3,-1.7000000000000002,0.0,1.2246467991473532e-16,-1.0,-0.3088124812662537,0.9511229423235356,1,0,0,0,0,1.5488678,NORMAL
2019-12-14,96855,Stasiun Geofisika Sleman,Kab. Sleman,DI Yogyakarta,24.0,32.4,26.6,84.0,0.0,3.5,3.0,1.0,8.399999999999999,3.700000000000057,41.0,-1.0,1.0,-0.7660444431189779,-0.6427876096865395,-0.2924059769510773,0.956294277219772,1,0,0,0,0,1.5280615,NORMAL
2019-12-15,96855,Stasiun Geofisika Sleman,Kab. Sleman,DI Yogyakarta,24.0,31.8,26.7,86.0,28.5,5.2,2.0,0.0,7.800000000000001,29.500000000000057,44.7,28.5,-1.0,-0.9396926207859084,0.342020143325669,-0.2759129450029604,0.9611826292540836,1,0,0,0,0,1.6213804,NORMAL
2019-12-16,96855,Stasiun Geofisika Sleman,Kab. Sleman,DI Yogyakarta,24.0,31.4,26.6,84.0,0.0,3.2,2.0,0.0,7.399999999999999,28.500000000000057,33.599999999999994,-28.5,0.0,1.2246467991473532e-16,-1.0,-0.2593382659754056,0.9657865518844574,1,0,0,0,0,1.7056328,NORMAL
2019-12-17,96855,Stasiun Geofisika Sleman,Kab. Sleman,DI Yogyakarta,23.0,32.2,26.3,86.0,0.7,4.0,2.0,1.0,9.200000000000005,29.200000000000056,34.3,0.7,0.0,0.8660254037844387,-0.4999999999999998,-0.2426868445825954,0.9701046827361176,1,0,0,0,0,1.7040831,NORMAL
2019-12-18,96855,Stasiun Geofisika Sleman,Kab. Sleman,DI Yogyakarta,23.0,32.2,26.8,84.0,7.4,5.6,2.0,1.0,9.200000000000005,8.100000000000058,40.3,6.7,0.0,-0.3420201433256686,-0.9396926207859084,-0.225963608248019,0.974135744004672,1,0,0,0,0,1.6955774,NORMAL
2019-12-19,96855,Stasiun Geofisika Sleman,Kab. Sleman,DI Yogyakarta,25.0,33.4,27.6,86.0,13.500000000000002,7.9,2.0,1.0,8.399999999999999,21.60000000000006,51.1,6.100000000000001,0.0,-0.3420201433256686,-0.9396926207859084,-0.2091735056463563,0.9778785428342386,1,1,0,0,0,1.6972314,NORMAL
2019-12-20,96855,Stasiun Geofisika Sleman,Kab. Sleman,DI Yogyakarta,23.0,33.4,27.1,86.0,19.6,4.8,2.0,1.0,10.4,40.50000000000006,69.7,6.1,0.0,1.2246467991473532e-16,-1.0,-0.1923215052390948,0.9813319716704276,1,0,0,0,0,1.704182,NORMAL
2019-12-21,96855,Stasiun Geofisika Sleman,Kab. Sleman,DI Yogyakarta,23.0,33.0,28.5,83.0,0.0,6.5,3.0,1.0,10.0,33.100000000000065,69.7,-19.6,1.0,-0.3420201433256686,-0.9396926207859084,-0.1754125938042784,0.9844950085880858,1,0,0,0,0,1.7470672,NORMAL
2019-12-22,96855,Stasiun Geofisika Sleman,Kab. Sleman,DI Yogyakarta,24.0,32.6,27.1,84.0,0.0,7.3,2.0,1.0,8.600000000000001,19.60000000000006,41.2,0.0,-1.0,1.2246467991473532e-16,-1.0,-0.1584517749608363,0.9873667175937016,1,0,0,0,0,1.7483665,NORMAL
2019-12-23,96855,Stasiun Geofisika Sleman,Kab. Sleman,DI Yogyakarta,24.0,31.6,27.7,82.0,1.1,4.9,2.0,1.0,7.600000000000001,1.100000000000057,42.3,1.1,0.0,-0.9396926207859084,-0.3420201433256685,-0.141444067687942,0.989946248902378,1,0,0,0,0,1.7517039,NORMAL
2019-12-24,96855,Stasiun Geofisika Sleman,Kab. Sleman,DI Yogyakarta,24.0,33.4,27.7,80.0,1.4500000000000002,2.9,2.0,1.0,9.4,2.550000000000057,43.05,0.3500000000000001,0.0,-0.3420201433256686,-0.9396926207859084,-0.1243945048397999,0.9922328391893008,1,1,0,0,0,1.7554828,NORMAL
2019-12-25,96855,Stasiun Geofisika Sleman,Kab. Sleman,DI Yogyakarta,25.0,33.2,26.7,90.0,1.8,6.5,0.0,0.0,8.200000000000003,4.350000000000057,37.45,0.3499999999999998,-2.0,0.0,1.0,-0.1073081316563624,0.994225811815616,1,0,0,0,0,1.789867,NORMAL
2019-12-26,96855,Stasiun Geofisika Sleman,Kab. Sleman,DI Yogyakarta,24.0,31.4,26.7,86.0,1.7,1.8,2.0,0.0,7.399999999999999,4.950000000000057,25.65,-0.1,2.0,1.2246467991473532e-16,-1.0,-0.0901900042703451,0.99592457702866,1,0,0,0,0,1.8030338,NORMAL
2019-12-27,96855,Stasiun Geofisika Sleman,Kab. Sleman,DI Yogyakarta,24.0,33.8,27.0,86.0,0.0,3.8,2.0,1.0,9.799999999999995,3.500000000000057,6.050000000000001,-1.7,0.0,0.4999999999999999,0.8660254037844387,-0.0730451882110474,0.9973286321364752,1,0,0,0,0,1.814929,NORMAL
2019-12-28,96855,Stasiun Geofisika Sleman,Kab. Sleman,DI Yogyakarta,23.0,31.8,26.1,88.0,20.4,4.0,2.0,1.0,8.8,22.10000000000005,26.45,20.4,0.0,-2.4492935982947064e-16,1.0,-0.0558787569053731,0.9984375616565666,1,0,0,0,0,1.868905,NORMAL
2019-12-29,96855,Stasiun Geofisika Sleman,Kab. Sleman,DI Yogyakarta,23.0,32.6,27.6,84.0,2.0,1.6,2.0,0.0,9.6,22.400000000000052,28.45,-18.4,0.0,-0.3420201433256686,-0.9396926207859084,-0.0386957901765268,0.999251037438848,1,0,0,0,0,1.9053496,NORMAL
2019-12-30,96855,Stasiun Geofisika Sleman,Kab. Sleman,DI Yogyakarta,25.0,33.0,27.2,86.0,1.5,2.8,2.0,0.0,8.0,23.900000000000052,28.85,-0.5,0.0,-0.3420201433256686,-0.9396926207859084,-0.0215013727408137,0.999768818762748,1,1,0,0,0,1.908588,NORMAL
2019-12-31,96855,Stasiun Geofisika Sleman,Kab. Sleman,DI Yogyakarta,24.0,32.8,27.1,86.0,1.0,3.8,2.0,0.0,8.799999999999997,4.500000000000057,28.4,-0.5,0.0,-0.6427876096865393,-0.766044443118978,-0.0043005927029819,0.9999907524084426,1,0,0,0,0,1.9109061,NORMAL
2020-01-01,96855,Stasiun Geofisika Sleman,Kab. Sleman,DI Yogyakarta,24.1,31.2,25.7,91.0,2.4,4.8,2.0,1.0,7.099999999999998,4.900000000000057,29.0,1.4,0.0,0.3420201433256687,0.9396926207859084,0.0172015754182605,0.9998520419557736,1,0,0,0,0,1.9176462,NORMAL
2020-01-02,96855,Stasiun Geofisika Sleman,Kab. Sleman,DI Yogyakarta,23.4,31.0,26.7,85.0,29.9,1.9,2.0,1.0,7.600000000000001,33.300000000000054,57.2,27.5,0.0,-0.3420201433256686,-0.9396926207859084,0.034398060613608,0.9994082116062598,1,0,0,0,0,2.0084083,NORMAL
2020-01-03,96855,Stasiun Geofisika Sleman,Kab. Sleman,DI Yogyakarta,23.8,31.4,26.5,86.0,9.2,2.2,3.0,1.0,7.599999999999998,41.50000000000006,66.39999999999999,-20.7,1.0,-0.3420201433256686,-0.9396926207859084,0.0515843668694083,0.9986686402879996,1,0,0,0,0,2.0536544,NORMAL
2020-01-04,96855,Stasiun Geofisika Sleman,Kab. Sleman,DI Yogyakarta,23.8,30.2,26.8,87.0,67.2,2.1,4.0,2.0,6.399999999999999,106.30000000000008,113.2,58.0,1.0,-0.6427876096865393,-0.766044443118978,0.0687554084811394,0.9976335468520452,1,0,0,0,0,2.548613,NORMAL
2020-01-05,96855,Stasiun Geofisika Sleman,Kab. Sleman,DI Yogyakarta,24.4,28.0,25.3,96.0,3.0,0.1,3.0,1.0,3.6000000000000014,79.40000000000005,114.2,-64.2,-1.0,-0.3420201433256686,-0.9396926207859084,0.0859061042613327,0.9963032375991964,1,0,0,0,0,2.9794612,NORMAL
2020-01-06,96855,Stasiun Geofisika Sleman,Kab. Sleman,DI Yogyakarta,23.4,31.4,26.7,88.0,11.4,0.0,2.0,2.0,8.0,81.60000000000007,124.1,8.4,-1.0,-0.3420201433256686,-0.9396926207859084,0.1030313790431787,0.9946781061893646,1,0,0,0,0,2.0710545,NORMAL
2020-01-07,96855,Stasiun Geofisika Sleman,Kab. Sleman,DI Yogyakarta,23.6,31.4,25.8,92.0,42.8,4.6,2.0,1.0,7.799999999999997,57.20000000000005,165.9,31.4,0.0,-0.8660254037844386,0.5000000000000001,0.1201261651823505,0.9927586335250792,1,0,0,0,0,1.873483,NORMAL
2020-01-08,96855,Stasiun Geofisika Sleman,Kab. Sleman,DI Yogyakarta,24.2,30.0,25.8,92.0,0.6,0.8,4.0,1.0,5.800000000000001,54.80000000000005,164.1,-42.2,2.0,1.2246467991473532e-16,-1.0,0.1371854040566005,0.9905453876091832,1,0,0,0,0,2.0294628,NORMAL
2020-01-09,96855,Stasiun Geofisika Sleman,Kab. Sleman,DI Yogyakarta,24.0,31.0,27.0,86.0,6.0,1.4,2.0,1.0,7.0,49.400000000000055,140.2,5.4,-2.0,-0.3420201433256686,-0.9396926207859084,0.1542040475626894,0.988039023376751,1,0,0,0,0,2.0323575,NORMAL
2020-01-10,96855,Stasiun Geofisika Sleman,Kab. Sleman,DI Yogyakarta,23.0,30.8,25.8,88.0,33.2,5.4,3.0,1.0,7.800000000000001,39.80000000000006,164.2,27.200000000000003,1.0,1.2246467991473532e-16,-1.0,0.1711770596101998,0.985240282501282,1,0,0,0,0,2.1251783,NORMAL
2020-01-11,96855,Stasiun Geofisika Sleman,Kab. Sleman,DI Yogyakarta,23.4,30.0,26.3,88.0,35.2,1.6,2.0,2.0,6.600000000000001,74.40000000000006,132.2,2.0,-1.0,-0.3420201433256686,-0.9396926207859084,0.1880994176117975,0.9821499931752292,1,0,0,0,0,2.1536863,NORMAL
2020-01-12,96855,Stasiun Geofisika Sleman,Kab. Sleman,DI Yogyakarta,23.0,31.4,26.4,83.0,16.8,1.9,3.0,2.0,8.399999999999999,85.20000000000006,146.0,-18.4,1.0,-1.0,-1.8369701987210294e-16,0.2049661139694953,0.9787690698649216,1,0,0,0,0,2.207036,NORMAL
2020-01-13,96855,Stasiun Geofisika Sleman,Kab. Sleman,DI Yogyakarta,23.6,32.4,27.4,78.0,0.0,4.9,3.0,2.0,8.799999999999997,52.00000000000006,134.6,-16.8,0.0,-0.984807753012208,-0.1736481776669303,0.2217721575564818,0.975098513039961,1,0,0,0,0,2.2566893,NORMAL
2020-01-14,96855,Stasiun Geofisika Sleman,Kab. Sleman,DI Yogyakarta,23.8,33.4,27.7,82.0,1.0,8.2,2.0,1.0,9.599999999999998,17.800000000000058,92.8,1.0,-1.0,-0.3420201433256686,-0.9396926207859084,0.2385125751940764,0.9711394088771652,1,0,0,0,0,2.149882,NORMAL
2020-01-15,96855,Stasiun Geofisika Sleman,Kab. Sleman,DI Yogyakarta,23.8,33.2,27.6,86.0,2.6,8.3,2.0,1.0,9.400000000000002,3.600000000000057,94.8,1.6,0.0,-0.3420201433256686,-0.9396926207859084,0.2551824131233728,0.966892928939152,1,0,0,0,0,2.0746648,NORMAL
2020-01-16,96855,Stasiun Geofisika Sleman,Kab. Sleman,DI Yogyakarta,23.8,32.0,28.0,79.0,0.4,4.5,2.0,1.0,8.2,4.000000000000057,89.2,-2.2,0.0,1.2246467991473532e-16,-1.0,0.2717767384711357,0.9623603298276544,1,0,0,0,0,2.0771394,NORMAL
2020-01-17,96855,Stasiun Geofisika Sleman,Kab. Sleman,DI Yogyakarta,24.0,33.0,27.3,82.0,0.0,8.1,3.0,1.0,9.0,3.000000000000057,56.00000000000001,-0.4,1.0,-0.3420201433256686,-0.9396926207859084,0.2882906407095177,0.957542952811672,1,0,0,0,0,2.082865,NORMAL
2020-01-18,96855,Stasiun Geofisika Sleman,Kab. Sleman,DI Yogyakarta,22.0,33.4,26.6,79.0,0.0,6.9,2.0,1.0,11.4,0.4000000000000568,20.8,0.0,-1.0,-0.5000000000000001,-0.8660254037844386,0.3047192331091634,0.9524422234305676,1,0,0,0,0,2.0864584,NORMAL
2020-01-19,96855,Stasiun Geofisika Sleman,Kab. Sleman,DI Yogyakarta,23.4,33.0,27.7,80.0,0.0,10.6,2.0,1.0,9.6,0.0,4.0,0.0,0.0,1.0,6.123233995736766e-17,0.321057654185271,0.9470596510722284,1,0,0,0,0,2.0747397,NORMAL
2020-01-20,96855,Stasiun Geofisika Sleman,Kab. Sleman,DI Yogyakarta,24.0,33.4,28.0,80.0,0.0,10.4,3.0,1.0,9.4,0.0,4.0,0.0,1.0,-0.3420201433256686,-0.9396926207859084,0.3373010691361842,0.9413968285264122,1,1,0,0,0,2.0386448,NORMAL
2020-01-21,96855,Stasiun Geofisika Sleman,Kab. Sleman,DI Yogyakarta,24.2,33.4,27.4,84.0,0.0,10.6,2.0,1.0,9.2,0.0,3.0,0.0,-1.0,1.2246467991473532e-16,-1.0,0.3534446712740877,0.9354554315134164,1,1,0,0,0,2.042208,NORMAL
2020-01-22,96855,Stasiun Geofisika Sleman,Kab. Sleman,DI Yogyakarta,24.0,33.4,27.5,83.0,0.0,7.7,3.0,1.0,9.4,0.0,0.4,0.0,1.0,-0.1736481776669304,0.984807753012208,0.3694836834473831,0.9292372181882051,1,1,0,0,0,2.0575945,NORMAL
2020-01-23,96855,Stasiun Geofisika Sleman,Kab. Sleman,DI Yogyakarta,24.0,32.4,27.1,86.0,0.0,5.3,2.0,0.0,8.399999999999999,0.0,0.0,0.0,-1.0,-0.3420201433256686,-0.9396926207859084,0.3854133594543256,0.9227440286201428,1,0,0,0,0,2.0643322,NORMAL
2020-01-24,96855,Stasiun Geofisika Sleman,Kab. Sleman,DI Yogyakarta,24.4,33.4,28.3,80.0,1.2,3.6,2.0,1.0,9.0,1.2000000000000568,1.2,1.2,0.0,1.2246467991473532e-16,-1.0,0.4012289854475009,0.9159777842484876,1,1,0,0,0,2.0408256,NORMAL
2020-01-25,96855,Stasiun Geofisika Sleman,Kab. Sleman,DI Yogyakarta,25.2,31.8,27.0,89.0,2.4,9.5,3.0,1.0,6.600000000000001,3.6000000000000565,3.6,1.2,1.0,-0.8660254037844386,0.5000000000000001,0.4169258813287287,0.908940487313808,1,1,0,0,0,2.0479283,NORMAL
2020-01-26,96855,Stasiun Geofisika Sleman,Kab. Sleman,DI Yogyakarta,24.0,32.6,27.3,85.0,3.6,4.1,2.0,1.0,8.600000000000001,7.200000000000057,7.2,1.2000000000000002,-1.0,-1.0,-1.8369701987210294e-16,0.4324994021339788,0.901634220265486,1,0,0,0,0,2.0441306,NORMAL
2020-01-27,96855,Stasiun Geofisika Sleman,Kab. Sleman,DI Yogyakarta,24.2,33.0,26.5,89.0,29.0,5.0,2.0,1.0,8.8,35.00000000000006,36.2,25.4,0.0,0.6427876096865393,0.766044443118978,0.4479449394078911,0.8940611451454876,1,0,0,0,0,2.0685956,NORMAL
2020-01-28,96855,Stasiun Geofisika Sleman,Kab. Sleman,DI Yogyakarta,23.2,32.4,27.2,87.0,9.4,5.0,2.0,1.0,9.2,42.00000000000006,45.6,-19.6,0.0,1.2246467991473532e-16,-1.0,0.4632579225674917,0.88622350294858,1,0,0,0,0,2.0711434,NORMAL
2020-01-29,96855,Stasiun Geofisika Sleman,Kab. Sleman,DI Yogyakarta,24.2,33.4,27.9,87.0,2.8,5.5,2.0,1.0,9.2,41.20000000000006,48.4,-6.6000000000000005,0.0,-0.3420201433256686,-0.9396926207859084,0.4784338202547012,0.8781236129591848,1,0,0,0,0,2.081423,NORMAL
2020-01-30,96855,Stasiun Geofisika Sleman,Kab. Sleman,DI Yogyakarta,24.8,30.6,26.5,89.0,2.25,4.3,4.0,1.0,5.800000000000001,14.450000000000056,50.65,-0.5499999999999998,2.0,-1.0,-1.8369701987210294e-16,0.4934681416772373,0.8697638720650646,1,1,0,0,0,2.119067,NORMAL
2020-01-31,96855,Stasiun Geofisika Sleman,Kab. Sleman,DI Yogyakarta,23.6,32.8,26.7,87.0,1.7,1.7,2.0,1.0,9.199999999999996,6.750000000000057,51.15,-0.55,-2.0,-0.3420201433256686,-0.9396926207859084,0.5083564379375122,0.8611467540480452,1,0,0,0,0,2.1403625,NORMAL
2020-02-01,96855,Stasiun Geofisika Sleman,Kab. Sleman,DI Yogyakarta,24.4,33.5,27.8,83.0,7.5,4.8,2.0,1.0,9.1,11.450000000000056,56.25,5.8,0.0,-0.9396926207859084,-0.3420201433256685,0.5230943033491326,0.8522748088519838,1,1,0,0,0,2.0570338,NORMAL
2020-02-02,96855,Stasiun Geofisika Sleman,Kab. Sleman,DI Yogyakarta,24.4,32.0,26.3,90.0,13.3,4.0,2.0,1.0,7.600000000000001,22.500000000000057,65.94999999999999,5.799999999999999,0.0,-0.3420201433256686,-0.9396926207859084,0.5376773767406141,0.8431506618282,1,1,0,0,0,2.0328012,NORMAL
2020-02-03,96855,Stasiun Geofisika Sleman,Kab. Sleman,DI Yogyakarta,23.4,33.1,26.6,87.0,19.1,1.7,2.0,1.0,9.700000000000005,39.90000000000006,56.05,5.8000000000000025,0.0,-0.3420201433256686,-0.9396926207859084,0.5521013427459208,0.8337770129585915,1,0,0,0,0,1.5024464,NORMAL
2020-02-04,96855,Stasiun Geofisika Sleman,Kab. Sleman,DI Yogyakarta,23.9,32.8,27.2,87.0,1.0,7.2,2.0,1.0,8.899999999999999,33.40000000000006,47.65,-18.1,0.0,-0.3420201433256686,-0.9396926207859084,0.5663619330814524,0.8241566360566663,1,0,0,0,0,1.1259294,NORMAL
2020-02-05,96855,Stasiun Geofisika Sleman,Kab. Sleman,DI Yogyakarta,24.2,32.0,27.3,85.0,0.5,7.4,2.0,1.0,7.800000000000001,20.60000000000006,45.35,-0.5,0.0,1.2246467991473532e-16,-1.0,0.580454927809098,0.8142923779467267,1,1,0,0,0,1.1014799,NORMAL
2020-02-06,96855,Stasiun Geofisika Sleman,Kab. Sleman,DI Yogyakarta,24.4,31.4,27.1,87.0,0.0,5.6,2.0,1.0,7.0,1.5000000000000568,43.1,-0.5,0.0,1.2246467991473532e-16,-1.0,0.5943761565849831,0.804187157621448,1,0,0,0,0,0.9311477,NORMAL
2020-02-07,96855,Stasiun Geofisika Sleman,Kab. Sleman,DI Yogyakarta,24.4,32.8,27.2,85.0,0.0,3.5,3.0,1.0,8.399999999999999,0.5000000000000568,41.4,0.0,1.0,-0.3420201433256686,-0.9396926207859084,0.6081214998935418,0.7938439653781019,1,0,0,0,0,0.74591464,NORMAL
2020-02-08,96855,Stasiun Geofisika Sleman,Kab. Sleman,DI Yogyakarta,23.4,33.4,26.6,86.0,7.7,6.1,2.0,0.0,10.0,7.700000000000057,41.6,7.7,-1.0,-0.9396926207859084,-0.3420201433256685,0.6216868902665479,0.7832658619336791,1,1,0,0,0,0.7434609,NORMAL
2020-02-09,96855,Stasiun Geofisika Sleman,Kab. Sleman,DI Yogyakarta,24.4,29.6,26.6,89.0,15.4,4.1,2.0,1.0,5.200000000000003,23.10000000000006,43.7,7.7,0.0,1.0,6.123233995736766e-17,0.6350683134867438,0.7724559775191742,1,0,0,0,0,0.64241886,NORMAL
2020-02-10,96855,Stasiun Geofisika Sleman,Kab. Sleman,DI Yogyakarta,23.8,30.4,26.3,85.0,20.0,0.7,3.0,1.0,6.599999999999998,43.10000000000006,44.6,4.6,1.0,-0.9396926207859084,-0.3420201433256685,0.6482618097757122,0.7614175109532997,1,0,0,0,0,0.59645987,NORMAL
2020-02-11,96855,Stasiun Geofisika Sleman,Kab. Sleman,DI Yogyakarta,24.2,31.6,26.7,86.0,1.2,2.8,3.0,1.0,7.400000000000002,36.60000000000006,44.8,-18.8,0.0,-0.3420201433256686,-0.9396926207859084,0.6612634749656386,0.7501537286959042,1,0,0,0,0,0.56098866,NORMAL
2020-02-12,96855,Stasiun Geofisika Sleman,Kab. Sleman,DI Yogyakarta,24.4,31.2,26.3,90.0,0.0,3.9,2.0,0.0,6.800000000000001,21.200000000000056,44.3,-1.2,-1.0,1.0,6.123233995736766e-17,0.6740694616546161,0.7386679638813748,1,0,0,0,0,0.52346295,NORMAL
2020-02-13,96855,Stasiun Geofisika Sleman,Kab. Sleman,DI Yogyakarta,23.6,32.8,26.7,88.0,6.2,3.1,2.0,0.0,9.199999999999996,7.400000000000057,50.5,6.2,0.0,-0.3420201433256686,-0.9396926207859084,0.6866759803451553,0.726963615332308,1,0,0,0,0,0.52095765,NORMAL
2020-02-14,96855,Stasiun Geofisika Sleman,Kab. Sleman,DI Yogyakarta,24.0,33.8,26.7,88.0,18.2,5.2,3.0,1.0,9.799999999999995,24.400000000000052,68.7,12.0,1.0,-0.1736481776669304,0.984807753012208,0.6990793005655562,0.7150441465537444,1,0,0,0,0,0.5470378,NORMAL
2020-02-15,96855,Stasiun Geofisika Sleman,Kab. Sleman,DI Yogyakarta,23.2,32.4,26.3,89.0,43.0,5.8,2.0,1.0,9.2,67.40000000000006,104.0,24.8,-1.0,-0.8660254037844386,0.5000000000000001,0.7112757519738152,0.7029130847082615,1,0,0,0,0,0.67256784,NORMAL
2020-02-16,96855,Stasiun Geofisika Sleman,Kab. Sleman,DI Yogyakarta,23.8,32.0,27.3,84.0,6.0,3.9,2.0,1.0,8.2,67.20000000000005,94.6,-37.0,0.0,-0.3420201433256686,-0.9396926207859084,0.7232617254437388,0.6905740195722294,1,0,0,0,0,0.795819,NORMAL
2020-02-17,96855,Stasiun Geofisika Sleman,Kab. Sleman,DI Yogyakarta,24.0,31.8,26.4,84.0,3.2,7.8,4.0,2.0,7.800000000000001,52.20000000000006,77.8,-2.8,2.0,-0.9396926207859084,-0.3420201433256685,0.7350336741329412,0.6780306024735382,1,1,0,0,0,0.8174046,NORMAL
2020-02-18,96855,Stasiun Geofisika Sleman,Kab. Sleman,DI Yogyakarta,23.6,31.8,26.5,88.0,0.4,3.3,2.0,1.0,8.2,9.600000000000056,77.0,-2.8000000000000003,-2.0,-0.3420201433256686,-0.9396926207859084,0.746588114532413,0.6652865452111116,1,0,0,0,0,0.82006854,NORMAL
2020-02-19,96855,Stasiun Geofisika Sleman,Kab. Sleman,DI Yogyakarta,23.4,31.2,26.3,88.0,22.1,4.3,2.0,1.0,7.800000000000001,25.70000000000006,99.1,21.700000000000003,0.0,1.2246467991473532e-16,-1.0,0.7579216274973472,0.6523456189565257,1,0,0,0,0,0.8587474,NORMAL
2020-02-20,96855,Stasiun Geofisika Sleman,Kab. Sleman,DI Yogyakarta,23.6,31.0,26.4,88.0,34.7,3.2,2.0,1.0,7.399999999999999,57.20000000000006,127.6,12.6,0.0,-0.1736481776669304,0.984807753012208,0.7690308592589181,0.6392116531380588,1,0,0,0,0,0.904986,NORMAL
2020-02-21,96855,Stasiun Geofisika Sleman,Kab. Sleman,DI Yogyakarta,23.8,32.0,26.7,90.0,70.5,0.0,2.0,1.0,8.2,127.30000000000008,179.9,35.8,0.0,1.2246467991473532e-16,-1.0,0.7799125224167177,0.6258885343075018,1,0,0,0,0,1.1978997,NORMAL
2020-02-22,96855,Stasiun Geofisika Sleman,Kab. Sleman,DI Yogyakarta,23.2,32.0,27.0,86.0,58.3,4.8,2.0,1.0,8.8,163.50000000000006,195.2,-12.200000000000005,0.0,1.2246467991473532e-16,-1.0,0.7905633969115482,0.612380204990065,1,0,0,0,0,1.3513099,NORMAL
2020-02-23,96855,Stasiun Geofisika Sleman,Kab. Sleman,DI Yogyakarta,23.6,33.2,27.3,86.0,29.15,6.9,2.0,1.0,9.6,157.95000000000007,218.35,-29.15,0.0,-0.3420201433256686,-0.9396926207859084,0.8009803309782905,0.5986906625177214,1,1,0,0,0,1.4780246,NORMAL
2020-02-24,96855,Stasiun Geofisika Sleman,Kab. Sleman,DI Yogyakarta,24.2,31.8,26.8,90.0,0.0,7.9,2.0,0.0,7.600000000000001,87.45000000000005,215.15,-29.15,0.0,1.0,6.123233995736766e-17,0.8111602420785621,0.5848239578463322,1,0,0,0,0,1.5660605,NORMAL
2020-02-25,96855,Stasiun Geofisika Sleman,Kab. Sleman,DI Yogyakarta,23.8,32.0,26.6,89.0,58.2,4.1,2.0,1.0,8.2,87.35000000000005,272.95,58.2,0.0,1.0,6.123233995736766e-17,0.8211001178128892,0.5707841943569036,1,0,0,0,0,1.978961,NORMAL
2020-02-26,96855,Stasiun Geofisika Sleman,Kab. Sleman,DI Yogyakarta,23.8,32.6,26.6,88.0,14.1,5.3,2.0,1.0,8.8,72.30000000000005,264.95,-44.1,0.0,-0.3420201433256686,-0.9396926207859084,0.8307970168121247,0.5565755266413303,1,0,0,0,0,2.0642397,NORMAL
2020-02-27,96855,Stasiun Geofisika Sleman,Kab. Sleman,DI Yogyakarta,24.0,32.8,27.4,82.0,5.0,3.8,2.0,1.0,8.799999999999997,77.30000000000005,235.25,-9.1,0.0,-0.3420201433256686,-0.9396926207859084,0.8402480696078469,0.5422021592729844,1,0,0,0,0,2.039866,NORMAL
2020-02-28,96855,Stasiun Geofisika Sleman,Kab. Sleman,DI Yogyakarta,24.2,31.8,27.2,88.0,5.0,5.0,2.0,1.0,7.600000000000001,24.10000000000006,169.75,0.0,0.0,-0.3420201433256686,-0.9396926207859084,0.8494504794814806,0.527668345562516,1,0,0,0,0,2.033423,NORMAL
2020-02-29,96855,Stasiun Geofisika Sleman,Kab. Sleman,DI Yogyakarta,24.2,32.2,27.0,88.0,3.4,2.3,2.0,1.0,8.000000000000004,13.400000000000055,114.85,-1.6,0.0,-0.3420201433256686,-0.9396926207859084,0.8584015232918917,0.512978386299228,1,1,0,0,0,2.0117657,NORMAL
2020-03-01,96855,Stasiun Geofisika Sleman,Kab. Sleman,DI Yogyakarta,24.4,30.0,25.5,95.0,1.8,5.4,2.0,0.0,5.600000000000001,10.200000000000056,87.5,-1.6,0.0,1.2246467991473532e-16,-1.0,0.8670985522812081,0.4981366284784055,1,0,0,0,0,2.0145948,NORMAL
2020-03-02,96855,Stasiun Geofisika Sleman,Kab. Sleman,DI Yogyakarta,24.0,32.1,26.3,92.0,14.0,0.4,1.0,0.0,8.100000000000001,19.200000000000056,101.5,12.2,-1.0,-0.3420201433256686,-0.9396926207859084,0.8755389928586302,0.4831474640149687,1,0,0,0,0,2.02814,NORMAL
2020-03-03,96855,Stasiun Geofisika Sleman,Kab. Sleman,DI Yogyakarta,24.0,32.2,26.7,89.0,37.2,4.9,2.0,1.0,8.200000000000003,53.00000000000006,80.5,23.200000000000003,1.0,1.2246467991473532e-16,-1.0,0.8837203473619977,0.4680153284438345,1,0,0,0,0,2.0832758,NORMAL
2020-03-04,96855,Stasiun Geofisika Sleman,Kab. Sleman,DI Yogyakarta,24.0,29.6,25.6,93.0,71.4,5.2,2.0,1.0,5.600000000000001,122.60000000000008,137.8,34.2,0.0,-0.3420201433256686,-0.9396926207859084,0.8916401947968874,0.452744699607371,1,1,0,0,0,2.309203,NORMAL
2020-03-05,96855,Stasiun Geofisika Sleman,Kab. Sleman,DI Yogyakarta,23.0,27.8,24.8,91.0,105.6,0.0,2.0,0.0,4.800000000000001,214.20000000000005,238.4,34.19999999999999,0.0,-1.0,-1.8369701987210294e-16,0.8992961915530253,0.4373400963303323,1,0,0,0,0,2.7982945,NORMAL
2020-03-06,96855,Stasiun Geofisika Sleman,Kab. Sleman,DI Yogyakarta,23.2,32.7,27.6,79.0,3.3,0.0,3.0,1.0,9.500000000000004,180.30000000000007,236.7,-102.3,1.0,-0.9396926207859084,-0.3420201433256685,0.9066860720977984,0.4218060770826634,1,0,0,0,0,3.8168168,NORMAL
2020-03-07,96855,Stasiun Geofisika Sleman,Kab. Sleman,DI Yogyakarta,24.2,31.2,26.6,90.0,1.6,8.1,2.0,1.0,7.0,110.50000000000006,234.9,-1.6999999999999995,-1.0,-0.3420201433256686,-0.9396926207859084,0.9138076496466616,0.4061472386305788,1,0,0,0,0,3.8249426,NORMAL
2020-03-08,96855,Stasiun Geofisika Sleman,Kab. Sleman,DI Yogyakarta,23.8,30.2,26.3,88.0,18.3,1.7,2.0,1.0,6.399999999999999,23.200000000000056,251.4,16.7,0.0,-0.3420201433256686,-0.9396926207859084,0.9206588168102428,0.3903682146763026,1,0,0,0,0,3.836866,NORMAL
2020-03-09,96855,Stasiun Geofisika Sleman,Kab. Sleman,DI Yogyakarta,23.8,29.0,24.9,95.0,13.0,1.1,3.0,1.0,5.199999999999999,32.900000000000055,250.4,-5.300000000000001,1.0,-0.3420201433256686,-0.9396926207859084,0.9272375462179536,0.374473674486883,1,0,0,0,0,3.8318937,NORMAL
2020-03-10,96855,Stasiun Geofisika Sleman,Kab. Sleman,DI Yogyakarta,23.0,32.2,26.8,85.0,33.1,0.0,2.0,1.0,9.200000000000005,64.40000000000006,246.3,20.1,-1.0,1.2246467991473532e-16,-1.0,0.9335418911179212,0.3584683215124808,1,0,0,0,0,3.8496819,NORMAL
2020-03-11,96855,Stasiun Geofisika Sleman,Kab. Sleman,DI Yogyakarta,24.2,33.0,27.0,89.0,0.2,5.4,2.0,0.0,8.8,46.30000000000006,175.1,-32.9,0.0,-1.0,-1.8369701987210294e-16,0.9395699859530622,0.342356891994542,1,0,0,0,0,3.934997,NORMAL
2020-03-12,96855,Stasiun Geofisika Sleman,Kab. Sleman,DI Yogyakarta,24.0,32.6,26.9,88.0,47.0,2.8,2.0,1.0,8.600000000000001,80.30000000000005,116.5,46.8,0.0,-0.3420201433256686,-0.9396926207859084,0.945320046913132,0.3261441535642696,1,0,0,0,0,4.117923,NORMAL
2020-03-13,96855,Stasiun Geofisika Sleman,Kab. Sleman,DI Yogyakarta,24.2,32.0,27.1,87.0,1.8,5.0,2.0,1.0,7.800000000000001,49.00000000000006,115.0,-45.2,0.0,1.0,6.123233995736766e-17,0.9507903724625832,0.3098349038318025,1,0,0,0,0,4.3164167,NORMAL
2020-03-14,96855,Stasiun Geofisika Sleman,Kab. Sleman,DI Yogyakarta,24.0,33.2,27.4,84.0,0.9,4.7,2.0,1.0,9.200000000000005,49.70000000000006,114.3,-0.9,0.0,-0.3420201433256686,-0.9396926207859084,0.9559793438440766,0.2934339689665273,1,1,0,0,0,4.3504415,NORMAL
2020-03-15,96855,Stasiun Geofisika Sleman,Kab. Sleman,DI Yogyakarta,25.0,33.4,28.3,81.0,0.0,8.4,2.0,1.0,8.399999999999999,2.700000000000057,96.0,-0.9,0.0,-0.5000000000000001,-0.8660254037844386,0.9608854255574976,0.2769462022689364,1,0,0,0,0,4.3743,NORMAL
2020-03-16,96855,Stasiun Geofisika Sleman,Kab. Sleman,DI Yogyakarta,24.2,32.8,27.6,84.0,0.0,8.4,2.0,1.0,8.599999999999998,0.9000000000000569,83.0,0.0,0.0,-0.3420201433256686,-0.9396926207859084,0.9655071658143364,0.2603764827344581,1,1,0,0,0,4.282085,NORMAL
2020-03-17,96855,Stasiun Geofisika Sleman,Kab. Sleman,DI Yogyakarta,24.2,33.4,28.1,84.0,0.0,9.7,2.0,1.0,9.2,0.0,49.900000000000006,0.0,0.0,-0.3420201433256686,-0.9396926207859084,0.969843196967294,0.2437297136096838,1,1,0,0,0,4.2004304,NORMAL
2020-03-18,96855,Stasiun Geofisika Sleman,Kab. Sleman,DI Yogyakarta,25.2,32.8,27.2,85.0,0.0,7.3,2.0,1.0,7.599999999999998,0.0,49.7,0.0,0.0,1.2246467991473532e-16,-1.0,0.9738922359149924,0.2270108209414184,1,0,0,0,0,4.229616,NORMAL
2020-03-19,96855,Stasiun Geofisika Sleman,Kab. Sleman,DI Yogyakarta,24.4,31.8,26.0,92.0,8.6,2.9,2.0,1.0,7.400000000000002,8.600000000000056,11.3,8.6,0.0,1.2246467991473532e-16,-1.0,0.977653084481664,0.2102247521189836,1,0,0,0,0,4.299779,NORMAL
2020-03-20,96855,Stasiun Geofisika Sleman,Kab. Sleman,DI Yogyakarta,23.2,31.8,26.3,89.0,62.4,2.6,2.0,0.0,8.600000000000001,71.00000000000006,71.89999999999999,53.8,0.0,-0.3420201433256686,-0.9396926207859084,0.981124629771712,0.1933764744102058,1,0,0,0,0,4.678193,NORMAL
2020-03-21,96855,Stasiun Geofisika Sleman,Kab. Sleman,DI Yogyakarta,24.2,33.0,26.8,89.0,42.0,4.8,2.0,0.0,8.8,113.00000000000006,113.0,-20.4,0.0,1.0,6.123233995736766e-17,0.984305844499033,0.1764709734915216,1,0,0,0,0,4.754507,NORMAL
2020-03-22,96855,Stasiun Geofisika Sleman,Kab. Sleman,DI Yogyakarta,25.4,33.2,27.9,83.0,30.6,6.8,2.0,1.0,7.800000000000004,135.00000000000006,143.6,-11.400000000000002,0.0,-0.6427876096865393,-0.766044443118978,0.9871957872910084,0.1595132519726365,1,1,0,0,0,4.4914045,NORMAL
2020-03-23,96855,Stasiun Geofisika Sleman,Kab. Sleman,DI Yogyakarta,23.3,31.8,25.1,94.0,19.2,5.1,2.0,0.0,8.5,91.80000000000004,162.79999999999998,-11.4,0.0,-0.6427876096865393,-0.766044443118978,0.9897936029670716,0.1425083279161708,1,0,0,0,0,4.3349614,NORMAL
2020-03-24,96855,Stasiun Geofisika Sleman,Kab. Sleman,DI Yogyakarta,22.8,32.2,25.8,88.0,4.6,0.6,2.0,1.0,9.400000000000002,54.400000000000055,167.39999999999998,-14.6,0.0,-0.3420201433256686,-0.9396926207859084,0.992098522791769,0.1254612333527364,1,0,0,0,0,4.2186527,NORMAL
2020-03-25,96855,Stasiun Geofisika Sleman,Kab. Sleman,DI Yogyakarta,24.2,32.0,26.4,91.0,90.3,5.8,2.0,0.0,7.800000000000001,114.10000000000004,257.7,85.7,0.0,1.2246467991473532e-16,-1.0,0.9941098647022418,0.108377012791876,1,0,0,0,0,5.0752854,NORMAL
2020-03-26,96855,Stasiun Geofisika Sleman,Kab. Sleman,DI Yogyakarta,23.9,33.4,27.5,85.0,3.9,4.6,2.0,0.0,9.5,98.80000000000004,253.0,-86.39999999999999,0.0,0.9396926207859084,-0.3420201433256687,0.9958270335100596,0.0912607217293118,1,0,0,0,0,5.322474,WASPADA
2020-03-27,96855,Stasiun Geofisika Sleman,Kab. Sleman,DI Yogyakarta,24.1,32.4,27.4,86.0,2.2,7.3,2.0,1.0,8.299999999999997,96.40000000000003,192.8,-1.6999999999999995,0.0,-0.6427876096865393,-0.766044443118978,0.9972495210773452,0.0741174251509443,1,1,0,0,0,5.129385,NORMAL
2020-03-28,96855,Stasiun Geofisika Sleman,Kab. Sleman,DI Yogyakarta,24.2,33.0,26.4,91.0,0.5,5.2,2.0,1.0,8.8,6.6000000000000565,151.29999999999998,-1.7000000000000002,0.0,-0.3420201433256686,-0.9396926207859084,0.998376906467142,0.0569521960340397,1,0,0,0,0,5.126588,NORMAL
2020-03-29,96855,Stasiun Geofisika Sleman,Kab. Sleman,DI Yogyakarta,23.0,32.6,26.1,88.0,4.3,4.8,2.0,0.0,9.6,7.000000000000057,125.0,3.8,0.0,1.0,6.123233995736766e-17,0.9992088560679752,0.0397701138460557,1,0,0,0,0,5.162604,NORMAL
2020-03-30,96855,Stasiun Geofisika Sleman,Kab. Sleman,DI Yogyakarta,23.3,31.8,27.0,89.0,4.1,4.5,2.0,1.0,8.5,8.900000000000055,109.9,-0.2000000000000001,0.0,-1.0,-1.8369701987210294e-16,0.9997451236925734,0.0225762630415454,1,0,0,0,0,5.20118,NORMAL
2020-03-31,96855,Stasiun Geofisika Sleman,Kab. Sleman,DI Yogyakarta,24.4,31.8,26.5,90.0,24.15,5.9,2.0,1.0,7.400000000000002,32.550000000000054,129.45,20.05,0.0,-1.0,-1.8369701987210294e-16,0.9999855506507186,0.0053757315575838,1,1,0,0,0,5.287272,NORMAL
2020-04-01,96855,Stasiun Geofisika Sleman,Kab. Sleman,DI Yogyakarta,23.4,31.4,26.6,88.0,44.2,5.5,2.0,0.0,8.0,72.45000000000006,83.35,20.050000000000004,0.0,-0.3420201433256686,0.9396926207859084,0.9999300657962056,-0.0118263906918325,1,0,0,0,0,5.409188,WASPADA
2020-04-02,96855,Stasiun Geofisika Sleman,Kab. Sleman,DI Yogyakarta,24.0,31.6,26.2,93.0,27.450000000000003,4.1,2.0,0.0,7.600000000000001,95.80000000000008,106.9,-16.75,0.0,0.9396926207859084,-0.3420201433256687,0.9995786855478958,-0.0290250133219752,1,1,0,0,0,5.422919,WASPADA
2020-04-03,96855,Stasiun Geofisika Sleman,Kab. Sleman,DI Yogyakarta,24.8,32.2,26.1,93.0,10.7,1.8,2.0,0.0,7.400000000000002,82.35000000000007,115.4,-16.750000000000004,0.0,1.2246467991473532e-16,-1.0,0.9989315138848576,-0.0462150469837083,1,0,0,0,0,5.1693406,NORMAL
2020-04-04,96855,Stasiun Geofisika Sleman,Kab. Sleman,DI Yogyakarta,24.2,33.0,27.3,89.0,14.0,3.9,2.0,0.0,8.8,52.15000000000006,128.9,3.3000000000000007,0.0,-0.3420201433256686,-0.9396926207859084,0.9979887423155984,-0.0633914048695103,1,0,0,0,0,4.4908476,NORMAL
2020-04-05,96855,Stasiun Geofisika Sleman,Kab. Sleman,DI Yogyakarta,24.2,31.6,26.3,91.0,7.7,5.3,2.0,1.0,7.400000000000002,32.400000000000055,132.3,-6.3,0.0,-0.9396926207859084,-0.3420201433256685,0.9967506498213928,-0.0805490042187416,1,0,0,0,0,3.4418309,NORMAL
2020-04-06,96855,Stasiun Geofisika Sleman,Kab. Sleman,DI Yogyakarta,23.8,30.2,26.1,90.0,35.4,1.9,2.0,0.0,6.399999999999999,57.10000000000005,163.6,27.7,0.0,-0.5000000000000001,-0.8660254037844386,0.9952176027737294,-0.0976827678217159,1,0,0,0,0,3.5096383,NORMAL
2020-04-07,96855,Stasiun Geofisika Sleman,Kab. Sleman,DI Yogyakarta,23.7,31.8,26.5,87.0,6.2,3.0,2.0,1.0,8.100000000000001,49.30000000000006,145.65,-29.2,0.0,-0.3420201433256686,-0.9396926207859084,0.9933900548258936,-0.114787625522127,1,0,0,0,0,3.555022,NORMAL
2020-04-08,96855,Stasiun Geofisika Sleman,Kab. Sleman,DI Yogyakarta,23.4,31.8,27.3,84.0,0.0,8.2,2.0,1.0,8.400000000000002,41.60000000000006,101.45,-6.2,0.0,-2.4492935982947064e-16,1.0,0.9912685467787256,-0.1318585157173911,1,0,0,0,0,3.5571442,NORMAL
2020-04-09,96855,Stasiun Geofisika Sleman,Kab. Sleman,DI Yogyakarta,24.0,33.0,27.7,84.0,0.0,7.5,2.0,1.0,9.0,6.200000000000057,74.0,0.0,0.0,1.2246467991473532e-16,-1.0,0.9888537064205885,-0.1488903868564548,1,0,0,0,0,3.4818053,NORMAL
2020-04-10,96855,Stasiun Geofisika Sleman,Kab. Sleman,DI Yogyakarta,24.2,32.8,27.7,86.0,0.0,9.4,3.0,1.0,8.599999999999998,0.0,63.3,0.0,1.0,1.2246467991473532e-16,-1.0,0.986146248341595,-0.1658781989346314,1,0,0,0,0,3.4032726,NORMAL
2020-04-11,96855,Stasiun Geofisika Sleman,Kab. Sleman,DI Yogyakarta,25.0,32.2,27.6,86.0,1.4,9.4,3.0,1.0,7.200000000000003,1.4000000000000568,50.7,1.4,0.0,1.2246467991473532e-16,-1.0,0.98314697372215,-0.1828169249850199,1,0,0,0,0,3.1180105,NORMAL
2020-04-12,96855,Stasiun Geofisika Sleman,Kab. Sleman,DI Yogyakarta,24.0,32.4,27.5,84.0,0.0,8.1,2.0,1.0,8.399999999999999,1.4000000000000568,43.0,-1.4,-1.0,-0.3420201433256686,-0.9396926207859084,0.9798567700958664,-0.1997015525660636,1,0,0,0,0,2.9329815,NORMAL
2020-04-13,96855,Stasiun Geofisika Sleman,Kab. Sleman,DI Yogyakarta,23.0,33.0,27.3,78.0,0.0,9.3,2.0,1.0,10.0,1.4000000000000568,7.6,0.0,0.0,-1.0,-1.8369701987210294e-16,0.976276611086932,-0.2165270852448143,1,0,0,0,0,2.9489257,NORMAL
2020-04-14,96855,Stasiun Geofisika Sleman,Kab. Sleman,DI Yogyakarta,23.8,32.2,26.8,83.0,0.25,10.0,2.0,1.0,8.400000000000002,0.2500000000000568,1.65,0.25,0.0,1.2246467991473532e-16,-1.0,0.9724075561219968,-0.2332885440754551,1,1,0,0,0,2.967527,NORMAL
2020-04-15,96855,Stasiun Geofisika Sleman,Kab. Sleman,DI Yogyakarta,23.8,32.4,26.6,87.0,0.5,8.2,2.0,1.0,8.599999999999998,0.7500000000000568,2.15,0.25,0.0,1.0,6.123233995736766e-17,0.9682507501166718,-0.2499809690726521,1,0,0,0,0,2.9983325,NORMAL
2020-04-16,96855,Stasiun Geofisika Sleman,Kab. Sleman,DI Yogyakarta,23.8,32.6,27.0,86.0,13.3,4.6,2.0,0.0,8.8,14.050000000000058,15.45,12.8,0.0,-0.3420201433256686,-0.9396926207859084,0.9638074231367308,-0.2665994206792935,1,0,0,0,0,3.036414,NORMAL
2020-04-17,96855,Stasiun Geofisika Sleman,Kab. Sleman,DI Yogyakarta,23.8,32.0,26.6,87.0,27.1,5.1,2.0,1.0,8.2,40.90000000000006,42.55,13.8,0.0,-0.3420201433256686,0.9396926207859084,0.9590788900341132,-0.2831389812281835,1,1,0,0,0,3.1005027,NORMAL
2020-04-18,96855,Stasiun Geofisika Sleman,Kab. Sleman,DI Yogyakarta,22.2,31.2,25.2,93.0,40.9,5.7,2.0,1.0,9.0,81.30000000000005,82.05000000000001,13.799999999999995,0.0,1.0,6.123233995736766e-17,0.9540665500578388,-0.2995947563972602,1,0,0,0,0,3.1968195,NORMAL
2020-04-19,96855,Stasiun Geofisika Sleman,Kab. Sleman,DI Yogyakarta,23.0,32.8,27.2,86.0,0.0,6.8,2.0,0.0,9.799999999999995,68.00000000000006,82.05000000000001,-40.9,0.0,-0.5000000000000001,-0.8660254037844386,0.9487718864399473,-0.3159618766579029,1,0,0,0,0,2.9577515,NORMAL
2020-04-20,96855,Stasiun Geofisika Sleman,Kab. Sleman,DI Yogyakarta,24.2,32.8,27.4,88.0,1.4,5.1,2.0,0.0,8.599999999999998,42.30000000000005,83.45,1.4,0.0,1.2246467991473532e-16,-1.0,0.9431964659565866,-0.3322354987159043,1,1,0,0,0,2.855093,NORMAL
2020-04-21,96855,Stasiun Geofisika Sleman,Kab. Sleman,DI Yogyakarta,25.2,32.0,27.7,87.0,2.8,4.7,2.0,1.0,6.800000000000001,4.200000000000056,86.0,1.4,0.0,-0.3420201433256686,0.9396926207859084,0.9373419384643772,-0.3484108069446808,1,0,0,0,0,2.8021884,NORMAL
2020-04-22,96855,Stasiun Geofisika Sleman,Kab. Sleman,DI Yogyakarta,25.0,33.6,28.2,84.0,0.0,2.7,2.0,1.0,8.600000000000001,4.200000000000056,85.5,-2.8,0.0,0.9396926207859084,-0.3420201433256687,0.9312100364121948,-0.3644830148102912,1,0,0,0,0,2.7960145,NORMAL
2020-04-23,96855,Stasiun Geofisika Sleman,Kab. Sleman,DI Yogyakarta,25.1,34.2,28.6,84.0,0.1,9.9,2.0,1.0,9.1,2.9000000000000568,72.30000000000001,0.1,0.0,-0.984807753012208,-0.1736481776669303,0.9248025743285088,-0.3804473662878516,1,0,0,0,0,2.8012729,NORMAL
2020-04-24,96855,Stasiun Geofisika Sleman,Kab. Sleman,DI Yogyakarta,24.0,33.0,27.8,82.0,9.1,9.4,2.0,1.0,9.0,9.200000000000056,54.3,9.0,0.0,1.0,6.123233995736766e-17,0.9181214482844364,-0.3962991372689181,1,0,0,0,0,1.7488055,NORMAL
2020-04-25,96855,Stasiun Geofisika Sleman,Kab. Sleman,DI Yogyakarta,24.0,32.2,26.5,88.0,0.0,9.2,2.0,1.0,8.200000000000003,9.200000000000056,13.4,-9.1,0.0,1.2246467991473532e-16,-1.0,0.9111686353326632,-0.4120336369594263,1,0,0,0,0,1.0258574,NORMAL
2020-04-26,96855,Stasiun Geofisika Sleman,Kab. Sleman,DI Yogyakarta,24.2,33.2,27.8,84.0,7.1,2.7,2.0,1.0,9.000000000000004,16.200000000000056,20.5,7.1,0.0,1.2246467991473532e-16,-1.0,0.9039461929224012,-0.4276462092677746,1,0,0,0,0,1.0129454,NORMAL
2020-04-27,96855,Stasiun Geofisika Sleman,Kab. Sleman,DI Yogyakarta,24.6,31.6,26.4,90.0,0.0,7.9,2.0,1.0,7.0,7.1000000000000565,19.1,-7.1,0.0,1.2246467991473532e-16,-1.0,0.8964562582905575,-0.4431322341826345,1,0,0,0,0,1.0269518,NORMAL
2020-04-28,96855,Stasiun Geofisika Sleman,Kab. Sleman,DI Yogyakarta,25.0,31.2,27.3,89.0,12.4,2.9,2.0,0.0,6.199999999999999,19.500000000000057,28.7,12.4,0.0,1.2246467991473532e-16,-1.0,0.8887010478292915,-0.4584871291400876,1,0,0,0,0,1.050214,NORMAL
2020-04-29,96855,Stasiun Geofisika Sleman,Kab. Sleman,DI Yogyakarta,23.8,31.6,26.2,90.0,6.800000000000001,3.7,2.0,1.0,7.800000000000001,19.20000000000006,35.5,-5.6,0.0,1.0,6.123233995736766e-17,0.8806828564301475,-0.47370635037968,1,1,0,0,0,1.0666134,NORMAL
2020-04-30,96855,Stasiun Geofisika Sleman,Kab. Sleman,DI Yogyakarta,22.4,33.0,26.4,83.0,1.2,5.5,2.0,1.0,10.6,20.40000000000006,36.6,-5.6000000000000005,0.0,1.0,6.123233995736766e-17,0.8724040568049612,-0.4887853942889926,1,0,0,0,0,1.0193948,NORMAL
2020-05-01,96855,Stasiun Geofisika Sleman,Kab. Sleman,DI Yogyakarta,22.65,33.2,27.1,81.0,0.0,7.5,2.0,0.0,10.550000000000004,8.000000000000057,27.5,-1.2,0.0,-1.0,-1.8369701987210294e-16,0.8638670987837349,-0.503719798736334,1,0,0,0,0,0.90212613,NORMAL
2020-05-02,96855,Stasiun Geofisika Sleman,Kab. Sleman,DI Yogyakarta,22.9,33.53333333333334,27.0,86.0,0.0,8.5,2.0,1.0,10.63333333333334,1.2000000000000568,27.5,0.0,0.0,1.2246467991473532e-16,-1.0,0.8550745085896932,-0.518505144391157,1,0,0,0,0,0.83009326,NORMAL
2020-05-03,96855,Stasiun Geofisika Sleman,Kab. Sleman,DI Yogyakarta,23.15,33.86666666666667,26.8,86.0,0.0,9.8,2.0,0.0,10.716666666666669,0.0,20.4,0.0,0.0,1.0,6.123233995736766e-17,0.8460288880917339,-0.533137056031809,1,0,0,0,0,0.79542696,NORMAL
2020-05-04,96855,Stasiun Geofisika Sleman,Kab. Sleman,DI Yogyakarta,23.4,34.2,27.9,80.0,0.0,5.9,2.0,1.0,10.800000000000004,0.0,20.4,0.0,0.0,1.0,6.123233995736766e-17,0.8367329140344921,-0.5476112038402312,1,0,0,0,0,0.7920284,NORMAL
2020-05-05,96855,Stasiun Geofisika Sleman,Kab. Sleman,DI Yogyakarta,23.6,32.0,26.5,88.0,0.0,5.75,2.0,1.0,8.399999999999999,0.0,8.0,0.0,0.0,-1.0,-1.8369701987210294e-16,0.8271893372462497,-0.5619233046832195,1,0,0,0,0,0.7853401,NORMAL
2020-05-06,96855,Stasiun Geofisika Sleman,Kab. Sleman,DI Yogyakarta,23.8,32.2,26.8,89.0,28.0,5.6,2.0,1.0,8.400000000000002,28.000000000000057,29.2,28.0,0.0,1.0,6.123233995736766e-17,0.8174009818249189,-0.5760691233798758,1,0,0,0,0,0.75043935,NORMAL
2020-05-07,96855,Stasiun Geofisika Sleman,Kab. Sleman,DI Yogyakarta,23.8,32.0,27.1,86.0,20.5,4.3,2.0,1.0,8.2,48.50000000000006,48.5,-7.5,0.0,1.0,6.123233995736766e-17,0.8073707443023492,-0.5900444739548627,1,0,0,0,0,0.679848,NORMAL
2020-05-08,96855,Stasiun Geofisika Sleman,Kab. Sleman,DI Yogyakarta,24.0,32.0,26.8,88.0,0.0,6.7,2.0,1.0,8.0,48.50000000000006,48.5,-20.5,0.0,1.2246467991473532e-16,-1.0,0.7971015927871943,-0.6038452208771035,1,0,0,0,0,0.70689654,NORMAL
2020-05-09,96855,Stasiun Geofisika Sleman,Kab. Sleman,DI Yogyakarta,24.0,33.0,26.5,92.0,31.2,8.0,2.0,0.0,9.0,51.70000000000006,79.7,31.2,0.0,-0.3420201433256686,-0.9396926207859084,0.7865965660866021,-0.6174672802835514,1,0,0,0,0,0.8278634,NORMAL
2020-05-10,96855,Stasiun Geofisika Sleman,Kab. Sleman,DI Yogyakarta,23.9,32.6,26.9,85.0,29.6,4.0,2.0,0.0,8.700000000000003,60.80000000000005,109.3,-1.599999999999998,0.0,-0.3420201433256686,-0.9396926207859084,0.7758587728069828,-0.6309066211876704,1,0,0,0,0,0.8496398,NORMAL
2020-05-11,96855,Stasiun Geofisika Sleman,Kab. Sleman,DI Yogyakarta,23.8,31.6,25.4,96.0,1.8,5.3,2.0,1.0,7.800000000000001,62.60000000000006,111.1,-27.8,0.0,-0.9396926207859084,-0.3420201433256685,0.7648913904341226,-0.6441592666722685,1,0,0,0,0,0.9289928,NORMAL
2020-05-12,96855,Stasiun Geofisika Sleman,Kab. Sleman,DI Yogyakarta,23.2,33.0,26.8,85.0,72.0,1.2,2.0,1.0,9.8,103.40000000000006,183.1,70.2,0.0,-0.9396926207859084,-0.3420201433256685,0.753697664392914,-0.6572212950663319,1,0,0,0,0,1.5917163,NORMAL
2020-05-13,96855,Stasiun Geofisika Sleman,Kab. Sleman,DI Yogyakarta,23.6,33.2,27.3,82.0,0.0,8.2,2.0,1.0,9.6,73.80000000000007,155.1,-72.0,0.0,-0.8660254037844386,0.5000000000000001,0.742280907086982,-0.6700888411055113,1,0,0,0,0,2.0927994,NORMAL
2020-05-14,96855,Stasiun Geofisika Sleman,Kab. Sleman,DI Yogyakarta,24.2,32.2,27.1,83.0,0.0,9.2,2.0,1.0,8.000000000000004,72.00000000000006,134.6,0.0,0.0,1.0,6.123233995736766e-17,0.7306444969184916,-0.6827580970759147,1,0,0,0,0,2.1102455,NORMAL
2020-05-15,96855,Stasiun Geofisika Sleman,Kab. Sleman,DI Yogyakarta,23.4,32.4,26.9,85.0,0.0,4.9,2.0,1.0,9.0,0.0,134.6,0.0,0.0,-0.1736481776669304,0.984807753012208,0.7187918772884232,-0.6952253139408722,1,0,0,0,0,2.1268592,NORMAL
2020-05-16,96855,Stasiun Geofisika Sleman,Kab. Sleman,DI Yogyakarta,24.0,33.2,27.6,83.0,0.0,7.5,2.0,1.0,9.200000000000005,0.0,103.4,0.0,0.0,1.0,6.123233995736766e-17,0.7067265555776158,-0.7074868024503348,1,0,0,0,0,2.1259522,NORMAL
2020-05-17,96855,Stasiun Geofisika Sleman,Kab. Sleman,DI Yogyakarta,24.6,32.4,27.8,85.0,0.0,7.3,2.0,1.0,7.799999999999997,0.0,73.8,0.0,0.0,0.3420201433256689,-0.9396926207859084,0.6944521021088763,-0.719538934232584,1,1,0,0,0,2.0834577,NORMAL
2020-05-18,96855,Stasiun Geofisika Sleman,Kab. Sleman,DI Yogyakarta,24.4,31.4,26.3,91.0,0.0,5.6,2.0,1.0,7.0,0.0,72.0,0.0,0.0,1.0,6.123233995736766e-17,0.6819721490904629,-0.7313781428679254,1,0,0,0,0,1.9883966,NORMAL
2020-05-19,96855,Stasiun Geofisika Sleman,Kab. Sleman,DI Yogyakarta,24.0,30.4,26.3,92.0,49.0,1.8,2.0,1.0,6.399999999999999,49.00000000000006,49.0,49.0,0.0,0.4999999999999999,-0.8660254037844387,0.6692903895412567,-0.7430009249440493,1,0,0,0,0,2.1185684,NORMAL
2020-05-20,96855,Stasiun Geofisika Sleman,Kab. Sleman,DI Yogyakarta,24.0,32.4,26.8,89.0,9.0,1.6,2.0,0.0,8.399999999999999,58.00000000000006,58.0,-40.0,0.0,0.1736481776669302,-0.984807753012208,0.6564105761979381,-0.7544038410927472,1,0,0,0,0,2.2681494,NORMAL
2020-05-21,96855,Stasiun Geofisika Sleman,Kab. Sleman,DI Yogyakarta,24.3,29.4,26.5,90.0,19.9,2.4,2.0,1.0,5.099999999999998,77.90000000000006,77.9,10.9,0.0,1.2246467991473532e-16,-1.0,0.6433365204044917,-0.765583517007675,1,0,0,0,0,2.2802525,NORMAL
2020-05-22,96855,Stasiun Geofisika Sleman,Kab. Sleman,DI Yogyakarta,24.2,32.8,27.6,85.0,0.0,1.1,3.0,1.0,8.599999999999998,28.900000000000052,77.9,-19.9,1.0,-0.3420201433256686,-0.9396926207859084,0.6300720909843687,-0.7765366444428655,1,0,0,0,0,2.318815,NORMAL
2020-05-23,96855,Stasiun Geofisika Sleman,Kab. Sleman,DI Yogyakarta,23.0,32.6,27.0,84.0,0.0,8.9,2.0,1.0,9.6,19.900000000000052,77.9,0.0,-1.0,-0.8660254037844386,0.5000000000000001,0.6166212130956382,-0.7872599821916922,1,0,0,0,0,2.3209484,NORMAL
2020-05-24,96855,Stasiun Geofisika Sleman,Kab. Sleman,DI Yogyakarta,23.4,32.6,27.0,85.0,0.0,9.8,2.0,1.0,9.200000000000005,0.0,77.9,0.0,0.0,1.2246467991473532e-16,-1.0,0.6029878670694714,-0.7977503570459932,1,0,0,0,0,2.310041,NORMAL
2020-05-25,96855,Stasiun Geofisika Sleman,Kab. Sleman,DI Yogyakarta,23.4,32.8,27.3,86.0,0.0,9.9,2.0,1.0,9.4,0.0,77.9,0.0,0.0,-0.8660254037844386,0.5000000000000001,0.5891760872322963,-0.8080046647350754,1,0,0,0,0,2.3115525,NORMAL
2020-05-26,96855,Stasiun Geofisika Sleman,Kab. Sleman,DI Yogyakarta,24.1,28.4,25.6,95.0,0.8,9.8,2.0,0.0,4.299999999999997,0.8000000000000569,29.7,0.8,0.0,-0.5000000000000001,-0.8660254037844386,0.5751899607119775,-0.8180198708443175,1,0,0,0,0,2.3232844,NORMAL
2020-05-27,96855,Stasiun Geofisika Sleman,Kab. Sleman,DI Yogyakarta,23.8,32.0,26.7,88.0,0.3,0.0,2.0,1.0,8.2,1.100000000000057,21.0,-0.5,0.0,1.2246467991473532e-16,-1.0,0.5610336262283677,-0.8277930117131022,1,0,0,0,0,2.323387,NORMAL
2020-05-28,96855,Stasiun Geofisika Sleman,Kab. Sleman,DI Yogyakarta,24.0,33.8,25.9,90.0,0.2,5.0,2.0,1.0,9.799999999999995,1.3000000000000569,1.3,-0.0999999999999999,0.0,-0.3420201433256686,-0.9396926207859084,0.5467112728685939,-0.8373211953118121,1,0,0,0,0,2.3098688,NORMAL
2020-05-29,96855,Stasiun Geofisika Sleman,Kab. Sleman,DI Yogyakarta,23.2,32.4,26.9,84.0,2.4,0.0,2.0,1.0,9.2,2.9000000000000568,3.7,2.2,0.0,1.0,6.123233995736766e-17,0.5322271388474397,-0.8466016020976267,1,0,0,0,0,2.3080702,NORMAL
2020-05-30,96855,Stasiun Geofisika Sleman,Kab. Sleman,DI Yogyakarta,23.4,32.4,27.0,86.0,0.0,4.3,2.0,1.0,9.0,2.600000000000057,3.7,-2.4,0.0,0.3420201433256687,0.9396926207859084,0.5175855102531889,-0.8556314858488706,1,0,0,0,0,2.3098657,NORMAL
2020-05-31,96855,Stasiun Geofisika Sleman,Kab. Sleman,DI Yogyakarta,24.0,31.1,26.5,90.0,11.2,8.4,2.0,1.0,7.100000000000001,13.600000000000056,14.9,11.2,0.0,0.1736481776669302,-0.984807753012208,0.5027907197793043,-0.8644081744776648,1,0,0,0,0,2.3215294,NORMAL
2020-06-01,96855,Stasiun Geofisika Sleman,Kab. Sleman,DI Yogyakarta,24.2,31.2,27.1,87.0,0.0,2.5,2.0,1.0,7.0,11.200000000000056,14.9,-11.2,0.0,0.8660254037844386,0.5000000000000001,0.4878471454423119,-0.8729290708206411,1,0,0,0,0,2.3423588,NORMAL
2020-06-02,96855,Stasiun Geofisika Sleman,Kab. Sleman,DI Yogyakarta,24.0,31.0,26.7,87.0,0.0,1.8,2.0,0.0,7.0,11.200000000000056,14.099999999999998,0.0,0.0,-0.3420201433256686,-0.9396926207859084,0.4727592092862775,-0.881191653407483,1,0,0,0,0,2.346585,NORMAL
2020-06-03,96855,Stasiun Geofisika Sleman,Kab. Sleman,DI Yogyakarta,23.4,32.2,27.1,83.0,0.0,0.7,3.0,1.0,8.800000000000004,0.0,13.8,0.0,1.0,1.0,6.123233995736766e-17,0.4575313760742512,-0.8891934772070711,1,0,0,0,0,2.358777,NORMAL
2020-06-04,96855,Stasiun Geofisika Sleman,Kab. Sleman,DI Yogyakarta,23.0,31.8,26.4,83.0,0.0,6.0,2.0,1.0,8.8,0.0,13.599999999999998,0.0,-1.0,1.2246467991473532e-16,-1.0,0.442168151967072,-0.8969321743510065,1,0,0,0,0,2.3732567,NORMAL
2020-06-05,96855,Stasiun Geofisika Sleman,Kab. Sleman,DI Yogyakarta,22.6,30.2,24.4,94.0,0.0,7.9,2.0,1.0,7.599999999999998,0.0,11.2,0.0,0.0,-0.1736481776669304,0.984807753012208,0.4266740831899246,-0.9044054548343,1,0,0,0,0,2.2863216,NORMAL
2020-06-06,96855,Stasiun Geofisika Sleman,Kab. Sleman,DI Yogyakarta,22.6,30.4,25.6,88.0,2.4,0.9,3.0,1.0,7.799999999999997,2.4000000000000568,13.6,2.4,1.0,1.2246467991473532e-16,-1.0,0.4110537546870351,-0.911611107193024,1,0,0,0,0,2.2773466,NORMAL
2020-06-07,96855,Stasiun Geofisika Sleman,Kab. Sleman,DI Yogyakarta,23.2,30.6,26.5,86.0,0.2,6.5,2.0,0.0,7.400000000000002,2.600000000000057,2.6,-2.2,-1.0,1.2246467991473532e-16,-1.0,0.3953117887649151,-0.9185469991587164,1,0,0,0,0,2.2508144,NORMAL
2020-06-08,96855,Stasiun Geofisika Sleman,Kab. Sleman,DI Yogyakarta,24.4,31.6,26.8,85.0,0.0,4.6,2.0,1.0,7.200000000000003,2.600000000000057,2.6,-0.2,0.0,0.9396926207859084,-0.3420201433256687,0.3794528437245443,-0.925211078289358,1,0,0,0,0,2.129823,NORMAL
2020-06-09,96855,Stasiun Geofisika Sleman,Kab. Sleman,DI Yogyakarta,24.0,31.0,26.5,85.0,0.0,6.8,2.0,0.0,7.0,0.2000000000000568,2.6,0.0,0.0,1.2246467991473532e-16,-1.0,0.3634816124829063,-0.9316013725767188,1,0,0,0,0,2.1001709,NORMAL
2020-06-10,96855,Stasiun Geofisika Sleman,Kab. Sleman,DI Yogyakarta,21.0,32.0,25.3,84.0,0.0,5.3,2.0,1.0,11.0,0.0,2.6,0.0,0.0,1.2246467991473532e-16,-1.0,0.3474028211842774,-0.9377159910299092,1,0,0,0,0,2.0253716,NORMAL
2020-06-11,96855,Stasiun Geofisika Sleman,Kab. Sleman,DI Yogyakarta,23.6,31.6,26.4,85.0,0.0,9.2,2.0,1.0,8.0,0.0,2.6,0.0,0.0,1.0,6.123233995736766e-17,0.3312212278016865,-0.9435531242349544,1,0,0,0,0,1.3171688,NORMAL
2020-06-12,96855,Stasiun Geofisika Sleman,Kab. Sleman,DI Yogyakarta,22.8,31.0,25.8,82.0,0.0,7.9,2.0,0.0,8.2,0.0,2.6,0.0,0.0,-0.3420201433256686,-0.9396926207859084,0.3149416207289519,-0.9491110448902284,1,0,0,0,0,0.814757,NORMAL
2020-06-13,96855,Stasiun Geofisika Sleman,Kab. Sleman,DI Yogyakarta,21.1,31.4,25.5,81.0,0.0,9.6,2.0,1.0,10.299999999999995,0.0,0.2,0.0,0.0,-0.3420201433256686,-0.9396926207859084,0.2985688173637202,-0.9543881083175908,1,0,0,0,0,0.8008727,NORMAL
2020-06-14,96855,Stasiun Geofisika Sleman,Kab. Sleman,DI Yogyakarta,22.0,30.6,26.8,86.0,0.0,8.0,2.0,1.0,8.600000000000001,0.0,0.0,0.0,0.0,1.2246467991473532e-16,-1.0,0.2821076626819194,-0.9593827529490744,1,0,0,0,0,0.79154795,NORMAL
2020-06-15,96855,Stasiun Geofisika Sleman,Kab. Sleman,DI Yogyakarta,24.2,31.7,27.0,88.0,0.0,3.8,3.0,1.0,7.5,0.0,0.0,0.0,1.0,1.2246467991473532e-16,-1.0,0.2655630278040559,-0.9640935007889756,1,1,0,0,0,0.78999645,NORMAL
2020-06-16,96855,Stasiun Geofisika Sleman,Kab. Sleman,DI Yogyakarta,24.6,33.4,27.9,80.0,0.0,2.8,2.0,1.0,8.799999999999997,0.0,0.0,0.0,-1.0,0.9396926207859084,-0.3420201433256687,0.2489398085537665,-0.9685189578512204,1,0,0,0,0,0.7939714,NORMAL
2020-06-17,96855,Stasiun Geofisika Sleman,Kab. Sleman,DI Yogyakarta,23.6,32.4,26.8,84.0,0.0,7.8,2.0,1.0,8.799999999999997,0.0,0.0,0.0,0.0,0.9396926207859084,-0.3420201433256687,0.2322429240090701,-0.9726578145718654,1,0,0,0,0,0.7889755,NORMAL
2020-06-18,96855,Stasiun Geofisika Sleman,Kab. Sleman,DI Yogyakarta,24.0,32.3,27.2,86.0,0.0,8.5,2.0,1.0,8.299999999999997,0.0,0.0,0.0,0.0,0.9396926207859084,-0.3420201433256687,0.2154773150467301,-0.976508846196619,1,0,0,0,0,0.46110174,NORMAL
2020-06-19,96855,Stasiun Geofisika Sleman,Kab. Sleman,DI Yogyakarta,24.2,30.6,26.4,82.0,0.0,4.4,2.0,1.0,6.400000000000002,0.0,0.0,0.0,0.0,1.0,6.123233995736766e-17,0.1986479428801711,-0.9800709131432666,1,0,0,0,0,0.311005,NORMAL
2020-06-20,96855,Stasiun Geofisika Sleman,Kab. Sleman,DI Yogyakarta,22.0,31.6,25.9,84.0,0.3333333333333333,2.2,2.0,0.0,9.6,0.3333333333333901,0.3333333333333333,0.3333333333333333,0.0,1.2246467991473532e-16,-1.0,0.1817597875913753,-0.9833429613388902,1,1,0,0,0,0.2708041,NORMAL
2020-06-21,96855,Stasiun Geofisika Sleman,Kab. Sleman,DI Yogyakarta,22.4,32.0,25.8,87.0,0.6666666666666666,4.4,2.0,0.0,9.6,1.0000000000000568,1.0,0.3333333333333333,0.0,-0.3420201433256686,-0.9396926207859084,0.1648178466571979,-0.9863240225317866,1,1,0,0,0,0.22661847,NORMAL
2020-06-22,96855,Stasiun Geofisika Sleman,Kab. Sleman,DI Yogyakarta,24.0,31.6,26.8,84.0,1.0,6.2,2.0,1.0,7.600000000000001,2.000000000000057,2.0,0.3333333333333333,0.0,1.0,6.123233995736766e-17,0.1478271334705304,-0.9890132145779884,1,0,0,0,0,0.22068907,NORMAL
2020-06-23,96855,Stasiun Geofisika Sleman,Kab. Sleman,DI Yogyakarta,22.2,31.8,25.9,82.0,0.0,5.2,2.0,1.0,9.6,1.6666666666667234,2.0,-1.0,0.0,1.2246467991473532e-16,-1.0,0.1307926758567592,-0.9914097417023038,1,0,0,0,0,0.2172413,NORMAL
2020-06-24,96855,Stasiun Geofisika Sleman,Kab. Sleman,DI Yogyakarta,22.7,31.4,26.6,82.0,0.1,8.5,2.0,1.0,8.7,1.1000000000000567,2.1,0.1,0.0,1.0,6.123233995736766e-17,0.1137195145859496,-0.9935128947338008,1,0,0,0,0,0.2112897,NORMAL
2020-06-25,96855,Stasiun Geofisika Sleman,Kab. Sleman,DI Yogyakarta,21.8,31.6,25.2,82.0,0.0,8.2,3.0,1.0,9.8,0.1000000000000567,2.1,-0.1,1.0,1.2246467991473532e-16,-1.0,0.0966127018812031,-0.9953220513156602,1,0,0,0,0,0.20580669,NORMAL
2020-06-26,96855,Stasiun Geofisika Sleman,Kab. Sleman,DI Yogyakarta,21.0,30.0,24.5,84.0,0.0,7.9,2.0,1.0,9.0,0.1000000000000567,2.1,0.0,-1.0,0.1736481776669302,-0.984807753012208,0.0794772999236209,-0.9968366760893436,1,0,0,0,0,0.20672223,NORMAL
2020-06-27,96855,Stasiun Geofisika Sleman,Kab. Sleman,DI Yogyakarta,21.4,32.8,25.6,81.0,0.0,5.9,2.0,1.0,11.4,0.0,1.7666666666666666,0.0,0.0,1.0,6.123233995736766e-17,0.062318379354325,-0.998056320853012,1,0,0,0,0,0.20934737,NORMAL
2020-06-28,96855,Stasiun Geofisika Sleman,Kab. Sleman,DI Yogyakarta,21.2,31.2,24.9,86.0,0.0,9.2,2.0,1.0,10.0,0.0,1.1,0.0,0.0,-0.3420201433256686,-0.9396926207859084,0.0451410177739719,-0.998980624694158,1,0,0,0,0,0.2038186,NORMAL
2020-06-29,96855,Stasiun Geofisika Sleman,Kab. Sleman,DI Yogyakarta,21.4,32.0,26.2,81.0,0.0,9.5,2.0,1.0,10.6,0.0,0.0999999999999999,0.0,0.0,1.2246467991473532e-16,-1.0,0.0279502982402103,-0.999609314096404,1,0,0,0,0,0.19707997,NORMAL
2020-06-30,96855,Stasiun Geofisika Sleman,Kab. Sleman,DI Yogyakarta,22.4,31.4,25.8,82.0,0.0,7.5,2.0,1.0,9.0,0.0,0.0999999999999999,0.0,0.0,1.2246467991473532e-16,-1.0,0.0107513077635219,-0.9999422030204416,1,0,0,0,0,0.17965357,NORMAL
2020-07-01,96855,Stasiun Geofisika Sleman,Kab. Sleman,DI Yogyakarta,22.7,30.4,25.7,82.0,0.0,8.5,2.0,1.0,7.699999999999999,0.0,0.0,0.0,0.0,1.2246467991473532e-16,-1.0,-0.0064508641981051,-0.9999791929590824,1,0,0,0,0,0.16020828,NORMAL
2020-07-02,96855,Stasiun Geofisika Sleman,Kab. Sleman,DI Yogyakarta,23.2,30.0,26.1,82.0,0.0,4.6,2.0,1.0,6.800000000000001,0.0,0.0,0.0,0.0,1.2246467991473532e-16,-1.0,-0.0236511272452315,-0.9997202729664084,1,0,0,0,0,0.16216601,NORMAL
2020-07-03,96855,Stasiun Geofisika Sleman,Kab. Sleman,DI Yogyakarta,23.8,30.8,26.2,80.0,0.0,2.9,2.0,1.0,7.0,0.0,0.0,0.0,0.0,-0.5000000000000001,-0.8660254037844386,-0.0408443915432961,-0.9991655196610107,1,1,0,0,0,0.15347038,NORMAL
2020-07-04,96855,Stasiun Geofisika Sleman,Kab. Sleman,DI Yogyakarta,21.8,31.2,25.4,82.0,0.0,2.9,2.0,1.0,9.4,0.0,0.0,0.0,0.0,1.2246467991473532e-16,-1.0,-0.0580255693287803,-0.9983150972033183,1,1,0,0,0,0.1513384,NORMAL
2020-07-05,96855,Stasiun Geofisika Sleman,Kab. Sleman,DI Yogyakarta,21.3,30.7,25.3,84.0,0.0,8.3,2.0,1.0,9.4,0.0,0.0,0.0,0.0,1.0,6.123233995736766e-17,-0.0751895764147585,-0.9971692572470178,1,0,0,0,0,0.14131208,NORMAL
2020-07-06,96855,Stasiun Geofisika Sleman,Kab. Sleman,DI Yogyakarta,21.4,30.2,26.1,82.0,0.05,5.2,2.0,1.0,8.8,0.0500000000000567,0.0499999999999998,0.05,0.0,-1.0,-1.8369701987210294e-16,-0.0923313336953912,-0.9957283388645872,1,1,0,0,0,0.13722359,NORMAL
2020-07-07,96855,Stasiun Geofisika Sleman,Kab. Sleman,DI Yogyakarta,22.8,31.1,26.1,82.0,0.1,1.2,2.0,1.0,8.3,0.1500000000000567,0.1499999999999999,0.05,0.0,1.0,6.123233995736766e-17,-0.1094457686489155,-0.993992768446958,1,0,0,0,0,0.13995516,NORMAL
2020-07-08,96855,Stasiun Geofisika Sleman,Kab. Sleman,DI Yogyakarta,22.0,31.4,25.4,82.0,0.0,3.2,2.0,1.0,9.4,0.1500000000000567,0.1499999999999999,-0.1,0.0,1.0,6.123233995736766e-17,-0.1265278168386831,-0.9919630595773395,1,0,0,0,0,0.13896184,NORMAL
2020-07-09,96855,Stasiun Geofisika Sleman,Kab. Sleman,DI Yogyakarta,22.2,31.0,26.2,80.0,0.0,7.7,2.0,1.0,8.8,0.1000000000000567,0.1499999999999999,0.0,0.0,1.0,6.123233995736766e-17,-0.1435724234118113,-0.9896398128792412,1,0,0,0,0,0.1425257,NORMAL
2020-07-10,96855,Stasiun Geofisika Sleman,Kab. Sleman,DI Yogyakarta,23.0,30.2,25.2,85.0,0.0,4.2,2.0,1.0,7.199999999999999,0.0,0.1499999999999999,0.0,0.0,1.2246467991473532e-16,-1.0,-0.1605745445949937,-0.9870237158387384,1,1,0,0,0,0.1412914,NORMAL
2020-07-11,96855,Stasiun Geofisika Sleman,Kab. Sleman,DI Yogyakarta,22.0,31.4,25.9,83.0,0.0,6.300000000000001,2.0,1.0,9.4,0.0,0.1499999999999999,0.0,0.0,-0.3420201433256686,-0.9396926207859084,-0.1775291491870349,-0.984115542601034,1,1,0,0,0,0.13426587,NORMAL
2020-07-12,96855,Stasiun Geofisika Sleman,Kab. Sleman,DI Yogyakarta,23.0,31.0,26.7,81.0,0.0,8.4,2.0,1.0,8.0,0.0,0.1499999999999999,0.0,0.0,1.2246467991473532e-16,-1.0,-0.1944312200476619,-0.9809161537413774,1,1,0,0,0,0.13520414,NORMAL
2020-07-13,96855,Stasiun Geofisika Sleman,Kab. Sleman,DI Yogyakarta,22.0,31.4,25.6,84.0,0.0,4.3,2.0,1.0,9.4,0.0,0.0999999999999999,0.0,0.0,-0.6427876096865393,-0.766044443118978,-0.2112757555821793,-0.9774264960104057,1,1,0,0,0,0.1327753,NORMAL
2020-07-14,96855,Stasiun Geofisika Sleman,Kab. Sleman,DI Yogyakarta,22.2,31.8,26.4,84.0,0.0,5.3,2.0,1.0,9.6,0.0,0.0,0.0,0.0,-0.6427876096865393,-0.766044443118978,-0.2280577712215198,-0.9736476020539838,1,0,0,0,0,0.13239889,NORMAL
2020-07-15,96855,Stasiun Geofisika Sleman,Kab. Sleman,DI Yogyakarta,22.2,32.8,26.3,83.0,3.2,5.3,2.0,1.0,10.599999999999998,3.200000000000057,3.2,3.2,0.0,1.0,6.123233995736766e-17,-0.2447723008972595,-0.9695805901076308,1,0,0,0,0,0.13254803,NORMAL
2020-07-16,96855,Stasiun Geofisika Sleman,Kab. Sleman,DI Yogyakarta,23.2,32.2,26.7,83.0,2.4000000000000004,5.8,2.0,1.0,9.000000000000004,5.600000000000057,5.6000000000000005,-0.7999999999999998,0.0,-0.6427876096865393,-0.766044443118978,-0.2614143985111562,-0.965226663665613,1,1,0,0,0,0.12503885,NORMAL
2020-07-17,96855,Stasiun Geofisika Sleman,Kab. Sleman,DI Yogyakarta,23.0,31.1,25.9,86.0,1.6,3.9,2.0,1.0,8.100000000000001,7.200000000000058,7.200000000000001,-0.8000000000000003,0.0,1.2246467991473532e-16,-1.0,-0.2779791393987801,-0.9605871111248128,1,1,0,0,0,0.12280745,NORMAL
2020-07-18,96855,Stasiun Geofisika Sleman,Kab. Sleman,DI Yogyakarta,23.0,30.0,26.1,81.0,0.7999999999999998,5.6,2.0,1.0,7.0,4.8000000000000576,8.0,-0.8000000000000003,0.0,1.2246467991473532e-16,-1.0,-0.2944616217868012,-0.9556633054034704,1,1,0,0,0,0.1193755,NORMAL
2020-07-19,96855,Stasiun Geofisika Sleman,Kab. Sleman,DI Yogyakarta,21.6,30.6,25.3,83.0,0.0,7.5,3.0,1.0,9.0,2.4000000000000568,8.0,-0.7999999999999998,1.0,1.2246467991473532e-16,-1.0,-0.3108569682435036,-0.9504567035349152,1,0,0,0,0,0.1178097,NORMAL
2020-07-20,96855,Stasiun Geofisika Sleman,Kab. Sleman,DI Yogyakarta,21.8,31.6,26.7,78.0,0.0,5.5,2.0,1.0,9.8,0.8000000000000567,8.0,0.0,-1.0,1.2246467991473532e-16,-1.0,-0.3271603271220951,-0.9449688462364056,1,1,0,0,0,0.12118453,NORMAL
2020-07-21,96855,Stasiun Geofisika Sleman,Kab. Sleman,DI Yogyakarta,22.0,31.4,26.3,84.0,0.0,6.4,2.0,1.0,9.4,0.0,8.0,0.0,0.0,-0.9396926207859084,-0.3420201433256685,-0.343366873996388,-0.939201357453208,1,0,0,0,0,0.12540026,NORMAL
2020-07-22,96855,Stasiun Geofisika Sleman,Kab. Sleman,DI Yogyakarta,22.0,31.2,25.5,84.0,0.0,5.1,2.0,1.0,9.2,0.0,4.800000000000001,0.0,0.0,1.0,6.123233995736766e-17,-0.3594718130884232,-0.9331559438780432,1,0,0,0,0,0.12493524,NORMAL
2020-07-23,96855,Stasiun Geofisika Sleman,Kab. Sleman,DI Yogyakarta,22.0,32.4,26.0,78.0,0.0,8.9,2.0,1.0,10.4,0.0,2.4,0.0,0.0,1.0,6.123233995736766e-17,-0.3754703786876202,-0.9268343944460494,1,0,0,0,0,0.1309624,NORMAL
2020-07-24,96855,Stasiun Geofisika Sleman,Kab. Sleman,DI Yogyakarta,21.0,30.6,24.7,78.0,0.0,9.1,2.0,0.0,9.6,0.0,0.7999999999999998,0.0,0.0,1.2246467991473532e-16,-1.0,-0.3913578365610259,-0.9202385798054076,1,1,0,0,0,0.13140005,NORMAL
2020-07-25,96855,Stasiun Geofisika Sleman,Kab. Sleman,DI Yogyakarta,20.05,31.0,24.4,76.0,0.0,5.5,2.0,1.0,10.95,0.0,0.0,0.0,0.0,1.2246467991473532e-16,-1.0,-0.4071294853542516,-0.9133704517637858,1,1,0,0,0,0.13032475,NORMAL
2020-07-26,96855,Stasiun Geofisika Sleman,Kab. Sleman,DI Yogyakarta,19.1,31.4,24.3,74.0,0.0,10.2,2.0,1.0,12.299999999999995,0.0,0.0,0.0,0.0,-0.3420201433256686,-0.9396926207859084,-0.4227806579826773,-0.9062320427107696,1,1,0,0,0,0.13272452,NORMAL
2020-07-27,96855,Stasiun Geofisika Sleman,Kab. Sleman,DI Yogyakarta,19.2,31.0,24.1,78.0,0.0,9.9,2.0,1.0,11.8,0.0,0.0,0.0,0.0,1.2246467991473532e-16,-1.0,-0.4383067230125192,-0.898825465016444,1,0,0,0,0,0.13212083,NORMAL
2020-07-28,96855,Stasiun Geofisika Sleman,Kab. Sleman,DI Yogyakarta,19.4,30.2,24.3,78.0,0.0,9.6,3.0,1.0,10.8,0.0,0.0,0.0,1.0,1.2246467991473532e-16,-1.0,-0.4537030860313442,-0.8911529104063088,1,1,0,0,0,0.14094661,NORMAL
2020-07-29,96855,Stasiun Geofisika Sleman,Kab. Sleman,DI Yogyakarta,21.0,29.2,24.9,80.0,0.0,7.5,2.0,1.0,8.2,0.0,0.0,0.0,-1.0,-0.6427876096865393,-0.766044443118978,-0.4689651910076318,-0.8832166493127127,1,0,0,0,0,0.14417237,NORMAL
2020-07-30,96855,Stasiun Geofisika Sleman,Kab. Sleman,DI Yogyakarta,18.4,29.6,23.1,77.0,0.0,8.6,2.0,1.0,11.200000000000005,0.0,0.0,0.0,0.0,1.2246467991473532e-16,-1.0,-0.4840885216389758,-0.8750190302029955,1,0,0,0,0,0.15180987,NORMAL
2020-07-31,96855,Stasiun Geofisika Sleman,Kab. Sleman,DI Yogyakarta,18.0,29.6,23.7,78.0,0.0,9.9,3.0,1.0,11.6,0.0,0.0,0.0,1.0,-0.3420201433256686,-0.9396926207859084,-0.4990686026885319,-0.8665624788845385,1,0,0,0,0,0.16371943,NORMAL
2020-08-01,96855,Stasiun Geofisika Sleman,Kab. Sleman,DI Yogyakarta,20.0,30.8,24.6,79.0,0.0,7.1,3.0,1.0,10.8,0.0,0.0,0.0,0.0,1.2246467991473532e-16,-1.0,-0.5139010013093103,-0.8578494977869301,1,1,0,0,0,0.16647016,NORMAL
2020-08-02,96855,Stasiun Geofisika Sleman,Kab. Sleman,DI Yogyakarta,21.2,29.8,24.5,80.0,0.0,8.5,3.0,1.0,8.600000000000001,0.0,0.0,0.0,0.0,1.2246467991473532e-16,-1.0,-0.5285813283559292,-0.8488826652214553,1,0,0,0,0,0.16778366,NORMAL
2020-08-03,96855,Stasiun Geofisika Sleman,Kab. Sleman,DI Yogyakarta,19.9,29.7,23.7,84.0,0.0,3.2,2.0,1.0,9.8,0.0,0.0,0.0,-1.0,1.2246467991473532e-16,-1.0,-0.5431052396834317,-0.8396646346181327,1,1,0,0,0,0.17330667,NORMAL
2020-08-04,96855,Stasiun Geofisika Sleman,Kab. Sleman,DI Yogyakarta,21.0,28.4,25.0,84.0,0.0,8.7,2.0,1.0,7.399999999999999,0.0,0.0,0.0,0.0,1.2246467991473532e-16,-1.0,-0.5574684374327892,-0.8301981337405212,1,1,0,0,0,0.16936968,NORMAL
2020-08-05,96855,Stasiun Geofisika Sleman,Kab. Sleman,DI Yogyakarta,21.0,29.8,24.9,86.0,0.0,1.2,2.0,1.0,8.8,0.0,0.0,0.0,0.0,1.0,6.123233995736766e-17,-0.5716666713027052,-0.8204859638785327,1,1,0,0,0,0.17287727,NORMAL
2020-08-06,96855,Stasiun Geofisika Sleman,Kab. Sleman,DI Yogyakarta,20.4,32.0,24.8,79.0,0.0,5.3,2.0,0.0,11.6,0.0,0.0,0.0,0.0,1.2246467991473532e-16,-1.0,-0.5856957398073508,-0.8105309990194823,1,1,0,0,0,0.17005144,NORMAL
2020-08-07,96855,Stasiun Geofisika Sleman,Kab. Sleman,DI Yogyakarta,20.8,32.4,25.5,81.0,0.0,9.1,2.0,1.0,11.599999999999998,0.0,0.0,0.0,0.0,-0.5000000000000001,-0.8660254037844386,-0.5995514915196489,-0.8003361849976323,1,0,0,0,0,0.16766863,NORMAL
2020-08-08,96855,Stasiun Geofisika Sleman,Kab. Sleman,DI Yogyakarta,20.9,29.7,24.7,82.0,2.2,9.1,3.0,1.0,8.8,2.200000000000057,2.2,2.2,1.0,-0.6427876096865393,-0.766044443118978,-0.6132298262997502,-0.7899045386224707,1,1,0,0,0,0.16928871,NORMAL
2020-08-09,96855,Stasiun Geofisika Sleman,Kab. Sleman,DI Yogyakarta,20.9,31.8,25.2,80.0,4.4,7.8,3.0,1.0,10.900000000000002,6.600000000000057,6.6000000000000005,2.2,0.0,-0.3420201433256686,-0.9396926207859084,-0.6267266965083301,-0.7792391467859886,1,1,0,0,0,0.17155047,NORMAL
2020-08-10,96855,Stasiun Geofisika Sleman,Kab. Sleman,DI Yogyakarta,20.8,30.6,24.7,84.0,6.6000000000000005,7.8,2.0,1.0,9.8,13.200000000000058,13.2,2.2,-1.0,1.2246467991473532e-16,-1.0,-0.6400381082043503,-0.7683431655492202,1,1,0,0,0,0.17582758,NORMAL
2020-08-11,96855,Stasiun Geofisika Sleman,Kab. Sleman,DI Yogyakarta,21.6,31.2,26.3,80.0,8.8,5.8,2.0,1.0,9.599999999999998,19.800000000000058,22.0,2.2,0.0,-1.0,-1.8369701987210294e-16,-0.65316012232693,-0.7572198192083127,1,1,0,0,0,0.18367675,NORMAL
2020-08-12,96855,Stasiun Geofisika Sleman,Kab. Sleman,DI Yogyakarta,23.6,30.0,26.0,88.0,11.0,3.7,2.0,1.0,6.399999999999999,26.40000000000006,33.0,2.1999999999999997,0.0,-1.0,-1.8369701987210294e-16,-0.666088855860977,-0.7458723993404063,1,0,0,0,0,0.20033863,NORMAL
2020-08-13,96855,Stasiun Geofisika Sleman,Kab. Sleman,DI Yogyakarta,23.6,30.6,26.3,87.0,0.1,0.6,2.0,1.0,7.0,19.90000000000006,33.1,-10.9,0.0,-0.8660254037844384,-0.5000000000000004,-0.6788204829862355,-0.734304263829602,1,0,0,0,0,0.22183767,NORMAL
2020-08-14,96855,Stasiun Geofisika Sleman,Kab. Sleman,DI Yogyakarta,23.1,30.8,26.4,86.0,0.0,3.0,2.0,1.0,7.699999999999999,11.100000000000056,33.1,-0.1,0.0,-0.3420201433256686,-0.9396926207859084,-0.6913512362094071,-0.722518835873311,1,0,0,0,0,0.22064082,NORMAL
2020-08-15,96855,Stasiun Geofisika Sleman,Kab. Sleman,DI Yogyakarta,24.1,32.3,27.1,83.0,2.4,4.0,3.0,1.0,8.199999999999996,2.500000000000057,33.300000000000004,2.4,1.0,1.2246467991473532e-16,-1.0,-0.7036774074790128,-0.7105196029692745,1,0,0,0,0,0.23571211,NORMAL
2020-08-16,96855,Stasiun Geofisika Sleman,Kab. Sleman,DI Yogyakarta,24.2,30.4,26.5,85.0,0.0,9.2,2.0,1.0,6.199999999999999,2.4000000000000568,28.9,-2.4,-1.0,0.1736481776669302,-0.984807753012208,-0.7157953492826642,-0.6983101158835584,1,0,0,0,0,0.24637035,NORMAL
2020-08-17,96855,Stasiun Geofisika Sleman,Kab. Sleman,DI Yogyakarta,18.6,31.4,26.5,82.0,0.2,4.2,2.0,1.0,12.799999999999995,2.600000000000057,22.5,0.2,0.0,1.0,6.123233995736766e-17,-0.7277014757264236,-0.6858939875998223,1,0,0,0,0,0.25839332,NORMAL
2020-08-18,96855,Stasiun Geofisika Sleman,Kab. Sleman,DI Yogyakarta,22.6,31.8,26.3,80.0,0.1,5.9,2.0,1.0,9.2,0.3000000000000569,13.8,-0.1,0.0,-0.3420201433256686,-0.9396926207859084,-0.7393922635959241,-0.673274892250183,1,1,0,0,0,0.25568455,NORMAL
2020-08-19,96855,Stasiun Geofisika Sleman,Kab. Sleman,DI Yogyakarta,23.1,32.6,26.7,76.0,0.0,9.7,3.0,2.0,9.5,0.3000000000000569,2.8,-0.1,1.0,1.2246467991473532e-16,-1.0,-0.7508642533989489,-0.6604565640279754,1,0,0,0,0,0.26621664,NORMAL
2020-08-20,96855,Stasiun Geofisika Sleman,Kab. Sleman,DI Yogyakarta,22.6,31.2,26.3,80.0,0.0,10.1,3.0,1.0,8.599999999999998,0.1000000000000568,2.7,0.0,0.0,-0.3420201433256686,-0.9396926207859084,-0.7621140503891487,-0.6474427960827475,1,0,0,0,0,0.27178177,NORMAL
2020-08-21,96855,Stasiun Geofisika Sleman,Kab. Sleman,DI Yogyakarta,21.3,35.0,26.2,76.0,0.0,9.1,4.0,2.0,13.7,0.0,2.7,0.0,1.0,-0.1736481776669304,0.984807753012208,-0.7731383255706026,-0.6342374393978054,1,0,0,0,0,0.3061761,NORMAL
2020-08-22,96855,Stasiun Geofisika Sleman,Kab. Sleman,DI Yogyakarta,22.5,31.6,26.5,81.0,0.0,9.9,2.0,1.0,9.1,0.0,0.3,0.0,-2.0,1.2246467991473532e-16,-1.0,-0.7839338166829201,-0.620844401650647,1,1,0,0,0,0.31428158,NORMAL
2020-08-23,96855,Stasiun Geofisika Sleman,Kab. Sleman,DI Yogyakarta,22.6,31.8,26.4,80.0,0.0,7.0,2.0,1.0,9.2,0.0,0.3,0.0,0.0,-0.3420201433256686,-0.9396926207859084,-0.7944973291665992,-0.6072676460566135,1,1,0,0,0,0.31633732,NORMAL
2020-08-24,96855,Stasiun Geofisika Sleman,Kab. Sleman,DI Yogyakarta,23.8,32.2,26.7,78.0,0.0,7.8,2.0,1.0,8.400000000000002,0.0,0.1,0.0,0.0,1.2246467991473532e-16,-1.0,-0.8048257371083452,-0.593511190196115,1,0,0,0,0,0.3156798,NORMAL
2020-08-25,96855,Stasiun Geofisika Sleman,Kab. Sleman,DI Yogyakarta,21.4,32.6,25.9,80.0,0.0,9.5,2.0,1.0,11.200000000000005,0.0,0.0,0.0,0.0,-0.3420201433256686,-0.9396926207859084,-0.8149159841660791,-0.5795791048257612,1,0,0,0,0,0.30790955,NORMAL
2020-08-26,96855,Stasiun Geofisika Sleman,Kab. Sleman,DI Yogyakarta,22.3,32.6,26.6,74.0,0.0,10.2,4.0,2.0,10.3,0.0,0.0,0.0,2.0,1.2246467991473532e-16,-1.0,-0.8247650844733614,-0.5654755126737576,1,0,0,0,0,0.33036488,NORMAL
2020-08-27,96855,Stasiun Geofisika Sleman,Kab. Sleman,DI Yogyakarta,20.2,32.0,25.3,76.0,0.0,10.0,2.0,1.0,11.8,0.0,0.0,0.0,-2.0,0.984807753012208,-0.1736481776669303,-0.8343701235229537,-0.5512045872199277,1,1,0,0,0,0.3369222,NORMAL
2020-08-28,96855,Stasiun Geofisika Sleman,Kab. Sleman,DI Yogyakarta,20.4,30.8,25.8,79.0,0.0,7.1,2.0,1.0,10.400000000000002,0.0,0.0,0.0,0.0,0.984807753012208,-0.1736481776669303,-0.8437282590292712,-0.5367705514607103,1,1,0,0,0,0.33638102,NORMAL
2020-08-29,96855,Stasiun Geofisika Sleman,Kab. Sleman,DI Yogyakarta,22.8,32.6,27.1,75.0,0.0,5.5,2.0,1.0,9.8,0.0,0.0,0.0,0.0,1.0,6.123233995736766e-17,-0.8528367217694595,-0.522177676659508,1,1,0,0,0,0.32892776,NORMAL
2020-08-30,96855,Stasiun Geofisika Sleman,Kab. Sleman,DI Yogyakarta,21.4,32.6,26.0,76.0,0.0,7.9,3.0,1.0,11.200000000000005,0.0,0.0,0.0,1.0,-0.3420201433256686,-0.9396926207859084,-0.8616928164028521,-0.5074302810827518,1,1,0,0,0,0.31774083,NORMAL
2020-08-31,96855,Stasiun Geofisika Sleman,Kab. Sleman,DI Yogyakarta,22.8,31.4,26.0,79.0,0.0,8.6,2.0,1.0,8.599999999999998,0.0,0.0,0.0,-1.0,1.2246467991473532e-16,-1.0,-0.8702939222685674,-0.4925327287220543,1,1,0,0,0,0.3143173,NORMAL
2020-09-01,96855,Stasiun Geofisika Sleman,Kab. Sleman,DI Yogyakarta,22.7,31.4,26.5,81.0,0.0,7.6,3.0,2.0,8.7,0.0,0.0,0.0,1.0,1.2246467991473532e-16,-1.0,-0.8786374941610001,-0.4774894280028391,1,0,0,0,0,0.3183516,NORMAL
2020-09-02,96855,Stasiun Geofisika Sleman,Kab. Sleman,DI Yogyakarta,24.2,30.4,26.4,80.0,0.0,6.0,3.0,1.0,6.199999999999999,0.0,0.0,0.0,0.0,1.2246467991473532e-16,-1.0,-0.886721063082993,-0.4623048304798108,1,0,0,0,0,0.31333414,NORMAL
2020-09-03,96855,Stasiun Geofisika Sleman,Kab. Sleman,DI Yogyakarta,24.2,33.0,27.2,83.0,0.8,4.1,3.0,2.0,8.8,0.8000000000000569,0.8,0.8,0.0,1.2246467991473532e-16,-1.0,-0.8945422369764496,-0.4469834295196741,1,0,0,0,0,0.31436586,NORMAL
2020-09-04,96855,Stasiun Geofisika Sleman,Kab. Sleman,DI Yogyakarta,24.0,32.0,27.1,83.0,5.8,6.1,2.0,1.0,8.0,6.6000000000000565,6.6,5.0,-1.0,1.2246467991473532e-16,-1.0,-0.9020987014301836,-0.4315297589714714,1,0,0,0,0,0.30851611,NORMAL
2020-09-05,96855,Stasiun Geofisika Sleman,Kab. Sleman,DI Yogyakarta,22.4,30.4,25.7,84.0,4.35,5.6,2.0,1.0,8.0,10.950000000000056,10.95,-1.4500000000000002,0.0,-0.3420201433256686,-0.9396926207859084,-0.9093882203647924,-0.4159483918249421,1,1,0,0,0,0.30440682,NORMAL
2020-09-06,96855,Stasiun Geofisika Sleman,Kab. Sleman,DI Yogyakarta,22.0,31.4,26.0,81.0,2.9,6.4,2.0,1.0,9.4,13.050000000000056,13.85,-1.4499999999999995,0.0,-0.5000000000000001,-0.8660254037844386,-0.9164086366943458,-0.4002439388573056,1,1,0,0,0,0.29783604,NORMAL
2020-09-07,96855,Stasiun Geofisika Sleman,Kab. Sleman,DI Yogyakarta,23.4,32.3,26.7,81.0,1.4499999999999993,8.1,2.0,2.0,8.899999999999999,8.700000000000056,15.3,-1.4500000000000006,0.0,1.2246467991473532e-16,-1.0,-0.923157872964704,-0.3844210472688554,1,1,0,0,0,0.28710106,NORMAL
2020-09-08,96855,Stasiun Geofisika Sleman,Kab. Sleman,DI Yogyakarta,22.8,32.6,26.6,78.0,0.0,7.0,3.0,2.0,9.8,4.3500000000000565,15.3,-1.4499999999999993,1.0,-0.3420201433256686,-0.9396926207859084,-0.9296339319682696,-0.3684843993077793,1,0,0,0,0,0.2865024,NORMAL
2020-09-09,96855,Stasiun Geofisika Sleman,Kab. Sleman,DI Yogyakarta,22.6,33.2,26.5,80.0,0.0,8.0,2.0,1.0,10.6,1.450000000000056,15.3,0.0,-1.0,-1.0,-1.8369701987210294e-16,-0.935834897334994,-0.3524387108846032,1,0,0,0,0,0.28197765,NORMAL
2020-09-10,96855,Stasiun Geofisika Sleman,Kab. Sleman,DI Yogyakarta,22.5,33.0,26.7,78.0,0.0,9.0,3.0,2.0,10.5,0.0,14.499999999999998,0.0,1.0,-0.3420201433256686,-0.9396926207859084,-0.9417589340994617,-0.3362887301766828,1,0,0,0,0,0.28116703,NORMAL
2020-09-11,96855,Stasiun Geofisika Sleman,Kab. Sleman,DI Yogyakarta,22.2,31.6,26.1,79.0,0.0,6.4,3.0,2.0,9.400000000000002,0.0,8.7,0.0,0.0,1.2246467991473532e-16,-1.0,-0.9474042892438844,-0.3200392362231385,1,0,0,0,0,0.2731521,NORMAL
2020-09-12,96855,Stasiun Geofisika Sleman,Kab. Sleman,DI Yogyakarta,22.1,31.3,26.4,78.0,0.0,7.7,3.0,1.0,9.2,0.0,4.35,0.0,0.0,-0.3420201433256686,-0.9396926207859084,-0.9527692922168512,-0.3036950375106588,1,0,0,0,0,0.25942576,NORMAL
2020-09-13,96855,Stasiun Geofisika Sleman,Kab. Sleman,DI Yogyakarta,24.1,31.0,27.1,74.0,0.0,8.9,3.0,2.0,6.899999999999999,0.0,1.4499999999999993,0.0,0.0,-0.3420201433256686,-0.9396926207859084,-0.9578523554276668,-0.2872609705505963,1,0,0,0,0,0.26814765,NORMAL
2020-09-14,96855,Stasiun Geofisika Sleman,Kab. Sleman,DI Yogyakarta,22.7,34.0,25.9,80.0,0.0,8.0,2.0,1.0,11.3,0.0,0.0,0.0,-1.0,1.2246467991473532e-16,-1.0,-0.9626519747161488,-0.2707418984477642,1,0,0,0,0,0.2684438,NORMAL
2020-10-27,96855,Stasiun Geofisika Sleman,Kab. Sleman,DI Yogyakarta,23.0,31.2,24.7,92.0,17.1,1.3,2.0,1.0,8.2,45.90000000000006,66.9,-11.5,0.0,-0.9396926207859084,-0.3420201433256685,-0.8935790198239952,0.4489059314938798,1,1,0,0,0,0.46886653,NORMAL
2020-10-28,96855,Stasiun Geofisika Sleman,Kab. Sleman,DI Yogyakarta,23.0,31.2,26.4,87.0,5.6,0.3,3.0,1.0,8.2,51.30000000000005,55.7,-11.500000000000002,1.0,-0.3420201433256686,-0.9396926207859084,-0.8857249183835637,0.4642104791518923,1,0,0,0,0,0.49094376,NORMAL
2020-10-29,96855,Stasiun Geofisika Sleman,Kab. Sleman,DI Yogyakarta,23.4,32.4,28.0,82.0,2.8,6.8,2.0,2.0,9.0,25.500000000000057,58.5,-2.8,-1.0,1.2246467991473532e-16,-1.0,-0.8776087166898392,0.4793776594606945,1,1,0,0,0,0.49058834,NORMAL
2020-10-30,96855,Stasiun Geofisika Sleman,Kab. Sleman,DI Yogyakarta,23.2,33.8,28.1,80.0,0.0,10.2,4.0,2.0,10.599999999999998,8.400000000000055,57.8,-2.8,2.0,1.0,6.123233995736766e-17,-0.8692328164574792,0.4944029842076181,1,0,0,0,0,0.52647775,NORMAL
2020-10-31,96855,Stasiun Geofisika Sleman,Kab. Sleman,DI Yogyakarta,23.2,31.4,26.5,87.0,8.5,6.5,3.0,1.0,8.2,11.300000000000056,62.8,8.5,-1.0,1.2246467991473532e-16,-1.0,-0.8605996962501181,0.5092820071573356,1,0,0,0,0,0.53039914,NORMAL
2020-11-01,96855,Stasiun Geofisika Sleman,Kab. Sleman,DI Yogyakarta,23.2,31.8,26.5,86.0,20.0,4.5,2.0,1.0,8.600000000000001,28.500000000000057,82.6,11.5,-1.0,1.2246467991473532e-16,-1.0,-0.8517119107469189,0.5240103253675756,1,0,0,0,0,0.54504013,NORMAL
2020-11-02,96855,Stasiun Geofisika Sleman,Kab. Sleman,DI Yogyakarta,24.0,31.0,26.7,87.0,9.8,5.6,3.0,1.0,7.0,38.30000000000005,63.8,-10.2,1.0,1.2246467991473532e-16,-1.0,-0.8425720899866032,0.5385835804920232,1,0,0,0,0,0.5488441,NORMAL
2020-11-03,96855,Stasiun Geofisika Sleman,Kab. Sleman,DI Yogyakarta,23.6,32.5,26.2,87.0,0.0,1.5,4.0,2.0,8.899999999999999,29.800000000000058,46.7,-9.8,1.0,1.2246467991473532e-16,-1.0,-0.8331829385891785,0.5529974600700271,1,0,0,0,0,0.56554455,NORMAL
2020-11-04,96855,Stasiun Geofisika Sleman,Kab. Sleman,DI Yogyakarta,23.2,31.6,27.0,85.0,30.3,7.8,3.0,1.0,8.400000000000002,40.10000000000006,71.39999999999999,30.3,-1.0,1.2246467991473532e-16,-1.0,-0.8235472349556007,0.5672476988027229,1,0,0,0,0,0.66397625,NORMAL
2020-11-05,96855,Stasiun Geofisika Sleman,Kab. Sleman,DI Yogyakarta,24.8,32.0,26.9,86.0,19.65,3.6,3.0,1.0,7.199999999999999,49.95000000000006,88.25,-10.650000000000002,0.0,-0.3420201433256686,-0.9396926207859084,-0.8136678304455991,0.5813300798152042,1,1,0,0,0,0.6752472,NORMAL
2020-11-06,96855,Stasiun Geofisika Sleman,Kab. Sleman,DI Yogyakarta,23.0,32.2,27.4,83.0,9.0,6.0,2.0,1.0,9.200000000000005,58.95000000000006,97.25,-10.65,-1.0,-0.3420201433256686,-0.9396926207859084,-0.8035476485339116,0.5952404359043674,1,0,0,0,0,0.6848545,NORMAL
2020-11-07,96855,Stasiun Geofisika Sleman,Kab. Sleman,DI Yogyakarta,24.0,32.4,28.4,80.0,6.0,6.3,2.0,1.0,8.399999999999999,34.650000000000055,94.75,-3.0,0.0,1.2246467991473532e-16,-1.0,-0.7931896839451843,0.6089746507720486,1,1,0,0,0,0.6856971,NORMAL
2020-11-08,96855,Stasiun Geofisika Sleman,Kab. Sleman,DI Yogyakarta,24.2,32.0,28.3,78.0,3.0,11.3,2.0,1.0,7.800000000000001,18.000000000000057,77.75,-3.0,0.0,1.2246467991473532e-16,-1.0,-0.7825970017677834,0.6225286602431057,1,1,0,0,0,0.69107723,NORMAL
2020-11-09,96855,Stasiun Geofisika Sleman,Kab. Sleman,DI Yogyakarta,23.4,33.3,27.8,84.0,0.0,8.7,3.0,2.0,9.9,9.000000000000057,67.95,-3.0,1.0,-0.3420201433256686,-0.9396926207859084,-0.7717727365467837,0.6358984534680745,1,0,0,0,0,0.706464,NORMAL
2020-11-10,96855,Stasiun Geofisika Sleman,Kab. Sleman,DI Yogyakarta,25.0,32.3,28.2,79.0,0.0,7.7,3.0,2.0,7.299999999999997,3.000000000000057,67.95,0.0,0.0,0.3420201433256687,0.9396926207859084,-0.7607200913564104,0.6490800741100398,1,0,0,0,0,0.7032772,NORMAL
2020-11-11,96855,Stasiun Geofisika Sleman,Kab. Sleman,DI Yogyakarta,25.0,31.8,27.9,81.0,0.0,8.4,2.0,1.0,6.800000000000001,0.0,37.64999999999999,0.0,-1.0,-0.3420201433256686,-0.9396926207859084,-0.7494423368521953,0.6620696215153815,1,1,0,0,0,0.7086818,NORMAL
2020-11-12,96855,Stasiun Geofisika Sleman,Kab. Sleman,DI Yogyakarta,24.3,32.6,28.0,81.0,0.0,5.6,2.0,1.0,8.3,0.0,17.999999999999996,0.0,0.0,-0.3420201433256686,-0.9396926207859084,-0.7379428103031386,0.6748632518680403,1,1,0,0,0,0.70894545,NORMAL
2020-11-13,96855,Stasiun Geofisika Sleman,Kab. Sleman,DI Yogyakarta,24.7,34.2,28.9,79.0,0.0,6.2,3.0,1.0,9.500000000000004,0.0,8.999999999999996,0.0,1.0,-0.3420201433256686,-0.9396926207859084,-0.7262249146041543,0.6874571793269664,1,1,0,0,0,0.7221604,NORMAL
2020-11-14,96855,Stasiun Geofisika Sleman,Kab. Sleman,DI Yogyakarta,24.0,33.4,27.2,84.0,0.0,7.6,2.0,1.0,9.4,0.0,2.9999999999999964,0.0,-1.0,1.0,6.123233995736766e-17,-0.7142921172691032,0.699847677146407,1,0,0,0,0,0.73464835,NORMAL
2020-11-15,96855,Stasiun Geofisika Sleman,Kab. Sleman,DI Yogyakarta,22.7,31.6,25.6,90.0,8.2,6.7,2.0,1.0,8.900000000000002,8.200000000000056,8.199999999999996,8.2,0.0,0.3420201433256687,0.9396926207859084,-0.7021479494046978,0.7120310787787131,1,0,0,0,0,0.74504244,NORMAL
2020-11-16,96855,Stasiun Geofisika Sleman,Kab. Sleman,DI Yogyakarta,23.2,33.4,27.8,83.0,19.6,3.1,2.0,1.0,10.2,27.800000000000058,27.8,11.400000000000002,0.0,-0.984807753012208,-0.1736481776669303,-0.6897960046655887,0.7240037789593305,1,0,0,0,0,0.7592909,NORMAL
2020-11-17,96855,Stasiun Geofisika Sleman,Kab. Sleman,DI Yogyakarta,25.2,31.2,28.4,80.0,0.0,6.4,2.0,2.0,6.0,27.800000000000058,27.8,-19.6,0.0,-0.3420201433256686,-0.9396926207859084,-0.6772399381909491,0.7357622347736527,1,0,0,0,0,0.80547243,NORMAL
2020-11-18,96855,Stasiun Geofisika Sleman,Kab. Sleman,DI Yogyakarta,25.0,33.0,28.1,81.0,0.0,5.7,2.0,1.0,8.0,19.60000000000006,27.8,0.0,0.0,-0.8660254037844384,-0.5000000000000004,-0.6644834655228552,0.7473029667054297,1,0,0,0,0,0.8006453,NORMAL
2020-11-19,96855,Stasiun Geofisika Sleman,Kab. Sleman,DI Yogyakarta,25.0,33.4,27.4,82.0,22.6,8.1,2.0,1.0,8.399999999999999,22.60000000000006,50.4,22.6,0.0,-0.9396926207859084,0.342020143325669,-0.6515303615068021,0.75862255966641,1,1,0,0,0,0.7888772,NORMAL
2020-11-20,96855,Stasiun Geofisika Sleman,Kab. Sleman,DI Yogyakarta,23.0,31.0,26.7,86.0,45.2,7.7,2.0,1.0,8.0,67.80000000000007,95.6,22.6,0.0,-0.8660254037844384,-0.5000000000000004,-0.6383844591746642,0.769717664006921,1,0,0,0,0,0.8838593,NORMAL
2020-11-21,96855,Stasiun Geofisika Sleman,Kab. Sleman,DI Yogyakarta,23.2,33.4,27.0,89.0,0.0,1.8,2.0,1.0,10.2,67.80000000000007,95.6,-45.2,0.0,1.0,6.123233995736766e-17,-0.6250496486104377,0.7805849965070866,1,0,0,0,0,1.0619109,NORMAL
2020-11-22,96855,Stasiun Geofisika Sleman,Kab. Sleman,DI Yogyakarta,22.5,30.7,25.7,87.0,25.5,4.7,2.0,1.0,8.2,70.70000000000006,112.9,25.5,0.0,0.984807753012208,-0.1736481776669303,-0.6115298757991053,0.7912213413483807,1,0,0,0,0,1.136723,NORMAL
2020-11-23,96855,Stasiun Geofisika Sleman,Kab. Sleman,DI Yogyakarta,22.9,31.5,26.7,87.0,14.15,1.5,2.0,1.0,8.600000000000001,39.650000000000055,107.45,-11.35,0.0,-0.3420201433256686,-0.9396926207859084,-0.5978291414589552,0.801623551065242,1,1,0,0,0,1.1407121,NORMAL
2020-11-24,96855,Stasiun Geofisika Sleman,Kab. Sleman,DI Yogyakarta,23.3,31.2,26.3,86.0,2.8,2.7,3.0,2.0,7.899999999999999,42.45000000000006,110.25,-11.35,1.0,1.2246467991473532e-16,-1.0,-0.5839514998576998,0.8117885474764613,1,0,0,0,0,1.162635,NORMAL
2020-11-25,96855,Stasiun Geofisika Sleman,Kab. Sleman,DI Yogyakarta,24.0,27.0,24.4,93.0,0.3,4.0,2.0,0.0,3.0,17.250000000000057,110.55,-2.5,-1.0,-0.3420201433256686,-0.9396926207859084,-0.5699010576127624,0.821713322596059,1,0,0,0,0,1.0908259,NORMAL
2020-11-26,96855,Stasiun Geofisika Sleman,Kab. Sleman,DI Yogyakarta,22.8,31.0,27.0,79.0,12.1,0.0,2.0,1.0,8.2,15.200000000000056,100.05,11.8,0.0,1.2246467991473532e-16,-1.0,-0.5556819724760489,0.8313949395234058,1,0,0,0,0,1.080953,NORMAL
